date,US climate policy,International summits,Global warming,Natural disasters
2000-01-03,0.000842541,0.00042127,0.00042127,0.285263211
2000-01-05,0.000611,0.0003055,0.028858203,0.0003055
2000-01-07,0.020722844,0.000123606,0.000123606,0.000123606
2000-01-08,0.11989896,0.00055584,0.327528268,0.00055584
2000-01-09,0.000212492,0.000106246,0.132018924,0.024470793
2000-01-10,0.317073226,0.031488054,0.240515023,0.083919629
2000-01-11,0.000607203,0.000303602,0.000303602,0.281525761
2000-01-12,0.115170293,0.13041684,0.086450122,0.000279965
2000-01-13,0.053490791,0.072477922,0.084376507,0.000151062
2000-01-14,0.000388695,0.000194348,0.042861111,0.171707943
2000-01-16,0.275950193,9.91346E-05,9.91346E-05,9.91346E-05
2000-01-18,0.000432916,0.062484663,0.189714879,0.000216458
2000-01-19,0.16585508,0.063249983,0.805175722,0.000709991
2000-01-21,0.125480965,0.000161442,0.000161442,0.000161442
2000-01-23,0.000406437,0.213131458,0.000203218,0.000203218
2000-01-24,0.475494474,0.037171215,0.260999739,0.089439601
2000-01-25,0.317795634,9.40146E-05,9.40146E-05,0.009050825
2000-01-26,0.000503534,0.000251767,0.000251767,0.000251767
2000-01-28,1.024964571,0.185366094,0.271041036,0.076813206
2000-02-01,0.056932978,0.000268881,0.114054106,0.000268881
2000-02-02,0.358458936,9.72409E-05,9.72409E-05,9.72409E-05
2000-02-03,0.152652085,0.045948546,0.072642379,0.000452321
2000-02-07,0.246825397,0.000102175,0.000102175,0.025524728
2000-02-11,0.048085473,0.000261647,0.166667014,0.000261647
2000-02-14,0.184412822,0.000204224,0.000204224,0.000204224
2000-02-15,0.001209656,0.000604828,0.303398103,0.000604828
2000-02-16,0.000656497,0.000328249,0.000328249,0.000328249
2000-02-17,0.035878435,0.000168246,0.022212561,0.000168246
2000-02-18,0.119185686,0.020144954,0.309984475,0.00078499
2000-02-23,0.000843318,0.04024649,0.000421659,0.030436467
2000-02-25,0.457483053,0.056195945,0.129107058,0.000451453
2000-02-28,0.474533647,0.000441935,0.378040731,0.000441935
2000-02-29,0.264862567,0.275693595,0.319070399,0.000779914
2000-03-01,0.000589023,0.000294512,0.000294512,0.000294512
2000-03-03,0.369707614,0.000123584,0.087934278,0.000123584
2000-03-06,0.000753315,0.000376657,0.018847249,0.534574091
2000-03-07,0.000373997,0.000186999,0.250423759,0.000186999
2000-03-08,0.000988199,0.035432532,0.441520303,0.528499067
2000-03-09,0.110215187,0.362115204,1.796864986,0.001226217
2000-03-10,0.000695777,0.000347889,0.000347889,0.000347889
2000-03-14,0.004170685,0.024530042,0.756060004,0.67425406
2000-03-20,0.253249794,0.00033077,0.19099389,0.00033077
2000-03-21,0.001495262,0.13818787,0.162830815,0.000747631
2000-03-22,0.06982448,0.000296582,0.043220028,0.185995519
2000-03-23,0.054711457,0.000429059,0.186927795,0.023526601
2000-03-24,0.000432592,0.054870199,0.380274564,0.000216296
2000-03-28,0.001080624,0.000540312,0.120696627,0.457942307
2000-03-30,0.136940613,0.000152865,0.000152865,0.01449932
2000-03-31,0.273756951,0.001254319,0.357677609,0.001254319
2000-04-04,0.165697232,0.000214274,0.000214274,0.000214274
2000-04-05,0.001159877,0.000579938,0.586522579,0.000579938
2000-04-06,0.245246202,0.024576027,0.194887921,0.000293881
2000-04-07,0.00019112,0.024374114,0.194690332,9.556E-05
2000-04-08,0.125994071,0.272215337,0.247049063,0.053976454
2000-04-09,0.243523881,0.309801161,0.253365993,0.062118977
2000-04-10,0.027820641,0.000360026,0.167235374,0.000360026
2000-04-11,0.00049677,0.010787653,0.158025593,0.010893024
2000-04-12,0.001059451,0.000529725,0.520229876,0.050311923
2000-04-13,0.893983483,0.068467677,0.244297862,0.0404904
2000-04-18,0.068676278,0.114100069,0.027583873,0.160410583
2000-04-19,0.000314047,0.003726829,0.023817504,0.121002562
2000-04-20,0.000314047,0.003766128,0.023731215,0.120996453
2000-04-21,0.254540086,0.000160225,0.000160225,0.000160225
2000-04-22,0.662477314,0.358387828,0.08795505,0.000746521
2000-04-25,0.10081473,0.062170345,0.693033516,0.095195606
2000-04-26,0.175604135,0.332098633,0.221871123,0.021707878
2000-04-27,0.01824823,0.000276254,0.000276254,0.000276254
2000-04-28,0.000503388,0.000251694,0.071185477,0.000251694
2000-04-30,0.045144528,0.027982503,6.48933E-05,6.48933E-05
2000-05-02,0.000381404,0.019799434,0.000190702,0.000190702
2000-05-03,0.000526688,0.000263344,0.000263344,0.000263344
2000-05-04,0.030142261,0.053510733,0.164185122,0.000271204
2000-05-05,0.000658935,0.311379611,0.383296013,0.000329467
2000-05-08,0.091869615,0.000454967,0.000454967,0.000454967
2000-05-09,0.000419176,0.000209588,0.150078282,0.000209588
2000-05-10,0.000721368,0.000360684,0.287305027,0.000360684
2000-05-11,0.240812078,0.207069233,1.204608679,0.142002344
2000-05-12,0.068037435,0.000507736,0.000507736,0.047235396
2000-05-16,0.000563959,0.00028198,0.153793469,0.00028198
2000-05-17,0.230060115,0.067736775,0.265153378,0.000120991
2000-05-19,0.10326378,0.034377765,0.000333523,0.000333523
2000-05-23,0.215837568,0.000362809,0.299919814,0.432994723
2000-05-24,0.24081859,0.060058758,0.24187161,0.1448652
2000-05-25,0.026813727,0.000167638,0.008341707,0.087755993
2000-05-28,0.068753213,0.000208524,0.272006363,0.000208524
2000-05-29,0.000831302,0.000415651,0.000415651,0.000415651
2000-06-06,0.001377702,0.224057704,0.2141058,0.000688851
2000-06-08,0.00076235,0.054590933,0.146721423,0.000381175
2000-06-09,0.009986683,0.033823311,0.134502977,0.000103185
2000-06-12,0.264560401,0.061639063,0.116447218,0.000793043
2000-06-13,0.000801157,0.000400579,0.09050402,0.000400579
2000-06-14,0.001587696,0.000793848,0.000793848,0.533251286
2000-06-15,0.279656619,0.377052486,0.129511237,0.026681945
2000-06-16,0.001525917,0.175534934,1.137590408,0.000762958
2000-06-19,0.004419639,0.000233451,0.009652841,0.150957704
2000-06-20,0.001422243,0.471877515,0.057190835,0.000711121
2000-06-21,0.098838344,0.154148519,0.288992018,0.015130915
2000-06-22,0.058835611,0.311874539,0.313163429,0.026651779
2000-06-23,0.000702662,0.000351331,0.000351331,0.05017348
2000-06-26,0.304663032,0.000162685,0.000162685,0.000162685
2000-06-27,1.078775167,0.000681552,0.303302586,0.000681552
2000-06-30,0.383584172,0.000150524,0.000150524,0.000150524
2000-07-03,0.069176272,0.01723627,0.000129972,0.000129972
2000-07-13,0.000209547,0.047141619,0.000104774,0.061629139
2000-07-14,0.000656276,0.000328138,0.244254127,0.020217441
2000-07-17,0.000209547,0.04701528,0.000104774,0.061617162
2000-07-18,0.059418071,0.047955111,0.11187768,0.166398972
2000-07-19,0.048107922,0.000465733,0.34593156,0.000465733
2000-07-21,0.084823497,0.501664281,0.563745141,0.007448832
2000-07-25,0.012754487,0.000559793,0.000559793,0.036685761
2000-07-26,0.29871127,0.000355762,0.000355762,0.634569347
2000-07-27,0.000516529,0.000258265,0.044037648,0.000258265
2000-07-30,0.000318978,0.000159489,0.000159489,0.075975262
2000-08-02,0.148490414,0.20683451,0.535087764,0.000515456
2000-08-07,0.118539654,0.000777937,0.066463843,0.000777937
2000-08-08,0.055683598,0.000175669,0.000175669,0.000175669
2000-08-10,0.200477585,0.000701863,0.245271102,0.000701863
2000-08-12,0.325485826,0.014551387,0.000157007,0.000157007
2000-08-14,0.009552184,0.054017607,0.434207946,0.028252102
2000-08-15,0.03497199,0.111079581,0.249627799,0.000363864
2000-08-16,0.001271537,0.000635768,0.177562863,0.000635768
2000-08-17,0.000720955,0.418427765,0.123668566,0.000360478
2000-08-18,0.505535901,0.000525673,0.095277093,0.000525673
2000-08-20,0.241581395,0.026308341,0.000220027,0.000220027
2000-08-21,0.007777505,6.13263E-05,6.13263E-05,0.03948288
2000-08-22,0.145949095,0.000390204,0.094506606,0.062027507
2000-08-30,0.001111179,0.226178095,0.248333693,0.00055559
2000-08-31,0.702765048,0.012577604,0.231249005,0.207421303
2000-09-02,0.00028406,0.00014203,0.00014203,0.240498185
2000-09-03,0.849558353,0.053698018,0.000152488,0.000152488
2000-09-04,0.145706579,0.000143043,0.000143043,0.04453139
2000-09-05,0.076419026,0.615832865,0.561650097,0.587101221
2000-09-07,0.000717881,0.000358941,0.000358941,0.079632983
2000-09-08,0.001066093,0.000533046,0.167918906,0.154299632
2000-09-09,0.137088597,0.000400385,0.000400385,0.050308045
2000-09-11,0.001551301,0.912530601,0.367103398,0.000775651
2000-09-12,0.049400061,0.00042726,0.0599338,0.00042726
2000-09-13,0.194379911,0.402730316,0.602514446,0.001049531
2000-09-14,0.032167722,0.301843226,0.244282499,0.023644503
2000-09-15,0.016152067,0.383741021,0.154426098,0.06292662
2000-09-16,0.00042845,0.335430831,0.240675628,0.000214225
2000-09-18,0.140541688,0.000621105,0.004237783,0.019640438
2000-09-19,0.026659885,0.223103791,0.411874324,0.062371608
2000-09-20,0.542188585,0.122380681,0.201224357,0.010451972
2000-09-21,1.156747103,0.001152113,0.216507077,0.10710007
2000-09-22,0.000394511,0.030231543,0.083592027,0.030686028
2000-09-25,0.01769343,0.000170316,0.007285209,0.000170316
2000-09-28,0.180307284,0.356049061,0.34481591,0.547498345
2000-09-29,0.000801259,0.000400629,0.074594676,0.424178183
2000-09-30,0.037918918,0.056491598,0.000183604,0.075170361
2000-10-02,0.163554028,0.000634497,0.000634497,0.000634497
2000-10-03,0.000801089,0.000400544,0.000400544,0.000400544
2000-10-05,0.928979158,0.001552548,0.219071209,0.16868186
2000-10-06,0.02339755,0.0004295,0.258352458,0.0004295
2000-10-08,0.15772453,9.26934E-05,9.26934E-05,0.031609189
2000-10-09,0.253941685,0.762185097,0.607753456,0.032434914
2000-10-11,0.000792797,0.070206523,0.054010652,0.194319144
2000-10-12,0.070422731,0.000880976,0.232957333,0.000265726
2000-10-13,0.000935231,0.000467615,0.000467615,0.000467615
2000-10-16,0.354898006,0.263269514,0.000557036,0.000557036
2000-10-17,0.348581493,0.190634385,0.922100902,0.001095024
2000-10-18,0.384192616,0.067290857,0.932318687,0.000813017
2000-10-20,0.03036573,0.269701272,0.264887363,0.000473803
2000-10-23,0.205615893,0.000193459,0.205747202,0.000193459
2000-10-24,0.325140208,0.000496176,0.197937995,0.047345228
2000-10-25,0.001040366,0.098678268,0.284262389,0.055843525
2000-10-26,1.634052157,0.116871938,0.248003304,0.059445534
2000-10-27,0.804911613,0.172862843,0.077602081,0.000830311
2000-10-28,0.000533717,0.09369006,0.000266859,0.000266859
2000-10-30,0.000684301,0.055239014,0.119562328,0.184886396
2000-10-31,0.068556912,0.00059365,0.578676045,1.062643766
2000-11-01,0.004914872,0.070476331,0.148108795,0.159874886
2000-11-02,0.423595697,0.143468872,0.501464307,0.740008652
2000-11-04,0.360098571,0.024485411,7.48409E-05,7.48409E-05
2000-11-05,0.375425339,0.03257234,0.000510637,1.329717278
2000-11-06,0.016947212,0.383132428,0.206784755,0.620738864
2000-11-07,0.988792717,0.380610287,0.226685777,0.789021492
2000-11-08,0.418931156,0.471593559,0.763807178,0.010834467
2000-11-09,0.840563834,2.003151178,1.819999933,0.148941904
2000-11-10,0.686024189,1.03832829,0.89182651,0.19242397
2000-11-11,0.498331517,0.597066045,0.300660044,0.047527794
2000-11-12,0.513547301,0.645639062,0.339783996,0.007605329
2000-11-13,0.593809724,1.957480073,1.355629683,0.714770913
2000-11-14,0.882567942,1.074121594,0.678801358,0.112567514
2000-11-15,0.255344391,0.426574409,0.683528304,1.390397549
2000-11-16,0.360231787,0.72446239,0.94419986,0.105000898
2000-11-17,0.297162056,1.923889637,2.057523251,0.156687245
2000-11-18,0.626595855,0.609194994,0.353351295,0.204057962
2000-11-19,0.846279621,2.000430107,1.077702641,0.122317739
2000-11-20,0.663565338,2.397666454,2.235340834,0.036469139
2000-11-21,0.901729047,2.534305334,1.99191618,0.220800817
2000-11-22,0.7125898,1.3277421,1.375884175,0.150142297
2000-11-23,0.941573858,2.767936707,1.423774719,0.211107433
2000-11-24,0.837748528,2.849096775,1.121337295,0.890400231
2000-11-25,1.062259316,3.303845406,1.091789126,0.496749043
2000-11-26,1.04928565,2.272184134,1.558166385,0.405351728
2000-11-27,0.739006162,1.061244965,1.063211441,0.845860898
2000-11-28,0.332307518,1.374381423,0.733498573,0.200373903
2000-11-29,0.000291148,0.128343165,0.000145574,0.633175492
2000-11-30,0.000671946,0.015698152,0.244187891,0.000335973
2000-12-01,0.202460542,0.568708479,0.874255657,0.000933406
2000-12-02,0.447448134,0.000248802,0.000248802,0.000248802
2000-12-03,0.000541046,0.091604143,0.227744251,0.000270523
2000-12-04,0.349811763,0.086151585,0.228605792,0.167033076
2000-12-05,0.000417062,0.103486016,0.113480158,0.000208531
2000-12-06,0.339870811,0.330803663,0.339850366,0.000970405
2000-12-07,0.225904316,0.382577777,0.847662449,0.059271321
2000-12-08,0.852098465,0.949564397,1.017670751,0.140134141
2000-12-09,0.022883184,0.525407434,0.000405726,0.000405726
2000-12-10,0.039323747,0.430080056,0.124737144,0.000685563
2000-12-11,0.346631825,0.081654944,0.000344237,0.000344237
2000-12-12,0.000702471,0.000351236,0.019800244,0.000351236
2000-12-13,0.00278419,0.001392095,0.143717885,0.041550931
2000-12-14,0.102659144,0.000771829,0.034479856,0.000771829
2000-12-15,0.000226286,0.000113143,0.06039618,0.012575183
2000-12-16,0.000454786,0.000227393,0.000227393,0.000227393
2000-12-18,0.616878033,0.446368396,0.435809344,0.033845164
2000-12-19,0.752900481,0.311661273,0.182427093,0.586161256
2000-12-21,0.098921314,0.000230188,0.114851974,0.063261367
2000-12-28,0.099756889,0.000331847,0.008151049,0.216222614
2001-01-04,0.030872826,0.000113124,0.000113124,0.316388011
2001-01-05,0.000234307,0.000117154,0.000117154,0.000117154
2001-01-08,0.057604056,0.008486341,0.000551289,0.019694412
2001-01-09,0.00024351,0.000121755,0.000121755,0.000121755
2001-01-10,0.001027355,0.000513678,0.000513678,0.546100378
2001-01-11,0.028887298,0.141147912,0.21424441,0.000609932
2001-01-14,0.000229461,0.00011473,0.055269819,0.00011473
2001-01-15,0.001196845,0.000598422,0.274997264,0.114109308
2001-01-16,0.055167552,0.000270644,0.035893846,0.031086097
2001-01-18,0.000529808,0.000264904,0.029872751,0.122917272
2001-01-22,0.222057968,0.341435939,0.629286587,0.1950863
2001-01-23,0.387681842,0.413509578,0.75927645,0.201530844
2001-01-24,0.146270156,0.818621874,0.367497027,0.031596724
2001-01-25,0.000633457,0.000316728,0.000316728,0.255764186
2001-01-26,0.179603428,0.413526773,0.075267024,0.000338482
2001-01-29,0.063614123,0.330208629,0.465225577,0.072262719
2001-01-30,0.001618386,0.023462433,0.184958458,0.064440154
2001-01-31,0.202946693,0.000110288,0.000110288,0.040374838
2001-02-01,0.000721602,0.037881009,0.224083215,0.000360801
2001-02-02,0.000524066,0.000262033,0.095770136,0.000262033
2001-02-03,0.000432795,0.175820664,0.144105241,0.000216398
2001-02-05,0.000279968,0.000139984,0.000139984,0.000139984
2001-02-07,0.000960498,0.000480249,0.365174145,0.000480249
2001-02-08,0.340396732,0.27004829,0.152183607,0.000709628
2001-02-09,0.133799314,0.000217771,0.000217771,0.000217771
2001-02-13,0.028992144,0.348791957,0.209359348,0.050019164
2001-02-15,0.00032426,0.062404778,0.119322211,0.00016213
2001-02-18,0.036419902,0.082187966,0.011036436,0.000219343
2001-02-19,0.173630401,1.035258889,0.880539358,0.283901453
2001-02-20,0.000513277,0.000256638,0.081363477,0.000256638
2001-02-21,0.000431166,0.009554667,0.000215583,0.000215583
2001-02-22,0.225297436,0.32525295,0.214425176,0.065188572
2001-02-24,0.317191243,0.000288938,0.092635676,0.241979718
2001-02-26,0.001259804,0.000629902,0.021915831,0.74819088
2001-02-27,0.264139473,0.00017111,0.025148347,0.00017111
2001-02-28,0.023170073,0.724055171,0.535435081,0.000481348
2001-03-01,0.192088783,0.509726405,0.607213259,0.000834885
2001-03-02,0.34204939,1.238391042,0.5384202,0.000625952
2001-03-03,0.196548134,1.001979709,0.597282887,0.245484278
2001-03-04,0.290297449,1.017166615,0.498254031,0.106064729
2001-03-05,0.237383023,0.000340251,0.126169562,0.000340251
2001-03-06,0.721469045,0.070452072,0.539663434,0.078344688
2001-03-07,0.17999734,0.10020975,0.048523258,0.000805007
2001-03-11,0.00026964,0.012627941,0.010385249,0.107965447
2001-03-12,0.021956647,0.118843131,0.486827791,0.000430394
2001-03-13,0.032605074,0.000325441,0.030811168,0.251066208
2001-03-14,0.685742617,1.344326973,2.189144611,0.068689115
2001-03-15,0.001554826,0.000777413,0.000777413,1.282854676
2001-03-16,0.09246733,0.000181968,0.060765937,0.077570796
2001-03-18,0.198102444,0.000440039,0.338780969,0.000440039
2001-03-19,0.231698737,0.162196115,1.017328501,0.125063345
2001-03-20,0.500410914,0.154930651,0.580214798,0.313457936
2001-03-22,0.304876238,0.411509216,0.511716247,0.000384354
2001-03-23,0.51042825,0.232515275,0.528392971,0.390293866
2001-03-26,0.001389974,0.081072941,0.462905914,0.000694987
2001-03-27,0.72766757,0.227203891,0.603497446,0.062881656
2001-03-28,1.767998219,1.79261148,2.166094065,0.002797084
2001-03-29,1.624046206,4.206791878,4.193749428,0.356760383
2001-03-30,0.553090513,3.223019838,1.594140768,0.28401202
2001-03-31,0.701900244,0.738889635,0.998560071,0.20504874
2001-04-01,0.069457389,0.438248366,0.441220522,0.112309501
2001-04-02,0.883855224,1.025497913,1.331576228,0.098414414
2001-04-03,1.208853126,1.915759921,2.427551746,0.094887264
2001-04-04,0.797520399,2.066661119,1.594315886,0.531123996
2001-04-05,0.993006289,1.794596791,1.947662473,0.074141331
2001-04-06,0.75238651,0.466903776,0.461237162,0.052003838
2001-04-07,0.661250234,1.109714508,0.49475956,0.452030271
2001-04-08,0.374095559,0.426938117,0.123945653,0.11184071
2001-04-09,0.996596098,1.551277041,1.573828697,0.092352457
2001-04-10,0.14903143,1.013930917,1.328803182,0.383992404
2001-04-11,0.151315972,0.538678586,0.304718524,0.085502148
2001-04-12,0.233800754,0.61330235,0.355853379,0.000647063
2001-04-13,0.139143571,0.064786926,0.086360775,0.066723324
2001-04-14,0.163416386,0.088474616,0.000204313,0.000204313
2001-04-17,1.083444357,0.950321257,0.668578744,0.174649745
2001-04-18,0.20116125,0.578489602,0.412892759,0.000558929
2001-04-19,0.281373501,1.172750711,0.333438575,0.181819439
2001-04-20,0.648088872,0.835685194,0.645357668,0.000652077
2001-04-21,0.136760965,0.345047772,0.176075727,0.000387678
2001-04-22,0.653966665,0.081869282,0.027133731,0.000325522
2001-04-23,0.392029941,0.00014297,0.00014297,0.00014297
2001-04-24,0.274216205,0.273012549,0.500635803,0.001152413
2001-04-26,0.410095513,0.13466154,0.070214145,0.04199864
2001-04-27,0.072705671,0.065278642,0.000328073,0.000328073
2001-04-29,0.391708463,0.012752379,0.049494933,0.033342492
2001-04-30,0.371196628,0.028208664,0.033230744,0.070350468
2001-05-01,0.054277308,7.87706E-05,0.040013414,0.018425915
2001-05-02,0.605819225,0.20107536,0.028994381,0.148564115
2001-05-03,0.276568949,0.156548828,0.282478809,0.000300037
2001-05-07,0.098575614,0.000431113,0.000431113,0.352021515
2001-05-08,0.097423941,0.32570678,0.618868172,0.000701089
2001-05-09,0.002050951,0.754708648,0.882428408,0.001025476
2001-05-10,0.274556637,0.065714456,9.67501E-05,9.67501E-05
2001-05-11,0.146033883,0.345959008,0.220509887,0.00056416
2001-05-14,0.047450136,0.018123105,0.045571499,0.201644123
2001-05-15,0.236229137,0.000838518,0.126980007,0.247035921
2001-05-16,0.377275586,0.648910046,0.987995744,0.027168395
2001-05-17,2.14653492,1.152009606,1.214839339,0.279835254
2001-05-18,0.458788991,0.698601246,1.567094088,0.297325104
2001-05-20,0.272859752,0.753401101,0.143850476,0.017560985
2001-05-21,0.19891277,0.849268496,0.159710944,0.051504444
2001-05-22,0.376641035,0.902534664,1.831921458,0.054257583
2001-05-23,0.257882059,0.526249468,1.02984488,0.044173889
2001-05-25,0.001363477,0.173247144,0.208380342,0.000681738
2001-05-27,0.000315158,0.000157579,0.022656159,0.000157579
2001-05-29,0.095829204,0.042366069,0.378634155,0.000569756
2001-05-30,0.751920283,0.708475411,0.926370382,0.069725864
2001-05-31,0.163217381,0.502362609,0.293727458,0.000684715
2001-06-01,0.081399828,0.085846595,0.251430482,0.000612197
2001-06-03,0.000260936,0.000130468,0.000130468,0.237357691
2001-06-04,0.752932429,0.166036233,0.121716678,0.305969566
2001-06-05,0.214811698,0.00030262,0.00030262,0.095263094
2001-06-06,0.403799683,0.411769122,1.043195724,0.001678984
2001-06-07,0.426825762,0.336250603,1.086251497,0.01732385
2001-06-08,0.745118499,0.890300333,1.421894193,0.019673388
2001-06-09,0.926169515,0.017486431,0.00070195,0.061405011
2001-06-10,0.35569644,0.370755196,0.323500901,0.062909119
2001-06-11,0.60173732,1.821145296,1.695703387,0.083360665
2001-06-12,0.791901827,0.969376147,0.894039154,0.037739724
2001-06-13,0.58824563,1.49073267,1.22774446,0.04332234
2001-06-14,0.144624248,1.057427049,0.305396169,0.123291746
2001-06-15,0.327398986,0.781326175,0.841961086,0.086256087
2001-06-16,0.000916936,0.581376672,0.000458468,0.000458468
2001-06-17,0.175547421,0.304277658,0.000475429,0.017379884
2001-06-18,0.260634512,0.047097284,0.787946343,0.001998717
2001-06-19,0.131512403,0.097716302,0.255719304,0.176568955
2001-06-20,0.120777294,0.445665002,0.031155324,0.000315999
2001-06-21,0.147011742,0.725202322,0.202073604,0.000757211
2001-06-22,0.665460944,0.654576957,0.926286459,0.194131583
2001-06-25,0.146228343,0.00076709,0.144383714,0.00076709
2001-06-26,0.017390704,0.487969995,0.242913902,0.000504476
2001-06-27,0.674663961,0.874323845,1.229870677,0.041536368
2001-06-28,0.218710542,0.08064004,0.868539095,0.281420588
2001-06-29,0.0028594,0.569982469,1.166046739,0.0014297
2001-06-30,0.059664041,0.183472633,0.073863886,0.000432896
2001-07-01,0.025142362,0.509285271,0.286369205,0.000728589
2001-07-02,0.028713791,0.474069297,0.381756276,0.022940939
2001-07-03,0.19229959,1.020208836,1.052819729,0.016383061
2001-07-04,0.080517516,1.006682634,1.170898676,0.002355933
2001-07-05,0.523390293,2.059735537,1.213525772,0.257453382
2001-07-06,0.158194244,1.621475458,0.753467321,0.66091615
2001-07-08,0.022452444,0.721644282,0.713915825,0.01934889
2001-07-09,0.948261917,1.530108929,0.706570506,0.058801804
2001-07-10,1.314272404,3.324364185,1.93128252,0.002152179
2001-07-11,1.241867661,1.814701557,1.610566616,0.492002398
2001-07-12,0.3263475,3.295910835,2.152728796,0.260477573
2001-07-13,0.570995927,3.392819881,2.10310173,0.840051293
2001-07-14,0.083385065,0.672833145,0.302635431,0.119856276
2001-07-15,0.219007373,1.322781086,0.635358155,0.092028387
2001-07-16,0.775469601,2.990243912,1.115060806,0.308056325
2001-07-17,1.341932416,4.024679184,2.26193285,0.513400316
2001-07-18,1.28325963,3.057411909,1.459946513,0.176508591
2001-07-19,0.92992568,2.834197521,0.990751088,0.443563938
2001-07-20,0.774100125,3.745348692,1.204170585,0.810457647
2001-07-21,0.137536108,3.736075401,1.378214955,0.19459112
2001-07-22,0.742007434,4.610136986,1.303656101,0.431161553
2001-07-23,1.257494926,6.739573956,2.495492935,0.589284241
2001-07-24,0.793241382,2.679643154,1.534089565,0.398831785
2001-07-25,0.323406339,1.756420612,0.659819484,0.423665583
2001-07-26,0.349139124,0.498935521,0.61080718,0.001329267
2001-07-27,0.182262853,0.678976297,0.818902016,0.095528498
2001-07-28,0.065087497,0.081820711,0.000175698,0.152516156
2001-07-29,0.000445076,0.014867377,0.000222538,0.000222538
2001-07-30,0.283607334,0.021393083,0.166837424,0.000910099
2001-08-01,0.335615635,0.699309886,0.480049729,0.000509133
2001-08-02,0.270249426,0.045267217,0.123442098,0.071319453
2001-08-03,0.740729392,0.811541021,0.62269032,0.124095
2001-08-05,0.030824203,0.011093707,0.069053337,0.053884592
2001-08-06,0.000642237,0.150565043,0.062149383,0.431447625
2001-08-08,0.483131021,0.000100338,0.139546931,0.000100338
2001-08-09,0.347405732,0.502800822,0.469936103,0.056073818
2001-08-10,0.2493141,0.043202192,0.000113738,0.000113738
2001-08-12,0.000225647,0.03059284,0.000112824,0.182209954
2001-08-14,0.020374063,0.014633223,0.318974584,0.000270457
2001-08-15,0.000667586,0.000333793,0.000333793,0.011342823
2001-08-16,0.416997224,0.351671606,0.008393785,0.033897534
2001-08-17,0.092303708,0.67155242,0.563465416,0.025473587
2001-08-18,0.000337902,0.103323586,0.034565046,0.000168951
2001-08-19,0.00019388,9.69399E-05,9.69399E-05,0.018737625
2001-08-20,0.034153733,0.200323731,0.000624608,0.000624608
2001-08-22,0.079273686,0.000242607,0.000242607,0.000242607
2001-08-23,0.077807352,0.000140442,0.064446963,0.000140442
2001-08-24,0.077787213,0.000140442,0.064280339,0.000140442
2001-08-27,0.63749212,0.000165416,0.068780646,0.000165416
2001-08-28,0.522433579,0.132986203,0.816108227,0.767028868
2001-08-29,0.000293232,0.056717198,0.155969843,0.000146616
2001-08-30,0.441326588,0.24829334,0.168766528,0.157668263
2001-08-31,0.000630407,0.33114022,0.271780193,0.000315203
2001-09-02,0.051136129,0.000132659,0.000132659,0.000132659
2001-09-03,0.000919478,0.047127903,0.047378622,0.000459739
2001-09-05,0.056752864,0.052211184,0.209086895,0.054478653
2001-09-06,0.001084891,0.000542445,0.136615872,0.08150471
2001-09-07,0.00100845,0.391148508,0.26552996,0.000504225
2001-09-10,0.094826877,0.000181562,0.000181562,0.000181562
2001-09-11,0.062768273,0.00055241,0.102635041,0.00055241
2001-09-13,0.203045145,0.265078068,0.393250495,0.008386122
2001-09-14,0.031975854,7.65617E-05,7.65617E-05,7.65617E-05
2001-09-15,0.000777327,0.000388664,0.000388664,0.230301902
2001-09-17,0.097592562,0.000649575,0.282021523,0.000649575
2001-09-18,0.712500215,0.000335619,0.185450733,0.025701517
2001-09-20,0.000661388,0.000330694,0.114855319,0.000330694
2001-09-21,0.000580804,0.000290402,0.266273052,0.000290402
2001-09-24,0.029163841,0.333486199,0.015195145,0.000475899
2001-09-25,0.04737125,0.0979762,0.081382796,0.770325184
2001-09-26,0.120145135,0.147286803,0.000475976,0.000475976
2001-09-27,0.049257841,0.018809017,0.03313107,0.013246756
2001-10-01,0.079656139,0.136254415,0.419577986,0.000699094
2001-10-02,0.081535384,0.000603398,0.000603398,0.287606418
2001-10-03,0.083881393,0.056609899,0.000113759,0.000113759
2001-10-04,0.872309029,0.000841949,0.419615865,0.185399875
2001-10-05,0.08939252,0.000885813,0.245892555,0.019657616
2001-10-07,0.000762745,0.000381373,0.000381373,0.620375156
2001-10-09,0.472598404,0.286127836,0.371989667,0.000531476
2001-10-10,0.053991087,0.185068935,0.078254335,0.000205333
2001-10-11,0.193660945,0.000363488,0.157909378,0.000363488
2001-10-12,0.252977401,0.428047687,0.111803941,0.000503411
2001-10-15,0.001314795,0.384498954,0.045086689,0.000657398
2001-10-16,0.555294991,0.575133145,0.733467698,0.001176723
2001-10-17,0.035253786,0.141614705,0.265444785,0.000518805
2001-10-18,0.26422897,0.000176486,0.342675418,0.062813446
2001-10-20,0.010534364,0.000155168,0.052387409,0.02735408
2001-10-22,0.001315382,0.528662145,0.310775548,0.000657691
2001-10-23,0.09935195,0.868325889,0.356014371,0.001048613
2001-10-24,0.000286912,0.000143456,0.210902065,0.000143456
2001-10-25,0.223274693,0.092747584,0.317450464,0.037025701
2001-10-26,0.000981558,0.91157192,0.294594347,0.026614228
2001-10-28,0.000909661,1.291723371,0.93946141,0.022779126
2001-10-29,0.066581219,1.400283813,0.345475048,0.05860322
2001-10-30,0.220765337,0.787065446,0.609614611,0.054074671
2001-10-31,0.000696338,0.000348169,0.000348169,0.000348169
2001-11-01,0.00141976,0.588740349,0.450072289,0.00070988
2001-11-02,0.431400925,0.628527045,0.630089641,0.070650883
2001-11-03,0.013459007,0.627525687,0.077660561,0.000313818
2001-11-04,0.015314496,0.568675041,0.144905999,0.128094494
2001-11-05,0.007348835,0.513558865,0.234414339,0.000454606
2001-11-06,0.12373919,1.377504706,0.426464409,0.102664173
2001-11-07,0.034920268,0.856790602,0.794746935,0.03422489
2001-11-08,0.055423241,1.562160373,0.357041121,0.153016731
2001-11-09,0.251303256,0.591330171,0.758385539,0.26338169
2001-11-10,0.283275336,2.70981431,1.091664076,0.172852665
2001-11-11,0.043260977,0.091548726,0.00016975,0.034719627
2001-11-12,0.152323991,0.784336686,0.254011661,0.000706596
2001-11-13,0.021810034,0.000374977,0.097654223,0.000374977
2001-11-15,0.079224318,0.000681551,0.134621829,0.526075006
2001-11-17,0.000244982,0.000122491,0.000122491,0.022346143
2001-11-19,0.070587471,0.000564226,0.141514108,0.000564226
2001-11-20,0.130157471,0.000948639,0.610536754,0.067495659
2001-11-21,0.054561988,0.014698773,0.760267913,0.001200228
2001-11-22,0.000444841,0.000222421,0.035705823,0.000222421
2001-11-23,0.094093286,0.017654588,0.140088603,0.031854097
2001-11-26,0.088319182,0.000280677,0.000280677,0.000280677
2001-11-27,0.210986823,0.000327018,0.717364907,0.000327018
2001-11-28,0.00050975,0.000254875,0.129308954,0.000254875
2001-11-29,0.053186249,0.151042983,0.016536513,0.000266889
2001-12-02,0.005927242,9.82054E-05,0.013118371,9.82054E-05
2001-12-03,0.052964605,0.000281846,0.000281846,0.000281846
2001-12-04,0.094166212,0.000396404,0.170120925,0.000396404
2001-12-06,0.001156335,0.000578167,0.315437376,0.194579363
2001-12-07,0.109287448,0.470329463,0.000538521,0.000538521
2001-12-10,0.03612214,0.001470176,0.18815057,0.16248326
2001-12-11,0.273562163,0.080468878,0.340645254,0.026130071
2001-12-12,0.076906651,0.082170822,0.68293786,0.044170331
2001-12-13,0.062659554,0.000952389,0.318605185,0.000952389
2001-12-18,0.000488439,0.058304667,0.087085396,0.071868956
2001-12-19,0.001429475,0.000714738,0.000714738,0.042093605
2001-12-20,0.000782514,0.170838371,0.484107941,0.000391257
2001-12-24,0.072973281,0.00022877,0.00022877,0.1443519
2001-12-28,0.018927326,0.054315362,0.042520765,0.603165984
2002-01-04,0.001145957,0.000572979,0.222662166,0.000572979
2002-01-08,0.000755027,0.170769379,0.115346111,0.097586766
2002-01-10,0.000416981,0.00020849,0.00020849,0.124058478
2002-01-11,0.000523359,0.000261679,0.000261679,0.000261679
2002-01-15,0.462794811,0.000389672,0.000389672,0.000389672
2002-01-16,0.000615811,0.000307905,0.016069354,0.014474577
2002-01-17,0.09704221,0.24530533,0.209522128,0.01121456
2002-01-18,0.033440009,0.21146968,0.513040841,0.000599798
2002-01-21,0.00053724,0.00026862,0.096241415,0.00026862
2002-01-23,0.001658878,0.000829439,0.082896598,0.000829439
2002-01-24,0.000635872,0.000317936,0.22917372,0.000317936
2002-01-27,0.082366236,0.000310425,0.000310425,0.020349815
2002-01-28,0.107870258,0.000145047,0.000145047,0.487987936
2002-01-30,0.285697162,0.000352851,0.043040931,0.115458958
2002-01-31,0.001543335,0.000771668,0.608578801,0.210060582
2002-02-01,0.582472682,0.014260802,0.000270242,0.033812832
2002-02-02,0.000410992,0.089770548,0.116695687,0.060361668
2002-02-04,0.03042371,0.000647043,0.459309965,0.000647043
2002-02-06,0.113283969,0.573508084,0.974250317,0.000871876
2002-02-07,0.000593154,0.000296577,0.062268212,0.0136437
2002-02-08,0.000533729,0.000266864,0.000266864,0.000266864
2002-02-09,0.111996293,0.027867306,0.0004997,0.0004997
2002-02-11,0.000212522,0.000106261,0.000106261,0.000106261
2002-02-12,0.020079659,0.000865153,0.059063565,0.05802929
2002-02-13,0.408219874,0.055489365,0.848035514,0.001067229
2002-02-14,1.12187624,0.914888442,4.515034199,0.125726089
2002-02-15,0.731914699,1.659657359,2.77177906,0.083195798
2002-02-17,0.234076351,0.077306651,0.144197971,0.053853069
2002-02-18,0.592451155,0.240254253,0.776344121,0.045275357
2002-02-19,0.000698433,0.296368122,0.586143017,0.008985421
2002-02-20,0.474321425,0.142822191,0.936482131,0.024359817
2002-02-22,0.309477627,0.123963065,0.000615724,0.000615724
2002-02-25,0.000261764,0.065080255,0.000130882,0.08855278
2002-02-26,0.00090998,0.00045499,0.265148908,0.025824862
2002-02-28,0.154782087,0.223528981,0.540067077,0.024747748
2002-03-01,0.005444654,0.343136936,0.398854613,0.055747423
2002-03-03,0.683087647,0.788920105,0.286524892,0.001058817
2002-03-04,0.192479655,0.919504762,0.99437952,0.001339534
2002-03-05,0.365597874,0.721743166,0.443595618,0.085557349
2002-03-06,0.095248342,0.017190274,0.235532001,0.135758176
2002-03-07,0.856337309,0.825440407,0.591825306,0.001133265
2002-03-08,0.00098317,0.157083631,0.124072559,0.000491585
2002-03-11,0.000743485,0.000371743,0.232234597,0.031014558
2002-03-12,0.237673193,0.000116032,0.000116032,0.000116032
2002-03-13,0.028138869,0.000141423,0.17361857,0.000141423
2002-03-14,0.00046018,0.00023009,0.00023009,0.131445989
2002-03-15,0.001014396,0.000507198,0.000507198,0.137917578
2002-03-16,0.000372356,0.236362442,0.268841416,0.000186178
2002-03-18,0.000567689,0.000283845,0.057890464,0.000283845
2002-03-19,0.064805523,0.079268023,0.579811573,0.015346737
2002-03-20,0.066319346,0.548676908,1.004988313,0.052472718
2002-03-21,0.211307853,0.000155858,0.350491822,0.019256685
2002-03-22,0.271132708,0.640973568,0.3418037,0.059405088
2002-03-25,0.246946901,0.452665955,0.552620888,0.000390325
2002-03-26,0.07753098,0.114921123,0.549613297,0.00039984
2002-03-27,0.032594878,0.000513,0.149539575,0.000513
2002-03-28,0.237774223,0.063391812,0.686309874,0.028395923
2002-03-29,0.249649256,0.000320432,0.000320432,0.000320432
2002-04-02,0.002568836,0.041845649,0.35512203,0.230145842
2002-04-03,0.001057288,0.021337409,0.286496311,0.150820464
2002-04-05,0.184065178,0.000191665,0.000191665,0.000191665
2002-04-08,0.314484835,0.074591555,0.200658023,0.221233726
2002-04-09,0.002161562,0.393802375,0.820504427,0.001080781
2002-04-10,0.01408986,0.00075577,0.164006785,0.00075577
2002-04-11,0.462640852,0.126466334,0.175724715,0.000280684
2002-04-12,0.000654206,0.000327103,0.064906672,0.000327103
2002-04-13,0.000835795,0.287060678,0.268437505,0.102171443
2002-04-14,0.199516222,0.53943634,0.532567143,0.265012801
2002-04-15,0.171191946,0.505743086,0.255652666,0.000654538
2002-04-16,0.815470457,0.000581404,0.196784183,0.137913957
2002-04-17,0.47568807,0.27728349,0.041995861,0.040144037
2002-04-18,1.083732843,0.358694285,0.135495365,0.093121767
2002-04-19,0.338926792,0.160440311,0.376557857,0.000414166
2002-04-21,0.365622014,0.022965854,0.371622354,0.017587546
2002-04-22,1.642180681,0.973037362,1.766358018,0.164771184
2002-04-23,0.550494313,0.311995804,1.521355152,0.180079386
2002-04-24,0.000435177,0.000217588,0.000217588,0.000217588
2002-04-25,0.318467885,0.092917092,0.645849764,0.059931654
2002-04-26,0.071970582,0.000292198,0.142062664,0.000292198
2002-04-28,0.000667096,0.044429611,0.577857375,0.03665375
2002-04-29,0.000941694,0.250670999,1.037555337,0.000470847
2002-04-30,0.361231983,0.46899417,0.802576184,0.001212815
2002-05-01,0.072465286,0.446130931,0.263166755,0.047607131
2002-05-02,0.000349745,0.049659036,0.070479356,0.000174872
2002-05-03,0.027143249,0.073574312,0.367746592,0.207991868
2002-05-04,0.027572824,0.072710603,0.144121185,0.000858631
2002-05-06,0.475579143,0.230197906,0.470236093,0.000779879
2002-05-07,0.097447984,0.134732261,0.310670614,0.000274768
2002-05-08,0.200308949,0.256500602,0.086478047,0.000473971
2002-05-09,0.00055587,0.000277935,0.143402994,0.000277935
2002-05-10,0.001893181,0.023412708,0.254344404,0.00094659
2002-05-13,0.002123751,0.122519575,0.499084443,0.014966
2002-05-14,0.528527796,0.069349021,0.523175776,0.031228436
2002-05-15,0.132413954,0.219844088,0.911713958,0.407262892
2002-05-16,0.039301548,0.358037144,0.142521888,0.205750152
2002-05-17,0.000547188,0.023714993,0.000273594,0.004333463
2002-05-18,0.000442886,0.006027093,0.000221443,0.000221443
2002-05-19,0.001592585,0.000796293,0.073265612,0.357093334
2002-05-20,0.337156028,0.000289196,0.170011565,0.000289196
2002-05-21,0.177544847,0.446484387,0.828864276,0.091323622
2002-05-22,0.325773805,0.1426972,0.50038296,0.185605317
2002-05-23,0.456179768,0.130070671,0.489724994,0.079328366
2002-05-24,0.110396132,0.087899506,0.241315961,0.000219234
2002-05-25,0.00022067,0.020543342,0.000110335,0.017808495
2002-05-26,0.000212494,0.027700366,0.000106247,0.011370589
2002-05-27,0.081047647,0.501090586,0.177200198,0.054137561
2002-05-28,0.001444997,0.01495221,0.000722499,0.000722499
2002-05-29,0.128715709,0.33938238,0.300218463,0.059477307
2002-05-30,0.000198207,9.91033E-05,0.05054193,0.012743081
2002-05-31,0.118251182,1.086742401,0.409440339,0.057847161
2002-06-03,0.387417257,0.12251576,0.553946316,0.039485935
2002-06-04,0.274588168,1.203866005,1.861223102,0.221769542
2002-06-05,0.288857549,0.38927561,0.239218563,0.000364725
2002-06-06,0.562290847,0.46166718,0.434863478,0.269453973
2002-06-07,0.037091434,0.000306633,0.07250572,0.010166601
2002-06-08,0.332676321,0.154733375,0.24467127,0.000465839
2002-06-11,0.292474449,0.552133799,0.018688347,0.014128814
2002-06-12,0.530582309,0.049637757,0.239263311,0.212185949
2002-06-13,0.000223031,0.11823564,0.000111516,0.000111516
2002-06-14,0.00738678,0.282412052,0.044472061,0.039538704
2002-06-15,0.011254066,0.000274513,0.02919187,0.277438134
2002-06-16,0.000201882,0.000100941,0.000100941,0.040680688
2002-06-17,0.000793484,0.020694062,0.245151728,0.000396742
2002-06-18,0.043912366,0.090865403,0.111902282,0.000212959
2002-06-19,0.58360827,0.000234063,0.17660147,0.000234063
2002-06-20,0.20393388,0.047476403,0.433804184,0.1209023
2002-06-21,0.253500789,0.00022121,0.406121135,0.045613091
2002-06-22,0.000931009,0.084086075,0.272003651,0.000465504
2002-06-24,0.653036416,0.000542374,0.128502607,0.45038566
2002-06-25,0.267608017,0.349630237,0.074147455,0.406772256
2002-06-26,0.199308574,0.000634732,0.47711581,0.119503602
2002-06-27,0.779635906,0.056013439,0.237165049,0.03677278
2002-06-28,0.127185032,0.052018844,0.631949365,0.324448258
2002-07-01,0.422117531,0.000489658,0.625925481,0.060534064
2002-07-02,0.474383771,0.094857179,0.449461818,0.429798186
2002-07-03,0.36299938,0.000753545,0.182285517,0.354153574
2002-07-04,0.122940794,0.109411314,0.219081149,0.513213992
2002-07-05,0.001160323,0.000580161,0.000580161,0.42299661
2002-07-07,0.000392361,0.019590704,0.072519481,0.081662536
2002-07-08,0.000440344,0.139538109,0.000220172,0.038613196
2002-07-09,0.361605585,0.031760812,0.573639512,0.920113921
2002-07-10,0.372431755,0.010665601,0.240285337,0.109872833
2002-07-11,0.016672244,0.298628271,0.177468449,0.000296889
2002-07-12,0.018930614,0.000412696,0.000412696,0.447824627
2002-07-13,0.000295444,0.000147722,0.000147722,0.043562826
2002-07-15,0.000800592,0.000400296,0.000400296,0.432102531
2002-07-17,0.788102329,0.467288077,0.75622189,0.000637015
2002-07-18,0.349145979,0.000492637,0.000492637,0.000492637
2002-07-19,0.000771772,0.260035783,0.048464771,0.000385886
2002-07-20,0.285836637,0.207415849,0.190914139,0.00027051
2002-07-21,0.046658367,0.274113387,0.651192367,0.048773017
2002-07-22,0.600554347,0.036493257,0.707034945,0.017009133
2002-07-23,0.830302596,0.365364969,0.517492175,0.045057237
2002-07-24,0.730762064,0.312796324,0.731478751,0.029473297
2002-07-25,0.882355332,0.260463297,0.295609355,0.048947074
2002-07-26,0.000800324,0.052219275,0.178007275,0.000400162
2002-07-27,0.4200221,0.115598433,0.054103833,0.000299504
2002-07-28,0.039956611,0.107782185,0.000204346,0.000204346
2002-07-29,0.0510244,0.989580631,0.241910994,0.064083956
2002-07-30,0.232549846,1.3267349,0.298387736,0.138680398
2002-07-31,0.139098406,0.212732747,0.111793026,0.000660474
2002-08-01,0.080187902,0.00077414,0.086823285,0.00077414
2002-08-02,0.082584895,0.455817342,0.313343585,0.04254017
2002-08-06,0.000593006,0.162363634,0.000296503,0.061793294
2002-08-07,0.00058435,0.161263406,0.000292175,0.058869358
2002-08-08,0.003223597,0.553642154,0.917382121,0.054918654
2002-08-09,0.131419539,0.052595209,0.270064831,1.050435662
2002-08-12,0.001332872,0.073592097,0.073105969,0.101044729
2002-08-13,0.323067605,0.660704136,0.385256201,0.996347845
2002-08-14,0.671505511,0.124424979,0.348168075,0.339560717
2002-08-15,0.047058593,0.687198162,0.198219001,0.048247572
2002-08-16,0.000237528,0.034872673,0.000118764,0.207756341
2002-08-17,0.000363867,0.171780303,0.078546084,0.000181934
2002-08-19,0.507524729,0.119662195,0.325740218,0.857492447
2002-08-20,0.19170025,0.522536874,0.44665879,0.132433161
2002-08-21,0.115061879,1.133524656,0.32737866,0.234383479
2002-08-22,0.082593307,0.989989519,0.544330001,0.058339607
2002-08-23,0.051688194,1.280026436,0.103965148,0.167500347
2002-08-24,0.000597766,0.454651952,0.000298883,0.021539643
2002-08-25,0.001032921,0.743950844,0.088022813,0.00051646
2002-08-26,0.063824654,1.068773031,0.205612347,0.45970574
2002-08-27,0.926882207,1.440247536,0.529226065,0.651524425
2002-08-28,0.213104084,2.019699335,1.080322981,0.393048614
2002-08-29,0.399032712,1.337083578,0.345946938,0.182644695
2002-08-30,0.096011087,0.675360978,0.532316625,0.02153679
2002-08-31,0.13818197,0.53000325,0.080258772,0.011881111
2002-09-01,0.195023105,0.569096744,0.074052997,0.073398344
2002-09-02,0.328253537,2.984746456,1.177238107,0.382539332
2002-09-03,0.302190095,2.553281784,0.766050816,0.112532206
2002-09-04,0.408012331,1.587209702,0.801243663,0.242740035
2002-09-05,0.027350606,0.131860912,0.360062718,0.26434961
2002-09-06,0.066882797,0.000509342,0.120193839,0.032366347
2002-09-09,0.00079115,0.000395575,0.096601442,0.000395575
2002-09-11,0.000267085,0.000133542,0.122344308,0.293605775
2002-09-12,0.408405781,0.073200747,0.158252835,0.144199967
2002-09-13,0.001121979,0.004986045,0.076464906,0.005953265
2002-09-14,0.03397119,0.122867562,0.136496708,0.08440388
2002-09-16,0.000637852,0.000318926,0.057232894,0.000318926
2002-09-17,0.000479464,0.030698972,0.399814516,0.000239732
2002-09-18,0.00105247,0.000526235,0.000526235,0.267749697
2002-09-19,1.043285847,0.10249871,0.503370881,0.000860024
2002-09-21,0.077781923,0.193050206,0.165379733,0.036111936
2002-09-22,0.437727839,0.000300483,0.000300483,0.033254351
2002-09-23,0.547855079,0.029501764,0.000568613,0.592290163
2002-09-24,0.616590917,0.052182499,0.379304051,0.010294544
2002-09-25,0.66882205,0.087956667,0.795657992,0.049644828
2002-09-26,0.000437369,0.019163635,0.053938687,0.028945714
2002-09-27,0.093279414,0.000320667,0.07076329,0.037054658
2002-09-30,0.384974658,0.000141672,0.000141672,0.000141672
2002-10-01,0.09025649,0.000165416,0.031677227,0.000165416
2002-10-02,0.375908673,0.0856959,0.700561643,0.016523981
2002-10-03,0.548453212,0.169091344,0.159070879,0.018478369
2002-10-06,0.063182592,0.000113437,0.074101172,0.008217075
2002-10-07,0.06485194,0.000846807,0.516403854,0.000846807
2002-10-08,0.582790494,0.000385388,0.382774085,0.012183219
2002-10-09,0.441592216,0.383993775,0.071980879,0.014350205
2002-10-10,0.492845356,0.029701019,0.500836968,0.000744941
2002-10-11,0.000834178,0.000417089,0.025791461,0.000417089
2002-10-14,0.000172615,8.63076E-05,0.043005966,8.63076E-05
2002-10-15,1.099321723,0.000653869,0.40229851,0.000653869
2002-10-16,0.923534155,0.082723662,0.369711101,0.017867766
2002-10-17,0.175375015,0.302211732,1.726386309,0.001218703
2002-10-18,0.043656684,0.083005309,0.236035004,0.000134823
2002-10-19,0.000345224,0.000172612,0.000172612,0.149496004
2002-10-20,0.000320417,0.000160208,0.007653527,0.000160208
2002-10-23,0.028499639,0.525556326,0.415264934,0.000720307
2002-10-24,0.116268046,0.559504986,0.910970032,0.000727158
2002-10-25,0.04691007,0.172906846,0.138740867,0.040565126
2002-10-26,0.000450196,0.268771529,0.076055579,0.102463193
2002-10-27,0.043938316,0.000153432,0.267792732,0.000153432
2002-10-28,0.156261683,0.65561831,0.566406488,0.000788535
2002-10-29,0.094301566,0.097549967,0.273911536,0.050552085
2002-10-30,0.002432883,1.543409228,0.728601635,0.155356601
2002-11-01,0.289387852,1.112200737,1.121763229,0.001112746
2002-11-02,0.030258521,0.556634247,0.173877448,0.000157651
2002-11-03,0.000168221,0.020964608,0.023708006,0.090606265
2002-11-04,0.000708905,0.021242665,0.155763581,0.090828814
2002-11-05,0.0012312,0.0006156,0.196706608,0.0006156
2002-11-06,0.21345216,0.295056999,0.566143394,0.148382127
2002-11-07,0.302401006,0.43039006,0.154257581,0.000411062
2002-11-08,0.043675642,0.065147154,0.127104655,0.000333367
2002-11-10,0.001111835,0.000555917,0.000555917,0.000555917
2002-11-13,0.230101347,0.30799979,0.92129463,0.001358477
2002-11-14,0.254312426,0.078499146,0.525929093,0.000485367
2002-11-15,0.315108031,0.00107565,0.480746329,0.00107565
2002-11-18,0.245699793,0.000822236,0.93421042,0.104182005
2002-11-19,0.055938344,0.000930821,0.070441976,0.161812797
2002-11-20,0.123829275,0.057541117,0.347043127,0.000155158
2002-11-21,0.250324517,0.146853775,2.187028885,0.002457847
2002-11-22,0.096185863,0.000131836,0.000131836,0.000131836
2002-11-25,0.189629689,0.088583261,0.245803505,0.443232685
2002-11-26,0.169144422,0.000417184,0.000417184,0.028045988
2002-11-27,0.097707927,0.131094933,0.379917532,0.000367148
2002-11-28,0.126892015,0.050123069,0.3319529,0.000795204
2002-11-29,0.000698109,0.000349055,0.056641359,0.0347092
2002-12-01,0.021936616,0.0001062,0.039513126,0.0001062
2002-12-02,0.142085329,0.147035316,0.253816009,0.000497966
2002-12-03,0.410876632,0.115792632,0.278669477,0.000339577
2002-12-04,0.217985064,0.000583025,0.560614824,0.022787608
2002-12-05,1.124296665,0.090195887,0.448783159,0.000650869
2002-12-06,0.042126071,0.51168108,1.287609816,0.028882414
2002-12-09,0.740191758,0.219640538,0.913473964,0.016765878
2002-12-10,0.298232377,0.332550764,0.258004755,0.001387448
2002-12-11,0.181125253,0.130924314,0.551315844,0.09694124
2002-12-12,0.488068521,0.000880977,0.301280618,0.000880977
2002-12-13,0.035983507,0.000114757,0.031442866,0.000114757
2002-12-16,1.121155024,0.002677248,0.322320879,0.000965564
2002-12-17,0.504147172,0.233885765,0.637419581,0.012103692
2002-12-18,0.344917864,0.006276798,0.245680034,0.161375985
2002-12-19,0.000913896,0.000456948,0.366583467,0.073727198
2002-12-20,0.065651678,0.055141445,0.519294322,0.000433884
2002-12-23,0.176436484,0.000226211,0.000226211,0.000226211
2002-12-24,0.112605467,0.000201169,0.000201169,0.000201169
2002-12-30,0.000394365,0.000197182,0.000197182,0.150406644
2003-01-02,0.000488366,0.000244183,0.146012604,0.000244183
2003-01-07,0.453957409,0.039891604,0.325439692,0.000386579
2003-01-08,0.242381841,0.068368308,0.349972367,0.000802731
2003-01-09,0.149815381,0.000374282,0.048458196,0.000374282
2003-01-10,0.082482778,0.023011975,0.27961117,0.000187193
2003-01-13,0.000910817,0.000455409,0.252352178,0.04342211
2003-01-14,0.099510275,0.039893076,0.136134893,0.063218892
2003-01-15,0.0328977,0.209895149,0.000167495,0.000167495
2003-01-16,0.218989968,0.058340281,0.26101166,0.101421557
2003-01-17,0.134516433,0.000690413,0.443904638,0.157638371
2003-01-20,0.350843638,0.043665163,0.491012454,0.000258286
2003-01-22,0.000889211,0.000444606,0.027541852,0.000444606
2003-01-23,0.000537466,0.000268733,0.308511227,0.000268733
2003-01-24,0.30190894,0.021171611,0.054048814,0.177076429
2003-01-27,0.000619895,0.000309948,0.014029702,0.000309948
2003-01-28,0.001025139,0.017742809,0.609281778,0.055360012
2003-01-29,0.009875497,0.000430124,0.000430124,0.245216876
2003-01-30,0.000602228,0.000301114,0.179636225,0.000301114
2003-01-31,0.000910612,0.000455306,0.23317948,0.59948802
2003-02-03,0.024247199,0.029129833,0.053182088,0.000406646
2003-02-04,0.030839665,0.000419149,0.000419149,0.232984841
2003-02-05,0.000959894,0.001071354,0.426314354,0.000479947
2003-02-06,0.232919857,0.023373453,0.179528803,0.102371551
2003-02-07,0.06877578,0.000171909,0.000171909,0.000171909
2003-02-11,0.001075598,0.04187648,0.867797732,0.000537799
2003-02-12,0.053347316,0.000397562,0.000397562,0.072940394
2003-02-13,0.032414187,0.000110984,0.000110984,0.021621149
2003-02-17,0.097389825,0.110051632,0.158927515,0.000334087
2003-02-18,0.20212847,0.450611711,0.015900163,0.000978241
2003-02-19,0.126741931,0.000151061,0.000151061,0.019777117
2003-02-20,0.560299754,0.105463356,0.384666532,0.000562536
2003-02-22,0.000404374,0.000202187,0.201205909,0.000202187
2003-02-23,0.187102407,0.055201903,0.26715821,0.138910964
2003-02-24,0.106584996,0.124477334,0.399434477,0.000324049
2003-02-25,0.165747643,0.022929292,0.31656,0.012774548
2003-02-26,0.114212148,0.049778201,0.52466923,0.000369872
2003-02-27,0.274244875,0.126717061,0.395161539,0.253459483
2003-03-03,0.024691574,0.000729223,0.02444659,0.000729223
2003-03-04,0.44499892,0.120471016,0.262019336,0.000786436
2003-03-05,0.070202954,0.117482714,0.043836091,0.324185401
2003-03-06,0.001064956,0.091596976,0.341255367,0.000532478
2003-03-07,0.044037469,0.000238251,0.065243557,0.000238251
2003-03-12,0.015992321,0.01765902,0.108795993,0.10662277
2003-03-14,0.051950015,0.000181259,0.093175665,0.000181259
2003-03-17,0.197872043,0.027828179,0.000420179,0.000420179
2003-03-19,0.000293236,0.088394627,0.000146618,0.172007143
2003-03-20,0.000632992,0.106782302,0.000316496,0.520326614
2003-03-24,0.0634498,8.64896E-05,0.202477977,0.049992681
2003-03-27,0.074328892,0.092511408,0.539165914,0.240352124
2003-03-28,0.107328422,0.060621213,0.000188907,0.035369102
2003-04-01,0.073807389,0.000497675,0.089950509,0.058934219
2003-04-02,0.068033457,0.035639416,0.104744002,0.000420293
2003-04-03,0.022101216,0.000130019,0.118518941,0.000130019
2003-04-04,0.000523111,0.000261555,0.264035165,0.000261555
2003-04-07,0.000474095,0.000237047,0.450767875,0.000237047
2003-04-08,0.553635776,0.000596938,0.340071052,0.079843789
2003-04-09,0.000953016,0.000476508,0.000476508,0.283401817
2003-04-10,0.408958197,0.000140048,0.014501989,0.000140048
2003-04-13,0.000236926,0.000118463,0.000118463,0.053385489
2003-04-15,0.068138227,0.045686934,0.439447463,0.000373152
2003-04-16,0.000470934,0.07342691,0.39034909,0.000235467
2003-04-17,0.240270257,0.055552609,0.096876062,0.000392563
2003-04-22,0.000708378,0.000354189,0.708193004,0.000354189
2003-04-24,0.001953213,0.054153036,0.265876263,0.000976606
2003-04-30,0.582866669,0.00040113,0.064962395,0.00040113
2003-05-01,0.440631986,0.00013259,0.00013259,0.00013259
2003-05-02,0.032085564,0.019797094,0.000121002,0.000121002
2003-05-05,0.000541153,0.000270577,0.000270577,0.000270577
2003-05-06,0.544875205,0.148137555,0.447525978,0.000394866
2003-05-07,0.544489682,0.00019916,0.00019916,0.00019916
2003-05-08,0.000383931,0.124721974,0.564467192,0.000191966
2003-05-09,0.002574648,0.227756321,0.338318884,0.140761316
2003-05-12,0.035277579,0.000840372,0.234987989,0.000840372
2003-05-13,0.000340597,0.025182705,0.249304771,0.000170299
2003-05-14,0.000552129,0.052668694,0.000276064,0.18676579
2003-05-15,0.001113184,0.000556592,0.000556592,0.000556592
2003-05-16,0.085582443,0.000512811,0.181279734,0.000512811
2003-05-19,0.092904255,0.024512697,0.127607718,0.214023873
2003-05-20,0.024078514,0.080407411,0.596816361,0.013936359
2003-05-21,0.842038691,0.019550756,0.041970193,0.105545677
2003-05-22,0.190989241,0.251507819,0.32972765,0.034360785
2003-05-23,0.152535647,0.036004003,0.139908493,0.000728742
2003-05-26,0.02013094,0.02541774,0.313717008,0.213262513
2003-05-27,0.001293065,0.000646533,0.370090276,0.000646533
2003-05-28,0.035404291,0.000491084,0.144505739,0.000491084
2003-05-29,0.209168941,0.000635984,0.620843053,0.104772754
2003-05-30,0.10836184,0.362149507,0.246908009,0.000416856
2003-05-31,0.000641097,0.117001906,0.000320549,0.000320549
2003-06-02,0.100004807,0.036065448,0.197250307,0.036828257
2003-06-03,0.00053023,0.281320512,0.415348321,0.000265115
2003-06-04,0.562648594,0.176107749,1.172340751,0.001007848
2003-06-05,0.001143798,0.104700424,0.503849685,0.000571899
2003-06-06,0.055486593,0.000280046,0.350136101,0.000280046
2003-06-09,0.0007437,0.291050166,0.235339537,0.033633146
2003-06-10,0.000862865,0.390165538,0.336129159,0.000431433
2003-06-11,0.042325847,0.000279823,0.102368079,0.000279823
2003-06-13,0.000516496,0.000258248,0.051903524,0.000258248
2003-06-15,0.074225187,0.068320438,0.00020331,0.00020331
2003-06-16,0.306098551,0.196965992,0.042000983,0.000636414
2003-06-18,0.822958291,0.001462911,0.184662789,0.001462911
2003-06-19,0.684790254,0.168297037,0.000388029,0.021701708
2003-06-20,0.063101612,0.000404456,0.311839402,0.000404456
2003-06-23,0.002063808,0.169768989,0.962106049,0.026245622
2003-06-24,0.50807178,0.000345822,0.000345822,0.000345822
2003-06-25,0.115561903,0.001168812,0.679418683,0.022615526
2003-06-27,0.307655036,0.485915929,0.733395219,0.120313473
2003-06-30,0.002409472,0.056263469,0.379771411,0.001204736
2003-07-01,0.420943379,0.038042091,0.51563406,0.000475066
2003-07-02,0.097167119,0.545915604,0.497534424,0.000893197
2003-07-03,0.001588678,0.000794339,0.018492788,0.147574425
2003-07-04,0.000880131,0.000440066,0.000440066,0.133935735
2003-07-08,0.000533601,0.0002668,0.216585249,0.0002668
2003-07-09,0.068077222,0.035645004,0.407814533,0.000425581
2003-07-10,0.000394306,0.000197153,0.145599827,0.000197153
2003-07-14,0.000430607,0.000215303,0.000215303,0.346624553
2003-07-15,0.480508476,0.000261703,0.000261703,0.000261703
2003-07-16,0.505781651,0.00076292,0.110184118,0.056724414
2003-07-17,0.016523926,0.017974019,0.054160547,0.022804268
2003-07-18,0.082322426,0.309025228,0.265665948,0.021120312
2003-07-23,0.013334341,0.125925347,0.31561017,0.000327878
2003-07-24,0.668455243,0.043385863,1.297938943,0.000833743
2003-07-29,0.066551,9.74408E-05,9.74408E-05,9.74408E-05
2003-07-30,0.001250359,0.00062518,0.079375461,0.00062518
2003-07-31,0.000279932,0.000139966,0.025398331,0.259569883
2003-08-01,0.397994041,0.000355969,0.017998576,0.18826285
2003-08-04,0.001676774,0.000838387,0.490527779,2.791601419
2003-08-05,0.000548591,0.000274296,0.000274296,0.000274296
2003-08-07,0.000506851,0.000253426,0.202294081,0.156023234
2003-08-09,0.000244035,0.000122018,0.017686304,0.139059767
2003-08-11,0.001482509,0.000741255,0.379850507,0.000741255
2003-08-12,0.033844769,0.103846475,0.917217553,0.277904719
2003-08-13,0.103875153,0.000816779,0.235302374,0.591478109
2003-08-15,0.036952399,0.110969216,0.029820414,0.000189731
2003-08-18,0.000251073,0.000125536,0.000125536,0.301088154
2003-08-19,0.00148073,0.000740365,0.000740365,0.610880733
2003-08-20,0.000245616,0.000122808,0.00720569,0.177695155
2003-08-21,0.032369696,0.000111881,0.11216338,0.000111881
2003-08-22,0.014881114,0.000107588,0.000107588,0.000107588
2003-08-24,0.01473202,0.000107301,0.000107301,0.000107301
2003-08-25,0.001088704,0.228829145,0.084585972,0.000544352
2003-08-26,0.137910441,0.000396433,0.206786916,0.000396433
2003-08-27,0.369672298,0.046325669,0.268037081,0.000371208
2003-08-28,0.691607296,0.405718058,0.716216326,0.051985487
2003-08-29,0.000430408,0.014127199,0.000215204,0.299774408
2003-09-01,0.000494322,0.108662173,0.000247161,0.000247161
2003-09-02,0.08315625,0.153372392,0.145664766,0.023049206
2003-09-04,0.000696199,0.0003481,0.092379749,0.0003481
2003-09-05,0.077971578,0.233771324,0.146976426,0.000486432
2003-09-08,0.000282989,0.000141494,0.000141494,0.117068566
2003-09-09,0.073254287,0.314042389,0.135637149,0.040381145
2003-09-10,0.000270523,0.000135261,0.107207581,0.032954928
2003-09-12,0.061631836,0.039400306,0.040336594,0.132467777
2003-09-15,0.972970605,0.234692827,0.767389894,0.071117297
2003-09-16,0.619553685,0.000940602,0.383825928,0.318252623
2003-09-17,0.329483986,0.112320177,0.567724526,0.06633985
2003-09-18,0.097927943,0.621803343,1.087557316,0.179336265
2003-09-19,0.468785077,0.000310382,0.358070284,0.000310382
2003-09-20,0.000367289,0.000183645,0.000183645,0.123279937
2003-09-21,0.000312879,0.118882887,0.277199179,0.00015644
2003-09-22,0.000767725,0.119128302,0.277419865,0.000383862
2003-09-23,0.000951882,0.041663263,0.000475941,0.401217103
2003-09-24,0.000497434,0.000248717,0.152291998,0.000248717
2003-09-25,0.0944985,0.530789971,0.344004989,0.044253733
2003-09-26,0.092229351,0.433298439,0.324952096,0.116190031
2003-09-28,0.082614534,0.961840689,0.537996769,0.174196035
2003-09-29,0.763491154,1.92045331,0.562361896,0.557962358
2003-09-30,0.176961631,0.587051749,0.407182515,0.055872608
2003-10-01,0.001008117,0.512954056,0.550126314,0.012879845
2003-10-02,0.000352788,0.249952734,0.09041138,0.000176394
2003-10-03,0.01638357,0.270371884,0.291844487,0.011500746
2003-10-05,0.000253477,0.000126739,0.015898189,0.066046327
2003-10-06,0.027252506,0.030517798,0.260000825,0.0003821
2003-10-09,0.000262625,0.114059135,0.175859183,0.000131313
2003-10-13,0.046640739,0.160194203,0.256964654,0.000506321
2003-10-14,0.144385323,0.000462747,0.389172316,0.173412204
2003-10-17,0.010176904,0.000107952,0.00593769,0.036085866
2003-10-20,0.00067859,0.000339295,0.173593178,0.000339295
2003-10-21,0.000678162,0.000339081,0.166351318,0.000339081
2003-10-22,0.032257263,0.024884347,0.042783,0.000473086
2003-10-23,0.565569758,0.00059077,0.441394925,0.00059077
2003-10-24,0.001984536,0.558082879,0.290207028,0.030136358
2003-10-27,0.471649557,0.000200137,0.231042802,0.037390679
2003-10-28,0.223446205,0.301678568,0.500577271,0.201443121
2003-10-29,0.001895583,0.033921786,0.000947792,0.000947792
2003-10-30,1.086916924,0.043610103,0.843111157,0.048894919
2003-11-04,0.001048627,0.000524314,0.000524314,0.063565716
2003-11-05,0.000462954,0.000231477,0.069484942,0.097581543
2003-11-10,0.124269299,0.227234781,0.06933324,0.000412925
2003-11-11,0.575952232,0.022862781,0.245175391,0.012767728
2003-11-12,0.000702141,0.00035107,0.022850078,0.00035107
2003-11-14,0.000408497,0.000204248,0.019550091,0.000204248
2003-11-18,0.010223545,0.000290301,0.031385556,0.000290301
2003-11-19,0.000252599,0.0001263,0.209708795,0.047998536
2003-11-20,0.000601813,0.000300906,0.349048436,0.000300906
2003-11-21,0.13259536,0.038493387,0.087147586,0.000160873
2003-11-25,0.000251732,0.000125866,0.040102389,0.000125866
2003-11-27,0.007535328,0.220050648,0.258892119,0.096466564
2003-11-28,0.061695799,0.26990065,0.69956249,0.0004408
2003-12-01,0.074157417,0.687851548,0.346716046,0.05997486
2003-12-02,0.120226249,0.834348023,0.984811068,0.141131997
2003-12-03,1.00196147,0.751535654,0.607247412,0.079534009
2003-12-04,0.650225461,0.096298635,0.30189544,0.901787281
2003-12-05,0.000745508,0.149479881,0.154292032,0.548322737
2003-12-08,0.05947987,0.446452498,0.086535245,0.000163394
2003-12-09,0.094844356,1.711239576,0.855083108,0.001138625
2003-12-10,0.213181928,0.664842427,0.365459561,0.073489346
2003-12-11,0.025230663,0.640212357,0.30907315,0.057508346
2003-12-12,0.25172019,0.396245807,0.167289585,0.011240098
2003-12-15,0.170502722,0.396636188,0.369376957,0.01196551
2003-12-16,0.000990888,0.291852713,0.29255572,0.000495444
2003-12-17,0.022612685,0.000228693,0.177685738,0.000228693
2003-12-18,0.060088746,0.000333579,0.012609455,0.075660937
2003-12-21,0.000248654,0.04381429,0.000124327,0.000124327
2003-12-29,0.000519918,0.000259959,0.000259959,0.320590764
2003-12-31,0.001429043,0.000714522,0.000714522,0.000714522
2004-01-06,0.047987245,0.000723202,0.12109559,0.153603807
2004-01-07,0.041816868,0.251514196,0.386674494,0.009177229
2004-01-08,0.115893751,0.058312431,0.000528279,0.38072741
2004-01-10,0.251068562,0.000203281,0.000203281,0.000203281
2004-01-11,0.000490989,0.000245494,0.014925186,0.110928677
2004-01-12,0.051628917,0.197928607,0.332630903,0.000197295
2004-01-15,0.218456835,0.000171831,0.112313785,0.007450631
2004-01-16,0.000477033,0.000238516,0.041348923,0.000238516
2004-01-19,0.000592855,0.000296428,0.111249015,0.000296428
2004-01-20,0.048152499,0.000211724,0.218755007,0.000211724
2004-01-21,0.014342159,0.037753157,0.424233705,0.093329407
2004-01-22,0.177227974,0.033736825,0.000306729,0.026805986
2004-01-23,0.097617671,0.023157356,0.510177553,0.014507899
2004-01-27,0.001301398,0.000650699,0.307695895,0.000650699
2004-01-29,0.026589449,0.000385722,0.641422391,0.000385722
2004-01-30,0.309060037,0.000685162,0.889829099,0.014499489
2004-01-31,0.000551981,0.000275991,0.209651932,0.000275991
2004-02-02,0.024974087,0.258347631,0.041215662,0.000180391
2004-02-03,0.000370722,0.017289132,0.000185361,0.000185361
2004-02-04,0.265095115,0.053437468,0.552331805,0.108188823
2004-02-05,0.000470958,0.038146429,0.202934399,0.000235479
2004-02-06,0.014995911,0.26612848,0.609011412,0.000476367
2004-02-09,0.008263126,0.127411783,0.000376347,0.072082952
2004-02-10,0.10779386,0.333058923,0.099325061,0.036498036
2004-02-11,0.644769788,0.000208597,0.000208597,0.02675915
2004-02-12,0.7252056,0.300957799,0.130822539,0.027775217
2004-02-13,2.082508326,0.000422953,0.000422953,0.026588537
2004-02-16,0.150532454,0.272623211,0.903786659,0.001507138
2004-02-17,0.000746028,0.000373014,0.292177618,0.172434345
2004-02-18,1.079316258,0.607329667,0.322754979,0.03823645
2004-02-19,0.345081508,0.001175626,0.193783611,0.194050178
2004-02-20,0.234604001,0.000384892,0.264717728,0.000384892
2004-02-21,0.333107531,0.00055446,0.00055446,0.00055446
2004-02-23,0.001027974,0.000513987,0.640551567,0.000513987
2004-02-24,0.001775686,0.053367291,0.314397365,0.181916326
2004-02-25,0.34119451,0.000414625,0.129039139,0.142268419
2004-02-26,0.084636956,0.267237544,1.075649977,0.001476928
2004-02-27,0.003269887,0.389227927,0.001634943,0.060136497
2004-02-29,0.000195543,0.021688592,0.025313012,0.05875105
2004-03-01,0.000500253,0.000250127,0.199867889,0.013996564
2004-03-02,0.084364489,0.149799749,0.26106742,0.000351971
2004-03-03,0.255091608,0.089039378,0.337088853,0.033945955
2004-03-04,1.099601388,0.278530627,0.36007899,0.008337166
2004-03-10,0.000417015,0.000208508,0.15154843,0.000208508
2004-03-12,0.079135999,0.000990496,0.476741612,0.000990496
2004-03-15,0.000519706,0.101236299,0.097883999,0.000259853
2004-03-16,0.00044476,0.00022238,0.00022238,0.00022238
2004-03-17,0.002087393,0.001043696,0.814337492,0.001043696
2004-03-18,0.111669391,0.000438384,0.265270948,0.000438384
2004-03-19,0.222409129,0.44759196,0.590296805,0.000832936
2004-03-22,0.000541126,0.000270563,0.08308319,0.000270563
2004-03-23,0.063444547,0.318739593,0.262581199,0.000438013
2004-03-24,0.018713119,0.125074878,0.170725599,0.012557256
2004-03-25,0.037176859,0.20859158,0.276926011,0.000265325
2004-03-26,0.001096293,0.184372365,0.710128725,0.02688878
2004-03-28,0.066006936,0.055597547,0.000256692,0.047774792
2004-03-29,0.001021287,0.000510644,0.270984143,0.000510644
2004-03-30,0.049607057,0.001789932,0.833984375,0.001789932
2004-03-31,0.026954457,0.001339378,0.869860768,0.001339378
2004-04-01,0.010341547,0.382274985,0.987474203,0.001531834
2004-04-02,0.001390666,0.000695333,0.534220517,0.000695333
2004-04-05,0.001424594,0.000712297,0.109305307,0.000712297
2004-04-06,0.001984522,0.000992261,0.597940981,0.000992261
2004-04-07,0.059156138,0.000778383,0.746150911,0.120401509
2004-04-08,0.000374028,0.000187014,0.36426571,0.000187014
2004-04-09,0.004705282,0.038367674,0.000124759,0.228887156
2004-04-12,0.024995618,0.308567137,0.224013284,0.00015583
2004-04-13,0.175391182,0.224417701,0.235608712,0.059382856
2004-04-14,0.079367287,0.251993984,0.129774928,0.000234132
2004-04-15,0.042687606,0.000268701,0.210425988,0.000268701
2004-04-16,0.056118961,0.022047412,0.146563753,0.082355738
2004-04-19,0.002038132,0.001019066,0.3172656,0.001019066
2004-04-20,0.173267946,0.101513632,0.354373664,0.000166892
2004-04-21,0.001036353,0.000518176,0.041235473,0.240231022
2004-04-22,0.222790629,0.067540646,0.233944058,0.236274108
2004-04-23,0.001562987,0.234518707,0.585607886,0.016134199
2004-04-24,0.281409323,0.141388297,0.00021071,0.00021071
2004-04-26,0.017899001,0.000387534,0.47882849,0.01167352
2004-04-27,0.000362431,0.000181216,0.033033114,0.048476435
2004-04-28,0.001199814,0.269356936,0.200992793,0.023506396
2004-05-02,0.000211857,0.059472684,0.000105928,0.010693609
2004-05-03,0.0003657,0.00018285,0.00018285,0.00018285
2004-05-05,0.135236546,0.022076875,0.224824622,0.000308233
2004-05-06,0.216499478,0.170741484,0.513850808,0.042296823
2004-05-07,0.163058683,0.085288584,0.379912257,0.00057704
2004-05-10,0.118419833,0.249034017,0.153481379,0.116784267
2004-05-11,0.001190888,0.000595444,0.20222564,0.000595444
2004-05-12,0.06739714,0.06526757,0.700264871,0.001244045
2004-05-13,0.02930825,0.000551331,0.049458221,0.305211186
2004-05-14,0.51652813,0.240898579,0.263147473,0.028855771
2004-05-16,0.118475847,0.170889065,0.09183351,0.000262307
2004-05-17,0.398803681,0.373606414,0.205008477,0.303767562
2004-05-18,0.11567001,0.000555268,0.24819541,0.026543155
2004-05-19,0.042690821,0.030916113,0.435612023,0.027555117
2004-05-20,0.198236436,0.06536033,0.291096538,0.074180864
2004-05-21,0.106165707,1.754014969,0.874912798,0.035070948
2004-05-22,0.000387195,0.030864041,0.000193598,0.000193598
2004-05-23,0.00018327,0.021184582,0.114444628,0.008497453
2004-05-24,0.001506798,0.263034761,0.383844912,0.071883194
2004-05-25,0.218052,0.000456779,0.103607856,0.000456779
2004-05-26,0.120103933,0.00050855,0.113552622,0.028722033
2004-05-27,0.396331429,0.104812011,0.601974785,0.119736865
2004-05-28,0.028503323,0.537213326,0.405338168,0.201129138
2004-05-29,0.307209581,0.134820119,0.000292782,0.000292782
2004-05-30,0.048221659,0.000175658,0.000175658,0.045331616
2004-05-31,0.000414965,0.032339241,0.101523578,0.000207483
2004-06-01,0.15050225,0.045541421,0.194142327,0.00052644
2004-06-02,0.225480422,0.142472431,0.669446051,0.059147827
2004-06-03,0.000882929,0.000441464,0.17527765,0.000441464
2004-06-04,0.059013255,0.785099626,0.196908578,0.059621692
2004-06-05,0.0005056,0.134174347,0.0002528,0.044457905
2004-06-06,0.000476737,0.22523199,0.180508703,0.015908532
2004-06-07,0.000330964,0.000165482,0.211051568,0.000165482
2004-06-08,0.235639155,0.001046286,0.529150963,0.001046286
2004-06-09,0.574340343,0.000936225,0.293846846,0.035066865
2004-06-10,0.138605043,0.000207412,0.201554567,0.000207412
2004-06-11,0.357429653,0.088474877,0.26220578,0.030030727
2004-06-13,0.000537372,0.053002372,0.000268686,0.065198191
2004-06-14,0.000982799,0.000491399,0.000491399,0.300851613
2004-06-15,0.45352459,0.118149385,0.707312465,0.000868704
2004-06-16,0.012121013,0.036772035,0.354184836,0.13567166
2004-06-17,0.000459991,0.000229996,0.337717563,0.000229996
2004-06-21,0.026522076,0.299635828,0.510398746,0.001086573
2004-06-24,0.000883778,0.000441889,0.05749061,0.000441889
2004-06-25,0.013196811,0.370004237,0.431887329,0.000881314
2004-06-26,0.000265073,0.057209741,0.032870721,0.000132537
2004-06-27,0.000507113,0.000253556,0.114873752,0.000253556
2004-06-28,0.001116007,0.056390695,0.000558003,0.021979162
2004-06-29,0.384002209,0.411821008,0.071613945,0.050875556
2004-06-30,0.03840927,7.5154E-05,7.5154E-05,7.5154E-05
2004-07-01,0.179996952,0.324515015,0.935613155,0.464118779
2004-07-05,0.001001189,0.059745103,0.395646244,0.018978866
2004-07-06,0.272680521,0.187808692,0.240517393,0.036905337
2004-07-07,0.079445302,0.002286985,0.605353475,0.011564988
2004-07-08,0.000346748,0.000173374,0.136158168,0.000173374
2004-07-09,0.216225281,0.065947622,0.079150744,0.195352122
2004-07-12,0.215243936,0.065414824,0.078688681,0.000210615
2004-07-15,0.16016534,0.012878203,0.722342134,0.200473219
2004-07-16,0.000279245,0.000139622,0.117361389,0.000139622
2004-07-17,0.000869806,0.000434903,0.101794787,0.000434903
2004-07-18,0.000606513,0.000303257,0.000303257,0.305142701
2004-07-19,0.000311798,0.114290014,0.314026982,0.025659762
2004-07-21,0.338463068,0.000168206,0.213505447,0.032626431
2004-07-22,0.918213248,0.000714165,0.422685891,0.000714165
2004-07-23,0.001456146,0.058909602,0.161620468,0.362373799
2004-07-25,0.001053132,0.000526566,0.000526566,0.181441531
2004-07-26,0.476005048,0.028763032,0.000445282,0.000445282
2004-07-27,0.000454845,0.000227422,0.051376536,0.000227422
2004-07-28,0.086280532,0.000495553,0.453526676,0.142714813
2004-07-29,0.000374182,0.069047876,0.285783201,0.033073224
2004-08-01,0.000457669,0.000228835,0.493736297,0.000228835
2004-08-04,0.086555183,0.000270514,0.045945626,0.607462943
2004-08-05,0.000329537,0.000164768,0.000164768,0.000164768
2004-08-09,0.012844531,0.000251853,0.153541699,0.049150214
2004-08-12,0.270068794,0.000245004,0.176044077,0.115453653
2004-08-16,0.000314045,0.000157022,0.260502756,0.104286201
2004-08-18,0.025187876,0.019036075,0.078617342,0.595785737
2004-08-20,0.054072078,0.000450312,0.03185121,0.258188218
2004-08-24,0.000640856,0.043412115,0.254380524,0.000320428
2004-08-25,0.001488392,0.000744196,0.33920747,0.000744196
2004-08-26,0.314798653,0.028669024,0.213914946,0.000182796
2004-08-27,0.50906074,0.206812486,0.231440604,0.070533931
2004-08-31,0.000179575,0.054409292,0.015128074,8.97877E-05
2004-09-02,0.033021633,0.000407875,0.000407875,0.275667667
2004-09-03,0.089144595,0.191866219,0.346160531,0.581018925
2004-09-06,0.034095928,0.000965172,0.106596932,0.031517453
2004-09-07,0.001472861,0.019062102,0.17796506,1.795811772
2004-09-08,0.186666459,0.183944285,0.743139446,0.026481826
2004-09-09,0.068888471,0.071760021,0.131890744,0.00033347
2004-09-10,0.000606299,0.033641767,0.452119678,0.000303149
2004-09-12,0.000284912,0.000142456,0.000142456,0.418592781
2004-09-13,0.291126668,0.09486337,0.265577435,0.041296322
2004-09-14,1.275465488,0.604069293,0.285007298,0.229627579
2004-09-15,0.601718843,0.261637509,0.21863617,0.379787266
2004-09-16,0.000230121,0.00011506,0.00011506,0.26371029
2004-09-17,0.021451792,0.023583326,0.442299128,0.000805848
2004-09-20,0.037965532,0.00020333,0.00020333,0.00020333
2004-09-21,0.144539356,0.000261668,0.000261668,0.000261668
2004-09-22,0.131289631,0.351111174,0.491496533,0.00055629
2004-09-23,0.716110468,0.17456685,0.353610069,0.753052056
2004-09-24,0.474553138,0.001754757,0.691284657,0.001754757
2004-09-25,0.10780751,0.00028553,0.013665279,0.217947558
2004-09-27,0.678050995,0.190145507,0.390799344,0.138605088
2004-09-28,0.275461972,0.060387503,0.15326342,0.000707695
2004-09-29,0.384740263,0.200837567,0.304398775,0.104541235
2004-09-30,1.084030628,2.040415525,1.160240889,0.085512012
2004-10-01,0.814106166,0.551217973,0.536901116,0.170735374
2004-10-03,0.293678731,0.069736041,0.064250216,0.000278204
2004-10-04,0.196733966,0.443597376,0.169865087,0.105547138
2004-10-05,0.000497081,0.00024854,0.230414674,0.00024854
2004-10-06,0.000740076,0.000370038,0.31603387,0.01230928
2004-10-07,0.021600593,0.19367142,0.413148463,0.055680405
2004-10-08,0.188897654,0.050735872,0.278425634,0.007855772
2004-10-09,0.210919648,0.180337191,0.188138202,0.04607879
2004-10-10,0.00036905,0.000184525,0.000184525,0.000184525
2004-10-11,0.001931283,0.56257093,0.734667182,0.111626998
2004-10-13,0.0032692,0.324036151,0.133741155,0.393942833
2004-10-14,0.337095886,0.264277101,0.43265909,0.020050652
2004-10-17,0.000242057,0.000121029,0.000121029,0.073821135
2004-10-18,0.000379431,0.000189716,0.000189716,0.000189716
2004-10-20,0.641505361,0.850238621,0.921739459,0.264487624
2004-10-21,0.119306587,0.243373647,0.200336292,0.000381079
2004-10-22,1.373598337,2.926575661,1.196428537,1.813276649
2004-10-24,0.183392614,0.294137567,0.387979239,0.203411669
2004-10-25,0.039388906,0.316847682,0.569146276,0.056692872
2004-10-26,0.000657892,0.149405748,0.344916373,0.000328946
2004-10-27,0.670692146,0.943157017,0.630736947,0.183777422
2004-10-28,0.294183731,0.460577339,0.302387863,0.04151668
2004-11-02,0.026099373,0.255760074,0.247339755,0.00046369
2004-11-03,0.381791353,0.042159647,0.001144737,0.00825884
2004-11-04,0.249479681,0.174306855,0.194676027,0.001019379
2004-11-05,0.076347843,0.693810046,0.127230808,0.001323392
2004-11-07,0.031830091,0.000161439,0.000161439,0.000161439
2004-11-08,0.002565099,0.117643476,0.511079371,0.087850839
2004-11-09,0.131637841,0.227182597,0.573101938,0.493611008
2004-11-10,0.073036246,0.000604896,0.251740068,0.000604896
2004-11-11,0.007685788,0.201728955,0.454152286,0.068312563
2004-11-12,0.200030804,0.18934381,0.514304578,0.078420833
2004-11-14,0.000255855,0.000127928,0.016036998,0.077587292
2004-11-15,0.028023271,0.000148787,0.176661,0.049328316
2004-11-16,0.054810811,0.000112516,0.000112516,0.000112516
2004-11-17,0.033647325,0.047544599,0.195229813,0.40797767
2004-11-18,0.109493203,0.711864531,0.579366684,0.388016433
2004-11-19,0.000936371,0.067936577,0.10875088,0.023188077
2004-11-22,0.010200959,0.000678493,0.286494941,0.000678493
2004-11-23,0.722542763,0.353908658,0.122290492,0.000621259
2004-11-24,0.43542245,0.718454123,1.137793303,0.067550153
2004-11-25,0.364286542,0.27083239,0.278887749,0.302353412
2004-11-26,0.001743153,0.16535753,0.512792885,0.523268223
2004-11-29,0.001402981,0.776947916,0.346801549,0.00070149
2004-11-30,0.002190494,0.306090683,0.678174615,0.110673502
2004-12-01,0.478008449,0.207346275,0.306929618,0.027453678
2004-12-02,0.224430382,0.317272007,0.441125751,0.000710572
2004-12-03,0.067534022,0.404820472,0.758322179,0.038461201
2004-12-05,0.088052325,0.000385536,0.1216387,0.000385536
2004-12-06,0.142839298,1.472783566,0.673366368,0.001025153
2004-12-07,0.618202448,0.169273093,0.507687926,0.001400752
2004-12-08,0.862413406,0.213300526,2.280514002,0.066672631
2004-12-09,0.10167256,0.676095426,0.000858606,0.010353162
2004-12-10,0.176788017,0.342657179,0.319481522,0.008341828
2004-12-12,0.000231531,0.046678346,0.000115765,0.217486799
2004-12-13,0.234326199,0.400706232,0.257009655,0.000458594
2004-12-14,0.123537384,0.12674959,0.039593518,0.053046279
2004-12-15,0.416433334,2.11663866,1.407341957,0.552760541
2004-12-16,0.182556301,1.492357969,0.781190157,0.194995239
2004-12-17,0.293008387,0.810657501,0.596462429,0.014577372
2004-12-18,0.300885737,0.474259764,0.14512606,0.000476382
2004-12-20,0.033548504,0.409030706,0.061497957,0.000285823
2004-12-21,0.001180018,0.029189065,0.464696139,0.000590009
2004-12-22,0.000435382,0.000217691,0.000217691,0.000217691
2004-12-23,0.000640293,0.000320147,0.155375987,0.000320147
2004-12-26,0.032140858,0.171620309,0.000690229,1.110824108
2004-12-27,0.024868019,0.123718649,0.00055351,1.183330417
2004-12-28,0.04485241,0.041326251,0.000300455,1.031151533
2004-12-30,0.000230795,0.023187924,0.000115397,0.000115397
2004-12-31,0.017669275,0.000631017,0.478363007,0.086884752
2005-01-03,0.000672515,0.000336257,0.219402775,0.000336257
2005-01-04,0.002112646,0.039229199,0.176744953,0.788605452
2005-01-05,0.094731912,0.175897956,0.000564663,0.341998398
2005-01-06,0.23351191,0.060964745,0.189391524,0.218814522
2005-01-07,0.000556119,0.169665501,0.044621177,0.068774015
2005-01-08,0.000674029,0.146072701,0.000337014,0.341174453
2005-01-09,0.000530804,0.096955515,0.054932229,0.443273336
2005-01-10,0.001309522,0.443017244,0.000654761,0.316427797
2005-01-11,0.012679777,0.230041653,0.000743413,0.184465915
2005-01-13,0.135605022,0.418350697,0.32646215,0.324709743
2005-01-14,0.489446104,0.66783452,0.171143338,1.011951327
2005-01-17,0.002294179,0.149546534,0.560360074,0.00114709
2005-01-18,0.001019981,0.136480242,0.157331869,0.144512057
2005-01-19,0.063385978,0.000574599,0.65262413,0.000574599
2005-01-20,0.199427918,0.110967353,0.480785131,0.184950113
2005-01-21,0.000702726,0.079485476,0.06487982,0.000351363
2005-01-24,0.09098614,0.322417945,0.299209923,0.000364405
2005-01-25,0.038221847,0.076018587,0.091042124,0.033035398
2005-01-26,0.665975273,0.329002112,0.850578785,0.254412919
2005-01-27,0.296234548,0.17760931,0.479361773,0.194371775
2005-01-28,0.00051308,0.172467768,0.119084127,0.00025654
2005-01-30,0.000290232,0.142836466,0.186759219,0.000145116
2005-01-31,0.117000245,0.188265964,0.262647241,0.028055148
2005-02-01,0.108802617,0.096843868,0.76224333,0.099620759
2005-02-02,0.810681105,0.128844962,0.79200381,0.043552622
2005-02-03,0.000656238,0.000328119,0.000328119,0.000328119
2005-02-04,0.00079231,0.000396155,0.607877672,0.087566137
2005-02-07,0.178832293,0.154258743,0.598922014,0.000732604
2005-02-08,0.024080411,1.215998292,1.449344873,0.064766698
2005-02-09,0.037292328,0.353401899,0.869520962,0.000859192
2005-02-10,0.002275286,0.850300431,1.012503624,0.079096697
2005-02-11,0.475402266,0.777866364,0.868558288,0.214795679
2005-02-12,0.096496075,0.166423038,0.091769241,0.089350313
2005-02-13,0.000204354,0.234374359,0.085591383,0.16118896
2005-02-14,0.077046879,0.616702139,1.05096066,0.03921501
2005-02-15,0.485382199,2.180660009,3.038068295,0.1725678
2005-02-16,0.598337829,3.305161476,2.827038288,0.355192631
2005-02-17,0.113481276,0.293381661,0.149438977,0.098690584
2005-02-18,0.176142305,0.186441019,0.226347968,0.020285623
2005-02-19,0.005706489,0.068683229,0.105148405,0.074487872
2005-02-20,0.022746434,0.047365349,0.000453244,0.000453244
2005-02-21,0.043407302,0.368991047,0.266630471,0.00157925
2005-02-22,0.57919544,0.088202849,0.046120238,0.00040771
2005-02-23,0.868467569,0.340113252,0.908074379,0.225715637
2005-02-24,0.610423982,0.000799069,0.058023542,0.081570633
2005-02-25,0.126193091,0.046800964,0.237797871,0.000392686
2005-02-28,0.020702092,0.000615409,0.267392099,0.04737103
2005-03-01,0.071740739,0.239142373,0.707201481,0.024051821
2005-03-02,0.007960537,0.024865635,0.80793196,0.074059308
2005-03-03,0.661861777,0.093870521,0.380401522,0.540630281
2005-03-04,1.014125824,0.250138551,0.671768606,0.154439345
2005-03-07,0.632144988,0.000223659,0.024582952,0.000223659
2005-03-08,0.641318977,0.00044868,0.133905843,0.003334232
2005-03-09,0.459887624,0.110503115,0.4347893,0.171030879
2005-03-10,0.309770137,0.656009316,0.573786676,0.327879936
2005-03-11,0.172613338,0.001869513,0.979051352,0.001869513
2005-03-14,0.281764954,0.283713192,0.259972095,0.214332357
2005-03-15,0.002990726,0.683880031,0.433345556,0.031144952
2005-03-16,0.241470113,0.000591549,0.071181536,0.105007619
2005-03-17,0.076688923,0.085629404,0.835715592,0.027922457
2005-03-18,0.00153546,0.145143688,0.238483489,0.02274544
2005-03-21,0.658636391,0.333292305,1.412247419,0.326837391
2005-03-22,0.210194066,0.128457293,0.093428217,0.062183127
2005-03-23,0.031239733,0.192399636,0.756314874,0.000643127
2005-03-24,1.192081571,0.18234846,0.452600718,0.086573564
2005-03-27,0.085570306,0.000181147,0.094765179,0.000181147
2005-03-28,0.097926743,0.050939579,0.000171147,0.02528793
2005-03-29,0.100240864,0.000373934,0.000373934,0.000373934
2005-03-30,0.512565792,0.000412168,0.176622778,0.000412168
2005-03-31,0.002559095,0.001279547,0.900506496,0.036615282
2005-04-01,0.000365757,0.000182879,0.000182879,0.308218926
2005-04-04,0.038324747,0.000373982,0.050039832,0.000373982
2005-04-05,0.577840328,0.035320599,0.24665539,0.000538093
2005-04-06,0.001039749,0.000519875,0.000519875,0.000519875
2005-04-07,0.687292039,0.00095836,0.840400934,0.027273646
2005-04-11,0.796024978,0.000341024,0.000341024,0.000341024
2005-04-13,0.106417909,0.001964633,0.721049309,0.001964633
2005-04-14,0.483756691,0.000270405,0.11780671,0.030885125
2005-04-17,0.091896787,0.000351241,0.154527619,0.000351241
2005-04-18,0.584375739,0.018404782,0.000199207,0.019995641
2005-04-20,0.001318526,0.000659263,0.249163926,0.000659263
2005-04-21,0.10227938,0.000603609,0.30589658,0.000603609
2005-04-22,0.179133564,0.000121054,0.000121054,0.000121054
2005-04-24,0.000964319,0.00048216,0.00048216,0.00048216
2005-04-25,0.436154902,0.122388408,0.000449084,0.143704534
2005-04-26,0.67485863,0.042920765,0.390633702,0.12533249
2005-04-27,0.036713045,0.000181123,0.103695802,0.000181123
2005-04-28,0.01649715,0.016716653,0.030134523,0.063570023
2005-04-29,0.043643523,0.000272596,0.000272596,0.000272596
2005-05-01,0.000270448,0.06170496,0.214270473,0.000135224
2005-05-02,0.000432592,0.030850122,0.036542475,0.000216296
2005-05-03,0.001310034,0.000655017,0.557617128,0.000655017
2005-05-04,0.000955773,0.142441347,0.39041847,0.000477886
2005-05-05,0.11154107,0.000710306,0.072942175,0.171401158
2005-05-06,0.053966347,0.000508425,0.568404973,0.030313421
2005-05-07,1.193689227,0.000271677,0.000271677,0.000271677
2005-05-08,0.33458814,0.028344758,0.000140019,0.000140019
2005-05-09,0.521517754,0.112035677,0.319006145,0.000483543
2005-05-10,0.098689131,0.015801899,0.177517161,0.000422253
2005-05-11,0.420039624,0.000639664,0.157970548,0.000639664
2005-05-12,0.002272718,0.093324043,0.609725714,0.001136359
2005-05-13,0.015720235,0.519341469,0.471590489,0.000647602
2005-05-16,0.000837368,0.562384903,0.483665407,0.000418684
2005-05-17,0.889126658,0.054366507,0.252901554,0.264618278
2005-05-18,0.000606083,0.191508666,0.083094023,0.430102766
2005-05-19,0.00052691,0.042991288,0.049281884,0.000263455
2005-05-20,0.039341569,0.034086555,0.080244482,0.158359975
2005-05-22,0.001582085,0.000791042,0.000791042,0.126755267
2005-05-23,0.026320891,0.090467557,0.038526211,0.000673736
2005-05-24,0.000938918,0.000469459,0.328055799,0.000469459
2005-05-25,0.818204522,0.209027156,0.729996622,0.374036431
2005-05-26,0.000437482,0.048044249,0.000218741,0.054528743
2005-05-27,0.136682227,0.232373446,0.746900856,0.099241786
2005-05-30,0.053132102,0.000455458,0.170117229,0.11016912
2005-05-31,0.176441118,0.177478343,0.618498325,0.124977656
2005-06-01,0.76484549,0.002034538,1.377828121,0.002034538
2005-06-02,0.000370627,0.000185314,0.089071639,0.000185314
2005-06-03,0.135693386,0.315032721,0.046015859,0.911913753
2005-06-04,0.005675051,0.118845217,0.282763004,0.362265587
2005-06-05,0.00044251,0.01437691,0.235433146,0.463943213
2005-06-06,0.086469442,0.333172768,0.088451281,0.067072906
2005-06-07,0.19752714,0.467578709,0.587410748,0.038607448
2005-06-08,1.055014133,0.000519914,0.140733436,0.000519914
2005-06-09,0.39793992,0.228331894,0.462926805,0.278714776
2005-06-10,0.028228367,0.001197816,0.001197816,0.001197816
2005-06-11,0.561701238,0.000553029,0.114507124,0.000553029
2005-06-12,0.106538951,0.029972913,0.014849924,0.000322959
2005-06-13,0.583306491,0.104188859,0.1598517,0.077899911
2005-06-14,0.055527613,0.378780723,0.955173016,0.152541444
2005-06-15,1.390565634,0.278630108,0.453871697,0.05013901
2005-06-16,0.435307056,0.193118036,0.739756405,0.435952485
2005-06-17,0.49605915,0.017863119,0.333412975,0.127652675
2005-06-18,0.296634287,0.000104011,0.000104011,0.000104011
2005-06-19,0.707000494,0.120658875,0.243033528,0.548196435
2005-06-20,1.149348974,0.151270002,0.632244766,0.032738045
2005-06-21,1.298965216,0.012007521,1.616584063,0.009728002
2005-06-22,1.129921317,0.080749936,0.54844749,0.017651673
2005-06-23,1.927941918,0.49962163,1.202639699,0.199530423
2005-06-24,0.000567753,0.000283876,0.099310964,0.000283876
2005-06-25,0.022679657,0.099358328,0.000408208,0.058094442
2005-06-26,0.194709122,0.182781518,0.039418317,0.089867137
2005-06-27,0.245115876,0.2443593,0.432403862,0.001119993
2005-06-28,0.04933732,0.717065692,0.882531047,0.097625196
2005-06-29,0.183947429,0.161067724,0.84044528,0.01795877
2005-06-30,0.247066289,0.605058312,0.460004002,0.016619774
2005-07-01,0.331269503,0.455784172,0.232268721,0.306715488
2005-07-02,0.214716002,0.241323516,0.000696896,0.000696896
2005-07-03,0.064735301,0.105451696,0.048945993,0.028906006
2005-07-04,0.4412646,0.895830631,0.316202849,0.078562148
2005-07-05,0.780341923,0.726344287,0.432112247,0.121406794
2005-07-06,0.404768527,2.304367304,0.928711832,0.343729556
2005-07-07,0.069120258,1.534765959,0.602655292,0.348433584
2005-07-08,0.030635504,1.818714738,1.199979305,0.766781032
2005-07-09,0.020261087,0.02775025,0.000203317,0.047486741
2005-07-11,0.096337482,0.44902274,0.409045398,0.1151345
2005-07-12,0.159403831,0.000138588,0.000138588,0.000138588
2005-07-13,0.137653053,0.000500672,0.378834188,0.011752739
2005-07-14,0.764053464,0.489950061,0.32365948,0.159962505
2005-07-15,0.494108498,0.056140814,0.435272455,0.186083198
2005-07-18,0.040878613,0.000348022,0.198505506,0.000348022
2005-07-19,0.143869191,0.000140097,0.000140097,0.000140097
2005-07-20,0.000827348,0.22264719,0.089011177,0.000413674
2005-07-21,0.324583352,0.050379127,0.827020407,0.001212863
2005-07-22,0.000796289,0.000398144,0.000398144,0.567271411
2005-07-23,0.000479525,0.000239762,0.367586255,0.000239762
2005-07-25,0.001815363,0.000907681,0.456564009,0.62925154
2005-07-26,0.000864161,0.214935362,0.428597808,0.07003922
2005-07-27,0.959896088,0.646651328,0.520341933,0.05964756
2005-07-28,0.613022864,3.853228092,2.411332846,0.1731392
2005-07-29,0.353790462,0.355963916,0.330031037,0.141725749
2005-07-31,0.001011476,0.235290572,0.204509422,0.15613994
2005-08-02,0.012277141,0.000847324,0.012835838,0.680237651
2005-08-04,0.117386326,0.02146709,0.013750573,0.000491039
2005-08-08,0.000264332,0.000132166,0.055553123,0.062131844
2005-08-09,0.321750641,0.000398522,0.361894816,0.039157383
2005-08-10,0.0214004,0.000242531,0.252884597,0.000242531
2005-08-11,0.075149402,0.000568324,0.367958695,0.053711332
2005-08-12,0.000763323,0.000381661,0.107876994,0.395680904
2005-08-15,0.000769987,0.000384993,0.000384993,0.50665468
2005-08-16,0.000470778,0.598578632,0.052370455,0.000235389
2005-08-17,0.368183702,0.000448626,0.198216334,0.05444736
2005-08-18,0.000270777,0.000135388,0.043162338,0.000135388
2005-08-19,0.00066221,0.564821839,0.079230331,0.029714592
2005-08-22,0.087553054,0.000735327,0.228254139,0.018124133
2005-08-23,0.000645382,0.000322691,0.171938077,0.051011443
2005-08-24,0.000455061,0.00022753,0.00022753,0.21077849
2005-08-25,0.508521497,0.000542902,0.023422591,0.737353623
2005-08-26,0.120626353,9.31318E-05,0.225994632,0.004992289
2005-08-31,0.058514386,0.046135664,0.040870607,0.36256218
2005-09-01,0.113712117,0.420008779,0.723401666,0.106831096
2005-09-02,0.000220051,0.000110025,0.000110025,0.530369341
2005-09-04,0.000899987,0.290294379,0.006371305,0.005505492
2005-09-05,0.002812113,0.501679778,0.846892953,0.098725341
2005-09-06,0.321294248,0.628877938,0.001032527,0.012963157
2005-09-07,1.095022917,0.183118239,0.56370604,0.034383856
2005-09-08,0.182586789,0.260223687,0.275447518,0.816931963
2005-09-09,0.066171959,0.201810539,0.112833641,0.421813965
2005-09-10,0.038389537,0.212297305,0.463951766,0.024287086
2005-09-11,0.078332081,0.131965801,0.260158896,0.184118092
2005-09-12,0.000872427,0.746827483,0.000436214,0.000436214
2005-09-13,0.06598305,0.175774485,0.11272347,0.103349961
2005-09-14,0.390737146,0.227064237,0.843950331,0.029770512
2005-09-15,0.002065796,0.001032898,0.207114726,0.209788471
2005-09-16,0.942635894,0.001367321,0.705194592,0.596337438
2005-09-17,0.095979951,0.047227707,0.000281899,0.048154041
2005-09-19,0.000404623,0.068579227,0.185473278,0.000202312
2005-09-20,0.194990158,0.015757265,0.306627572,0.000664347
2005-09-21,0.031875864,0.013774503,1.194540262,0.00069832
2005-09-22,0.122452274,1.275651217,0.639800727,0.28938219
2005-09-23,0.406663805,0.299809217,0.822250187,1.270699978
2005-09-25,0.000582045,0.000291022,0.000291022,0.029904803
2005-09-26,0.027325256,0.062256046,0.401197821,0.232299834
2005-09-27,0.437351733,0.077732973,1.327233911,0.002178334
2005-09-28,0.023553567,0.301479787,0.563800097,0.001139739
2005-09-29,0.100747518,0.138318866,0.346303344,0.133024141
2005-09-30,0.001793664,0.051313415,0.363500834,0.083504573
2005-10-03,0.001192204,0.000596102,0.086785749,0.394078106
2005-10-04,0.000967466,0.000483733,0.216933355,0.000483733
2005-10-05,0.026531925,0.234796539,0.451636076,0.152956054
2005-10-06,0.000672351,0.00596711,0.000336175,0.24712953
2005-10-07,0.069627792,0.10880512,0.262420386,0.061881233
2005-10-08,0.111649543,0.000658898,0.000658898,0.000658898
2005-10-09,0.000825335,0.000412667,0.000412667,0.000412667
2005-10-10,0.001905855,0.472328365,0.194356114,0.518904388
2005-10-11,0.000852889,0.317373097,0.280992389,0.059343051
2005-10-12,0.087399796,0.053767703,0.188917786,0.027558582
2005-10-13,0.168771267,0.000244103,0.196862549,0.000244103
2005-10-14,0.040966861,0.043187685,0.503782928,0.134147137
2005-10-17,0.210570589,0.458338261,0.934174776,0.896902382
2005-10-18,0.236144543,0.561360419,0.668630004,0.267119229
2005-10-19,0.0012638,0.035660688,0.0006319,0.375270158
2005-10-20,0.015328636,0.40299502,0.26041463,0.173137471
2005-10-21,0.00131587,0.000657935,0.575128913,0.261061817
2005-10-22,0.000696303,0.040369112,0.000348151,0.000348151
2005-10-23,0.000379493,0.125460953,0.180868208,0.000189746
2005-10-24,0.091491565,0.154819071,1.08251667,0.012785843
2005-10-25,0.050599739,0.175511643,0.447411984,0.018268595
2005-10-26,0.554345131,0.001315083,0.676112354,0.096129239
2005-10-27,0.000549602,0.027902307,0.243109643,0.034763079
2005-10-28,0.297916979,0.249651894,0.438956827,0.17489922
2005-10-31,0.001634034,0.293666899,0.919101775,0.257965714
2005-11-01,0.097386628,1.101604939,1.444239616,0.43969357
2005-11-02,0.353671759,0.04455176,0.000645572,0.012615171
2005-11-03,0.001267978,0.446742386,0.28417033,0.000633989
2005-11-04,0.12167602,0.034740854,0.027200963,0.547407389
2005-11-07,0.281729311,0.508183122,1.225186229,0.001342387
2005-11-08,0.002126965,0.409710705,0.587104023,0.015176729
2005-11-09,0.001827339,0.00091367,0.457631618,0.08224348
2005-11-10,0.114297993,0.403704315,1.053806186,0.001816604
2005-11-11,0.240615785,0.332139611,0.321505547,0.313256562
2005-11-14,0.094853431,0.763589978,0.260490119,0.011103252
2005-11-15,0.352369845,0.440873891,0.574891448,0.077796653
2005-11-16,0.145789951,0.571120501,0.769634247,0.201168984
2005-11-17,0.002062245,1.256830573,1.052996755,0.070572034
2005-11-18,0.000421354,0.135441229,0.185418338,0.000210677
2005-11-20,0.026242556,0.266888708,0.205440775,0.000165383
2005-11-21,0.047820337,0.869979739,0.967145026,0.387541205
2005-11-22,0.893307269,2.749466181,2.770733595,0.112908557
2005-11-23,0.336702198,0.855955124,1.159183264,0.190834567
2005-11-24,0.005731078,0.557899117,0.888083279,0.000964704
2005-11-25,0.036497988,0.422246516,0.633731365,0.016413776
2005-11-27,0.257377684,2.255744457,2.094756126,0.08438921
2005-11-28,0.615487695,1.010404825,1.208873153,0.36795795
2005-11-29,0.833540857,1.017715096,1.279244423,0.011756166
2005-11-30,0.699006498,2.366548777,1.351329803,0.15220663
2005-12-01,0.308560878,1.412369251,1.52974093,0.162581712
2005-12-02,0.507708669,0.597051799,0.317622542,0.088683173
2005-12-03,0.146803007,0.968818665,0.370777577,0.518991828
2005-12-04,0.421303421,0.606488407,0.879677415,0.052566461
2005-12-05,0.002312264,0.627581179,0.398368716,0.257515341
2005-12-06,0.779303193,3.087634563,1.117204428,0.665171266
2005-12-07,0.696325004,3.319469213,2.92427659,0.162574396
2005-12-08,0.817694664,3.102387905,1.715614319,0.975263238
2005-12-09,1.142564893,3.21821022,1.773649454,0.149184987
2005-12-10,0.391805559,3.996702671,0.840051532,0.053543299
2005-12-12,0.000398446,0.021479541,0.000199223,0.000199223
2005-12-13,0.499577492,0.097571179,0.266274899,0.000879181
2005-12-14,0.724833548,0.11940188,0.188195616,0.103209101
2005-12-15,0.000577221,0.000288611,0.000288611,0.340163141
2005-12-16,0.001531188,0.000765594,0.080759048,0.285125434
2005-12-17,0.355326712,0.000283958,0.000283958,0.000283958
2005-12-19,0.041458417,0.22197111,0.480643898,0.000588467
2005-12-20,0.192128941,0.218938991,0.418894708,0.000648831
2005-12-21,0.198366106,0.092527442,0.751687288,0.134686217
2005-12-22,0.727352858,0.052750111,0.07594686,0.088345259
2005-12-27,0.148754239,0.005848972,0.000241278,0.000241278
2005-12-28,0.001026317,0.128601179,0.190962926,0.000513159
2005-12-29,0.000221271,0.000110636,0.171154231,0.000110636
2005-12-30,0.063321598,0.000704569,0.168717965,0.293879271
2005-12-31,0.442838311,0.000205237,0.000205237,0.000205237
2006-01-02,0.000228962,0.038756728,0.071303643,0.006162222
2006-01-03,0.032757904,0.179042131,0.167025924,0.037294827
2006-01-04,0.000262488,0.012561315,0.180794105,0.15227896
2006-01-06,0.067703933,0.19197531,0.371318758,0.410147697
2006-01-09,0.268833846,0.320705414,0.573127806,0.000904088
2006-01-10,0.123340197,0.882643521,1.911442161,1.212636471
2006-01-11,1.044469476,0.926006615,1.698838234,0.138818607
2006-01-12,0.338827074,0.693426251,1.216056466,0.030314332
2006-01-13,0.000563968,0.000281984,0.000281984,0.357147902
2006-01-16,0.347513437,0.254719436,0.127570674,0.000459686
2006-01-17,0.144710317,0.051602006,0.390273273,0.582313776
2006-01-18,0.384695262,0.00085734,0.267366856,0.301448226
2006-01-19,0.00032438,0.00016219,0.073763676,0.122804791
2006-01-20,0.001715291,0.000857645,0.094032161,0.172466293
2006-01-21,0.889112234,0.000257459,0.000257459,0.000257459
2006-01-23,0.218474925,0.00188666,0.827085972,0.00188666
2006-01-24,0.713433743,0.040423263,0.778705478,0.029060654
2006-01-25,0.417783499,0.359989226,0.001976307,0.001976307
2006-01-26,0.2080369,0.000567546,0.000567546,0.399807394
2006-01-27,0.000221962,0.000110981,0.000110981,0.342435598
2006-01-28,0.253965139,0.000165428,0.189489231,0.000165428
2006-01-30,0.020015873,0.08864741,0.20077768,0.574984252
2006-01-31,0.001326284,0.120064355,0.254924595,0.175303295
2006-02-01,0.136174232,0.384849966,1.168879032,0.042038631
2006-02-02,0.561353564,0.023151755,0.214874819,0.62031126
2006-02-03,0.013447253,0.147582084,0.359478742,0.240733206
2006-02-05,0.000567908,0.000283954,0.000283954,0.17209661
2006-02-06,0.572360277,0.469455719,1.028862238,0.088017628
2006-02-07,0.001652821,0.316469193,0.153939113,0.00082641
2006-02-08,1.006968856,0.158533484,1.976240873,0.269814432
2006-02-09,0.151185811,0.22669971,1.122613549,0.076223738
2006-02-10,0.013343435,0.000208457,0.212675974,0.000208457
2006-02-11,0.001105555,0.06407655,0.135013223,0.02539403
2006-02-12,0.01186866,0.164939031,0.000138034,0.000138034
2006-02-13,0.043794092,0.000618101,0.133845046,0.000618101
2006-02-14,0.415574104,0.469098568,0.680781245,0.03323758
2006-02-15,0.003465112,0.050163791,0.595710516,0.001732556
2006-02-16,0.279795825,0.289701998,0.847767413,0.164525434
2006-02-17,0.376077175,0.096911788,0.542727828,0.001041441
2006-02-18,0.001002496,0.103418984,0.019392705,0.000501248
2006-02-20,0.070806786,0.085013323,0.235833019,0.061090019
2006-02-21,0.000678386,0.000339193,0.000339193,0.079680435
2006-02-22,0.021065185,0.099431515,0.06449791,0.000714428
2006-02-23,0.001140288,0.08032342,0.089344926,0.471376061
2006-02-24,0.065717205,0.3916502,0.798424006,0.057068806
2006-02-27,0.168086842,0.199802607,0.834359884,0.0005445
2006-02-28,0.018156299,0.182623878,0.239365116,0.0361224
2006-03-01,0.244387195,0.15278177,0.347969353,0.06127017
2006-03-02,0.117546916,0.000528517,0.292608023,0.105736852
2006-03-03,0.472237378,0.025064526,0.426800072,0.00044752
2006-03-04,0.0081021,0.05122152,0.295831412,0.000142957
2006-03-05,0.00060237,0.1772912,0.048862275,0.000301185
2006-03-06,0.000365623,0.223411679,0.179562122,0.000182812
2006-03-07,0.065249071,0.042572428,0.130760312,0.478309304
2006-03-08,0.229401946,0.070681147,0.671580851,0.112545997
2006-03-09,0.006528721,0.058712296,0.094603591,0.058507115
2006-03-10,0.046377748,0.26421845,0.22307393,0.001217415
2006-03-13,0.043897226,0.206213713,0.240223944,0.503569722
2006-03-14,0.003236281,0.416234553,0.723241925,0.316396803
2006-03-15,0.745106101,0.397633076,0.678457499,0.002403359
2006-03-16,0.002593832,0.364887863,0.436866283,0.001296916
2006-03-17,0.047944181,0.182754561,0.290931851,0.299122155
2006-03-18,0.000452416,0.000226208,0.000226208,0.366422296
2006-03-19,0.010442135,0.000125548,0.061359018,0.000125548
2006-03-20,0.344794184,0.084278695,0.378893554,0.080082394
2006-03-21,0.073799245,0.014637939,1.183925271,0.257951409
2006-03-22,0.526454389,0.254372746,1.9193995,0.044438843
2006-03-23,0.002721839,0.001360919,0.164500266,0.130545378
2006-03-24,0.072432183,0.174271524,0.589782894,0.127791271
2006-03-25,0.023517836,0.000380686,0.000380686,0.000380686
2006-03-27,0.058706399,0.082391091,0.629322112,0.403924316
2006-03-28,0.575928807,0.118369535,1.816430211,0.103467591
2006-03-29,0.002819156,0.25781548,0.938508153,0.001409578
2006-03-30,0.58121109,0.266933173,1.453159809,0.18758668
2006-03-31,0.791360855,0.000675259,0.396981537,0.000675259
2006-04-01,0.017195515,0.223761275,0.000163407,0.000163407
2006-04-02,0.006057912,0.053494383,0.208482012,0.091887414
2006-04-03,0.377552032,0.000726459,0.951192141,0.000726459
2006-04-04,0.251106322,0.047821164,0.692309201,0.000540714
2006-04-05,0.249895841,0.238110989,1.675205946,0.320712954
2006-04-06,0.001605742,0.052462988,0.149405748,0.000802871
2006-04-07,0.001363715,0.000681857,0.397094667,0.01069357
2006-04-09,0.000363857,0.000181928,0.000181928,0.024067469
2006-04-10,0.179195389,0.065606758,0.174120411,0.091344714
2006-04-11,0.392339438,0.044304121,0.982929409,0.684111655
2006-04-12,0.167642415,0.00083446,0.377624899,0.548693359
2006-04-13,0.009596105,0.00067173,0.273651928,0.00067173
2006-04-14,0.0005165,0.00025825,0.00025825,0.034359321
2006-04-15,0.09864904,0.000173281,0.171305418,0.000173281
2006-04-17,0.15963845,0.165678754,0.81885457,0.097653612
2006-04-18,0.207281977,0.015904689,0.495265722,0.011388041
2006-04-19,0.28469643,0.153772444,0.815532804,0.150188893
2006-04-20,0.234535992,0.179412231,1.283427,0.22587198
2006-04-21,0.109575123,0.290420622,1.090833664,0.090717345
2006-04-22,0.223135442,0.000312691,0.066907182,0.000312691
2006-04-23,0.118027538,0.049435265,0.398218751,0.000303999
2006-04-24,0.064015597,0.000379489,0.075107351,0.263298303
2006-04-25,0.263873309,0.250246018,1.115522861,0.509577513
2006-04-26,0.043763079,0.002568558,1.348958492,0.154115215
2006-04-27,0.556374669,0.001122348,0.330061495,0.047191858
2006-04-28,0.12131051,0.000962305,0.224576741,0.088231623
2006-05-01,0.116832465,0.000448211,0.657810807,0.000448211
2006-05-02,0.637291014,0.061465256,0.521057546,0.423653901
2006-05-03,0.071632378,0.108902864,0.301155537,0.769687772
2006-05-04,0.036287762,0.116166301,1.156832576,0.603578031
2006-05-05,0.753976703,0.055056475,0.333182186,0.710526466
2006-05-08,0.002533228,0.374101609,0.001266614,0.612912595
2006-05-09,0.108057365,0.078372486,0.658852339,0.671562016
2006-05-10,0.951463759,0.756125629,1.604730606,0.740766406
2006-05-11,0.082647972,0.33277896,0.710810304,0.628420889
2006-05-12,0.377076179,1.290711284,1.65407896,0.726793051
2006-05-14,0.00065513,0.815315843,0.264622122,0.054877751
2006-05-15,0.567782879,0.832917094,1.560454607,1.311372519
2006-05-16,0.452927917,1.281707883,1.273044229,0.712032974
2006-05-17,0.79978466,0.768727005,1.436556578,0.782998979
2006-05-18,0.977758408,0.698064744,1.558368802,1.495571733
2006-05-19,0.619504511,0.215306729,0.824473619,0.64530915
2006-05-20,0.246147454,0.104458079,0.316584706,0.000908152
2006-05-21,0.12411043,0.000513859,0.077656224,0.000513859
2006-05-22,0.537011147,1.138476014,1.758792996,0.968220115
2006-05-23,0.048491392,0.098479733,0.804128826,0.598388553
2006-05-24,0.187868565,0.045969237,0.301234275,1.02729702
2006-05-25,0.084029712,0.603528678,0.256447911,1.056860685
2006-05-26,0.19835338,1.678312063,0.917201281,0.658335567
2006-05-27,0.037403613,0.111574553,0.117622174,0.021792814
2006-05-28,0.421785057,0.000545337,0.000545337,0.86777699
2006-05-29,0.002013324,0.122931242,0.462100148,0.001006662
2006-05-30,0.001182214,0.426764876,0.230643332,0.000591107
2006-05-31,0.357969701,0.041447949,0.611445487,0.659367919
2006-06-01,0.100290991,0.016754581,0.207723424,0.000370601
2006-06-02,0.054576986,0.266688436,0.610545754,0.013541091
2006-06-04,0.459738433,0.190488994,0.258328855,0.050557334
2006-06-05,0.018287154,0.233703226,0.497995764,0.235375628
2006-06-06,0.292740911,0.084416702,1.002348065,0.314109772
2006-06-07,0.459605515,0.343574673,0.998712361,0.056311846
2006-06-08,0.217521027,0.188881263,0.591729343,0.001425841
2006-06-09,0.117509715,0.343123764,0.626636565,0.058913782
2006-06-11,0.08900284,0.000147767,0.000147767,0.244445935
2006-06-12,0.287381589,0.09844745,1.341228843,0.695215523
2006-06-13,0.128136918,0.001313672,0.603739381,0.001313672
2006-06-14,0.979710579,0.217709512,0.381663769,0.072378568
2006-06-15,0.015579913,0.147921041,1.131439328,0.048355862
2006-06-16,0.007522479,0.039450672,0.199681491,0.044979259
2006-06-19,0.001206502,0.053806048,0.500918329,0.016631903
2006-06-20,0.003285097,0.307234496,1.486386895,0.024456449
2006-06-21,0.002954206,0.039150361,1.483506322,0.109728567
2006-06-22,0.035693359,0.224458098,1.413856626,0.001672086
2006-06-23,0.05415877,0.001471643,0.950088441,0.027035674
2006-06-24,0.000470908,0.000235454,0.000235454,0.000235454
2006-06-26,1.854123116,1.060250759,1.046615362,0.172531039
2006-06-27,0.046140961,0.026638005,0.189517111,0.47721535
2006-06-28,0.194716796,0.001667734,1.066719413,0.1187419
2006-06-29,0.091357552,0.141174063,1.585014462,0.455671012
2006-06-30,0.037706193,0.001555546,0.79353559,0.001555546
2006-07-01,0.050741199,0.000147764,0.000147764,0.078504466
2006-07-02,0.03893204,0.000223874,0.046974096,0.000223874
2006-07-03,0.142982215,0.10941454,0.719976664,0.434342861
2006-07-04,0.021049671,0.074945115,0.804996252,0.001027378
2006-07-05,0.172480032,0.238903582,0.446690708,0.4615556
2006-07-06,0.001774059,0.00088703,0.1931739,0.00088703
2006-07-07,0.001388087,0.073518082,0.53643465,0.000694043
2006-07-09,0.1546361,0.208002612,0.353412211,0.020670522
2006-07-10,0.265726745,0.306112349,0.448091745,0.100335352
2006-07-11,0.232927009,0.64610368,1.743812799,0.144943446
2006-07-12,0.026333522,0.367022216,0.49942708,0.000629903
2006-07-13,0.238670066,0.368280411,0.14022705,0.289370626
2006-07-14,0.082014777,0.594810247,0.794065595,0.0911965
2006-07-15,0.001256519,0.020705832,0.506137013,0.000628259
2006-07-16,0.003196606,0.498223662,0.385953248,0.001598303
2006-07-17,0.016850209,0.487274826,0.288179874,0.154410899
2006-07-18,0.006540933,0.382831693,0.150785282,0.000180284
2006-07-19,0.040250134,0.073377192,0.173437521,0.274999738
2006-07-20,0.151196495,0.001135276,0.346322447,0.21830155
2006-07-21,0.107887514,0.000216369,0.153943017,0.000216369
2006-07-23,0.000524396,0.000262198,0.030361189,0.069668628
2006-07-25,0.43846035,0.002433648,0.368156523,0.863535523
2006-07-26,0.206677198,0.115121983,0.100213073,0.148844332
2006-07-27,0.156621724,0.08427684,0.092970312,0.446683556
2006-07-28,0.526149213,0.092336558,0.68350023,0.534366369
2006-07-31,0.696950495,0.173204556,1.032224178,0.087512679
2006-08-01,0.24846679,0.014653081,0.179760352,0.217495009
2006-08-02,0.00118844,0.00059422,0.180856675,0.00059422
2006-08-03,0.295952529,0.059695937,0.274374515,0.274194092
2006-08-04,0.004354306,0.040628612,0.136983082,0.255900204
2006-08-06,0.011366735,0.012174775,0.137919515,0.258332253
2006-08-07,0.029759273,0.181609675,0.715732992,0.47160846
2006-08-08,0.055210963,0.309204668,0.287811875,0.690656006
2006-08-09,0.312288582,0.000984316,0.15118812,0.000984316
2006-08-10,0.000672849,0.401918292,0.018118748,0.000336425
2006-08-11,0.000593465,0.000296732,0.032946087,0.000296732
2006-08-14,0.000948838,0.000474419,0.164278179,0.462160707
2006-08-15,0.249507293,0.325593472,0.650029719,0.071432196
2006-08-16,0.00171789,0.091738746,0.151065767,0.604967654
2006-08-17,0.471527964,0.198438138,1.236601114,0.089930519
2006-08-18,0.46083039,0.042850591,0.404944241,0.000453134
2006-08-20,0.036756128,0.000211868,0.000211868,0.06621591
2006-08-21,0.366853446,0.294313133,0.331699729,0.340547174
2006-08-22,0.043485817,0.000344194,0.093395099,0.337922275
2006-08-23,0.005679467,0.129281864,0.988392115,0.117547177
2006-08-24,0.001334687,0.000667343,0.254747689,0.000667343
2006-08-25,0.000917413,0.000458706,0.26577428,0.359781533
2006-08-27,0.000656018,0.101825535,0.476669103,0.000328009
2006-08-28,0.117957309,0.106643423,0.199359536,0.173509002
2006-08-29,0.002833968,0.202982694,0.898628473,0.099993289
2006-08-30,0.552803218,0.07589063,0.423382103,0.049284257
2006-08-31,1.599033594,0.223531544,1.780480504,0.079590142
2006-09-01,0.50639981,0.448513538,1.19849205,1.146903515
2006-09-02,0.001039816,0.000519908,0.209901735,0.000519908
2006-09-03,0.13354072,0.164606914,0.116027206,0.000949782
2006-09-04,0.637049973,0.142835811,0.436091632,0.000844033
2006-09-05,0.181206331,0.46511665,0.874704599,0.107259437
2006-09-06,0.418209553,0.104812175,1.984353781,0.260115176
2006-09-07,0.221545577,0.487557381,1.293352485,0.002693787
2006-09-08,0.171888679,0.146642774,0.524089992,0.19670479
2006-09-10,0.232129633,0.09273497,0.132742226,0.000256022
2006-09-11,0.388022125,0.386571318,1.507891774,0.050070442
2006-09-12,0.439677775,0.147872195,0.152429506,0.050589763
2006-09-13,0.004373628,0.264475852,0.753361523,0.19260636
2006-09-14,0.096697241,0.390180111,1.193800449,0.001083933
2006-09-15,0.039151058,0.568658888,0.254286945,0.265951604
2006-09-16,0.000305697,0.000152849,0.000152849,0.000152849
2006-09-17,0.364267617,0.2381953,0.345988363,1.778261542
2006-09-18,0.413688302,0.215107173,1.40377593,0.427686363
2006-09-19,0.40912652,0.520238578,1.064959288,0.092007555
2006-09-20,0.81234926,0.214305893,0.960410118,0.032548331
2006-09-21,0.653933406,0.370636791,1.24812746,0.002838893
2006-09-22,0.501601458,0.280499488,1.217359304,0.043520421
2006-09-23,0.075985216,0.000136166,0.000136166,0.013618761
2006-09-24,0.187503055,0.000157002,0.000157002,0.000157002
2006-09-25,0.831733167,0.214280754,0.573325098,0.738812923
2006-09-26,1.370339394,0.469667107,1.096721411,0.131729186
2006-09-27,0.902922153,0.125612035,1.025867224,0.086094253
2006-09-28,0.922022998,0.231269211,1.810877442,0.054910373
2006-09-29,0.638252616,0.40808329,0.904354036,0.000791324
2006-09-30,0.682967782,0.046392024,0.000435811,0.029476197
2006-10-01,0.000419172,0.000209586,0.000209586,0.07809747
2006-10-02,0.032047722,0.263968557,0.481219172,0.082854182
2006-10-03,0.264731973,0.213428512,1.003735304,0.509398699
2006-10-04,0.624253392,0.613076508,1.69952178,0.115751565
2006-10-05,0.431674302,0.484649837,1.550352693,0.399081588
2006-10-06,0.18893899,0.037116759,1.776446104,0.069125786
2006-10-08,0.000530042,0.000265021,0.000265021,0.000265021
2006-10-09,0.384819299,0.168436944,0.529638827,0.418150097
2006-10-10,0.123588711,0.347649992,0.520073593,0.394311011
2006-10-11,0.145520121,0.63633883,1.136002541,0.055231374
2006-10-12,0.066814758,0.001107729,0.920551121,0.070168465
2006-10-13,0.323145777,0.211605698,0.555585623,0.533529401
2006-10-14,0.000625143,0.000312572,0.27298972,0.000312572
2006-10-15,0.098750725,0.000130867,0.000130867,0.000130867
2006-10-16,0.35789752,0.342340499,2.216575384,0.325091422
2006-10-17,0.549795032,0.670787275,1.358675361,0.44202444
2006-10-18,1.078972578,0.298155934,0.739736915,0.155929267
2006-10-19,0.466587782,0.36704427,1.194569468,0.661435723
2006-10-20,0.013295875,0.060173202,0.326873988,0.170312583
2006-10-22,0.724062741,0.046126988,0.000862798,0.005297077
2006-10-23,0.031731203,0.51103133,0.830143094,0.02525912
2006-10-24,0.7221573,0.897529662,0.938548088,0.448755205
2006-10-25,0.175458997,0.722914398,1.291208744,0.271505058
2006-10-26,0.132482275,0.554792464,1.297354221,0.29574129
2006-10-27,0.180397376,1.033604622,1.730503798,0.761815012
2006-10-28,0.045575604,0.242857084,0.927451015,0.000612783
2006-10-29,0.244845435,0.408919841,0.722903609,0.134167358
2006-10-30,1.629308939,2.2594347,4.371030807,0.583076358
2006-10-31,1.180825233,2.093389273,2.211300373,0.193106189
2006-11-01,0.773130655,1.24399066,1.19811666,0.050403304
2006-11-02,0.161418736,0.999047399,1.727642775,0.075879678
2006-11-03,0.398649633,0.922262788,1.18882823,0.326074749
2006-11-04,0.181647435,0.295458943,0.145944744,0.000508467
2006-11-05,1.172330976,2.068048477,0.91877377,0.561497331
2006-11-06,0.267644674,1.739758015,1.485179305,0.572774529
2006-11-07,1.464508057,1.598115325,2.27834487,1.489631653
2006-11-08,1.265687108,1.607299685,1.355896473,0.514296889
2006-11-09,0.817437887,1.742683649,1.87518549,0.785445154
2006-11-10,0.299521208,0.691684783,1.880890369,0.513267875
2006-11-11,0.041892637,0.965474188,0.114303499,0.085564055
2006-11-12,1.14208889,0.24830395,0.258432806,0.254828066
2006-11-13,1.946964145,2.123072386,1.796586394,1.363637447
2006-11-14,1.249364138,1.720764041,2.276907444,0.35316664
2006-11-15,2.752337694,2.923071623,3.251267433,0.625334084
2006-11-16,0.917742014,2.191100836,1.150334954,0.035258431
2006-11-17,0.389412731,2.872099638,1.572761893,0.025447769
2006-11-18,0.171751142,0.687117219,0.418756694,0.001014097
2006-11-19,0.007681057,0.14064151,0.000681205,0.000681205
2006-11-20,0.079913892,0.312008411,1.424271464,0.001693699
2006-11-21,0.280336052,0.577546179,2.158792973,0.003482548
2006-11-22,0.167005464,0.049417097,0.593876123,0.786538482
2006-11-23,0.028603744,0.138126075,0.47272262,1.153083801
2006-11-24,0.004671483,0.092118941,1.083215594,0.032852076
2006-11-25,0.043594211,0.00038123,0.00038123,0.00038123
2006-11-27,0.657275736,0.086135022,0.907032371,0.003123043
2006-11-28,0.610004246,0.43584016,1.632846594,0.224794134
2006-11-29,1.046779275,0.123236895,1.662668347,0.099309213
2006-11-30,0.792585492,0.331555992,2.201355457,0.571788728
2006-12-01,0.662582755,0.272369981,1.531507134,0.276096344
2006-12-02,0.278288841,0.040614285,0.199235991,0.038232159
2006-12-03,1.276910663,0.021310722,0.438205302,0.2464201
2006-12-04,0.57387197,0.040413186,0.64004004,0.090786077
2006-12-05,0.310134739,0.218873784,0.52986598,0.75382787
2006-12-06,1.124548554,0.228642613,3.001394272,0.324201792
2006-12-07,1.413534522,0.36291188,0.55756253,1.440616012
2006-12-08,0.043161511,0.148065656,0.516470432,1.327470422
2006-12-09,0.142300367,0.000560694,0.199764341,0.805776954
2006-12-10,0.066769883,0.000335322,0.127601326,0.141461551
2006-12-11,1.11058712,0.059993118,0.594467461,0.001929439
2006-12-12,0.985824823,0.102432206,1.543951392,2.052514315
2006-12-13,0.084095605,0.095473722,1.571021914,0.135918021
2006-12-14,1.461513281,0.23379834,2.959329844,1.937948823
2006-12-15,0.363231182,0.071793422,1.041406631,1.001291871
2006-12-16,0.001564975,0.000782488,0.000782488,0.72276485
2006-12-18,0.008074318,0.395533442,1.521668077,0.647136152
2006-12-19,0.668832123,0.360905141,1.072714686,0.292100519
2006-12-20,0.025644016,0.115068913,2.016772985,0.173481211
2006-12-21,0.045137465,0.002039449,0.002039449,0.107369944
2006-12-22,0.113883793,0.046055082,0.32640031,0.001023379
2006-12-24,0.000610962,0.000305481,0.114649147,0.000305481
2006-12-25,0.570572317,0.000649706,0.305659354,0.087287948
2006-12-27,0.5622949,0.183085978,0.759032845,0.121767156
2006-12-28,0.535760105,0.00144073,0.254652619,0.616883099
2006-12-29,0.269359589,0.076988645,0.527424634,0.000893706
2006-12-31,0.001096162,0.000548081,0.000548081,0.334243149
2007-01-02,0.000935678,0.172237083,0.519909859,0.087424658
2007-01-03,0.411979973,0.394418299,0.478748471,0.333480626
2007-01-04,2.923385859,0.658718944,0.589515984,0.182574019
2007-01-05,0.229637235,0.001575062,0.092986338,0.001575062
2007-01-06,0.059162669,0.126151338,0.000144526,0.000144526
2007-01-07,0.000465705,0.000232852,0.000232852,0.010804052
2007-01-08,1.002523184,0.898449898,2.741575003,0.221480191
2007-01-09,1.028069973,0.227718532,1.788967609,0.349229664
2007-01-10,1.733816504,1.554665089,4.201740265,0.512737393
2007-01-11,0.325999856,0.51142323,0.912447155,1.055136681
2007-01-12,1.288346291,0.172570899,1.244802475,0.099175662
2007-01-13,0.740852177,0.00066361,0.03909995,0.00066361
2007-01-14,0.71767658,0.079846404,0.510524213,0.458423048
2007-01-15,0.18238683,0.247715116,1.052233219,0.13050501
2007-01-16,1.389752507,0.898327291,2.020734072,0.879926801
2007-01-17,2.7026577,0.740852773,2.488363266,1.338018179
2007-01-18,3.597276449,0.663863599,2.872340202,0.24531877
2007-01-19,2.1384902,0.676086366,2.862611294,1.527467251
2007-01-20,0.000275137,0.000137569,0.000137569,0.708160996
2007-01-21,0.972496986,0.034137409,0.24638927,0.73171097
2007-01-22,1.654900789,0.275516361,1.318315387,0.102970101
2007-01-23,2.979804993,0.579842329,2.500007629,0.549761295
2007-01-24,3.024884224,1.448957443,2.896389008,0.381562471
2007-01-25,0.654242814,1.304012537,1.926881433,0.899879754
2007-01-26,0.037207171,0.479287207,0.486310452,0.330886781
2007-01-27,0.353373438,1.346178412,1.075401545,0.073153742
2007-01-28,0.206671968,0.000515868,0.000515868,0.08617311
2007-01-29,1.293114424,1.638206482,1.174693704,0.2223735
2007-01-30,2.622757912,2.004890919,2.02666235,0.872950435
2007-01-31,1.918653846,0.677690923,4.117738247,0.845848978
2007-02-01,1.033540249,1.635210633,2.173786163,0.454100668
2007-02-02,1.224337578,2.142851591,3.947926044,2.874541998
2007-02-03,0.189585879,0.239187807,0.381294727,0.251635104
2007-02-04,0.096905999,0.960579872,0.565460265,0.247117937
2007-02-05,0.996762037,2.095720291,2.694381952,1.15790987
2007-02-06,1.477624297,2.285229921,4.081888676,0.45473817
2007-02-07,0.982830167,1.063846111,4.356065273,1.037371993
2007-02-08,0.933723032,1.507866502,2.209877253,0.528832018
2007-02-09,1.368730307,0.442651004,2.076121807,1.163729429
2007-02-10,1.175717235,0.271344155,0.535971224,0.713141143
2007-02-11,0.048966464,0.0341959,0.148850292,0.472639114
2007-02-12,1.12351501,0.952295601,0.728253007,0.787725449
2007-02-13,0.707556367,1.093017459,2.443245411,1.722293377
2007-02-14,0.814115882,0.003878626,2.871378422,0.989811838
2007-02-15,2.099088669,0.463888735,2.033751249,0.317758441
2007-02-16,0.986435235,0.473417133,2.080158472,0.003901133
2007-02-17,0.000402316,0.187364623,0.347343057,0.025286354
2007-02-18,0.222323835,0.720623434,0.205660447,0.067837119
2007-02-19,0.366779923,0.491633594,1.44954586,0.491988868
2007-02-20,0.581069648,1.111177683,3.507635117,0.067163683
2007-02-21,0.787304699,0.285161823,1.341809869,0.353369355
2007-02-22,1.488285899,0.444785684,1.943501592,0.775502264
2007-02-23,0.171494365,0.031272262,0.580874324,0.025048228
2007-02-24,0.001539955,0.000769978,0.219487563,0.014331281
2007-02-25,1.248951077,0.288605422,0.817803025,0.318017602
2007-02-26,2.003023386,0.510721624,2.053002834,0.878664136
2007-02-27,0.463640958,1.06927228,2.144201279,1.014986873
2007-02-28,0.693843365,0.566969693,1.211248279,0.030472102
2007-03-01,0.751418054,0.618979335,2.594074011,0.795102179
2007-03-02,0.701798022,0.994303703,0.722623408,0.635418832
2007-03-03,0.170469135,0.0004722,0.860415876,0.053896915
2007-03-04,0.246956706,0.008411273,0.583343565,0.102811389
2007-03-05,0.18108049,0.1361247,0.79432261,0.019231105
2007-03-06,1.386711836,0.619036436,1.527724385,0.037572023
2007-03-07,0.832359076,1.07666254,2.47367239,0.609419942
2007-03-08,2.060117483,0.528003335,1.556225061,0.298201203
2007-03-09,0.951364458,1.504092097,2.10482502,0.268818557
2007-03-10,0.135737106,0.472141534,0.51349473,0.167826235
2007-03-11,0.332317263,0.000511083,0.170488983,0.287873805
2007-03-12,1.254033208,0.488776088,1.703472495,0.179712176
2007-03-13,1.835147262,1.47657454,2.7514534,0.222694606
2007-03-14,0.752309084,0.339598328,1.532146215,0.146556318
2007-03-15,0.767689049,0.870138764,1.737675786,0.375934839
2007-03-16,1.700979471,1.007520318,1.539741158,0.319940895
2007-03-17,1.184925079,1.117750406,1.432478428,0.087605491
2007-03-18,1.534524322,0.009746918,0.03059889,0.345817357
2007-03-19,1.212803364,0.113017276,2.298701048,0.181524694
2007-03-20,0.541616559,0.039837562,1.456748366,1.234612584
2007-03-21,2.427926779,1.101291299,1.632778525,0.88268131
2007-03-22,0.064472705,0.221617654,1.081786036,0.371199608
2007-03-23,0.195328042,0.749544024,1.112067342,0.717473269
2007-03-24,0.061939627,0.00026675,0.00026675,0.032717295
2007-03-25,0.070514418,0.05753288,0.089966074,0.041946944
2007-03-26,0.592476964,0.420052141,1.903440475,0.081598423
2007-03-27,0.1895843,0.343961537,1.003557324,0.19591029
2007-03-28,1.04064858,0.706139684,1.386126399,1.025929093
2007-03-29,0.790220857,0.714072049,4.149746418,0.044995066
2007-03-30,0.934259951,0.644977868,1.550531268,0.522889018
2007-03-31,0.026274305,0.000357406,0.192088902,0.103563301
2007-04-01,0.239304274,0.604031682,0.775808156,1.089254618
2007-04-02,1.331320167,0.714654028,2.910761833,0.266285688
2007-04-03,1.533302069,0.781186283,2.47963047,1.007391095
2007-04-04,1.410235047,0.163315505,1.293614745,0.156155095
2007-04-05,0.454242736,0.523239911,0.554261446,0.700009227
2007-04-06,0.29985261,0.910356998,0.979048252,0.544876456
2007-04-07,0.056962904,0.248258606,0.538585901,0.194601551
2007-04-09,0.056279827,0.2202923,0.189743862,0.000691766
2007-04-10,1.287233114,0.738696992,1.790160537,1.065288663
2007-04-11,1.126092434,1.118616819,1.8487252,0.993964195
2007-04-12,0.513482273,1.205718875,1.280138016,0.168339863
2007-04-13,0.52838105,0.20471479,0.636315048,0.449572295
2007-04-14,0.393297255,0.000399899,0.245021135,0.097377047
2007-04-15,0.037591256,0.343262106,0.207692981,0.000463162
2007-04-16,0.35733372,0.478563339,2.547886372,0.003483529
2007-04-17,1.048156619,1.210508943,2.179608583,0.476130635
2007-04-18,1.317617774,0.712008297,3.56921196,0.315438479
2007-04-19,1.684686065,0.861916661,2.531097651,0.103881069
2007-04-20,1.141215324,0.299910009,1.547006607,0.767559826
2007-04-21,0.00059737,0.000298685,0.000298685,0.000298685
2007-04-22,0.159159839,0.099339664,0.292346418,0.085087776
2007-04-23,0.617965341,0.93307054,2.65719223,0.674795985
2007-04-24,0.860437691,0.600401819,1.993587494,0.101347961
2007-04-25,1.828668475,0.187632188,2.668772936,0.597444355
2007-04-26,1.295739412,0.59259975,1.696502209,0.459823906
2007-04-27,1.629511595,0.721581399,2.191667795,0.715121984
2007-04-28,0.223323584,0.000212952,0.000212952,0.000212952
2007-04-29,0.865244985,0.732455969,1.99239409,0.277602971
2007-04-30,0.356725186,0.990505934,2.565575123,0.579125881
2007-05-01,0.176516026,0.97513473,1.525882959,1.389387012
2007-05-02,1.286867857,1.6222229,2.821497917,0.846700549
2007-05-03,0.715522528,2.144643545,2.377494812,0.440716863
2007-05-04,1.226190448,2.200844049,4.480841637,0.679045379
2007-05-05,0.280140549,0.000115419,0.029304955,0.020065885
2007-05-06,1.335822105,0.710529923,0.340375364,0.079614758
2007-05-07,1.282739758,1.401287079,1.432871103,0.509592295
2007-05-08,1.145838857,0.290159374,1.017378926,0.189944923
2007-05-09,1.180022717,0.465338707,2.084393024,0.477361351
2007-05-10,0.328932375,1.892938495,1.190586686,0.572655141
2007-05-11,0.611141205,0.609817266,1.367621779,0.665924013
2007-05-12,0.087953307,0.121798404,0.114204228,0.000660644
2007-05-13,0.10227339,0.142702684,0.07888148,0.35987854
2007-05-14,1.354083538,0.979364872,1.960964203,0.310581297
2007-05-15,0.80840081,0.883731484,1.694310188,1.164595008
2007-05-16,0.545819581,0.986741185,1.384532809,0.278654337
2007-05-17,0.773534596,0.727397501,1.937152386,0.157684118
2007-05-18,0.546989143,2.538076639,1.058570504,0.333227724
2007-05-19,0.154288694,0.086610831,0.127634734,0.00055378
2007-05-20,0.861590266,0.068424456,0.133464187,0.347625732
2007-05-21,2.258196115,2.458261728,3.770038605,0.321623713
2007-05-22,0.475090891,2.180365086,2.740837336,0.499131471
2007-05-23,0.883759022,0.381456017,1.276199818,1.457307816
2007-05-24,1.227884054,2.135917902,3.112297297,0.514541686
2007-05-25,0.367150635,0.859880447,1.476838708,0.953460038
2007-05-26,0.521397114,0.243969679,0.34723562,0.168416038
2007-05-27,0.050764136,0.015682181,0.099593386,0.289946109
2007-05-28,0.427835345,1.302644372,1.437255502,0.106320046
2007-05-29,1.152507663,1.946244597,3.07148242,0.243230775
2007-05-30,0.553083718,0.667173445,1.907418251,0.583529592
2007-05-31,2.121292353,1.703943253,3.848376513,0.530052483
2007-06-01,1.563285351,1.591069341,3.401926517,0.124253049
2007-06-02,0.297979802,0.683929086,0.093728617,0.331004381
2007-06-03,0.549365401,1.934443235,2.562837601,0.519230545
2007-06-04,1.438382149,3.71383214,6.643924713,1.176729321
2007-06-05,1.043926358,2.931389093,3.786092043,2.02388978
2007-06-06,1.022160411,1.65151763,2.600226879,1.276588202
2007-06-07,1.77736485,3.646465302,3.016115665,0.46398747
2007-06-08,0.50957495,2.26538682,1.711759567,0.58867234
2007-06-10,0.606005073,0.000687011,0.106602147,0.216843501
2007-06-11,1.185222745,0.525108039,1.36124897,0.318715423
2007-06-12,1.786696076,0.440582186,1.259099126,0.649046183
2007-06-13,1.060015559,0.002785869,0.661476493,0.381546974
2007-06-14,0.740246713,1.368055224,1.834710479,0.91340965
2007-06-15,0.072319157,0.375426471,0.497001886,0.288576037
2007-06-17,0.067641214,0.03416054,0.000873605,0.936494529
2007-06-18,0.510712743,0.252116323,0.770322919,0.269930631
2007-06-19,1.558794379,0.392802179,0.952609062,1.101992249
2007-06-20,0.012876679,0.701240957,1.002737641,0.227589548
2007-06-21,2.549520016,0.356743068,1.59266305,0.317977667
2007-06-22,1.129541039,0.025415186,0.824164629,0.357203782
2007-06-23,0.217148751,0.039655391,0.00059381,0.147881001
2007-06-24,0.793689668,0.000777625,0.056222226,0.2654728
2007-06-25,0.583116651,0.177786201,0.740235925,0.119654685
2007-06-26,0.424652189,0.432843149,1.147845387,1.045951962
2007-06-27,2.403725147,0.335686266,2.365785837,0.688080072
2007-06-28,1.491961956,0.320151746,1.531238675,0.216787174
2007-06-29,0.798508584,0.663678229,0.762482703,0.616806149
2007-06-30,0.00072258,0.00036129,0.00036129,1.251954079
2007-07-01,0.149267912,0.016909709,0.140352279,0.338423103
2007-07-02,0.279402316,0.598823011,0.622932553,0.689926624
2007-07-03,1.206813693,0.092065699,1.253341556,0.474064767
2007-07-04,0.719201505,0.250278652,1.207396269,0.389041364
2007-07-05,0.28837952,0.58536011,0.97224313,0.458802402
2007-07-06,0.850168347,0.847221375,1.513678551,0.434691638
2007-07-07,0.163819969,0.289289147,0.176720276,0.165797383
2007-07-08,0.069084078,0.033641528,0.168227032,0.052951887
2007-07-09,0.756837249,0.119004816,0.923435152,0.12824513
2007-07-10,0.288163215,0.001261534,0.298306942,0.001261534
2007-07-11,1.833280802,0.09392494,1.586007714,0.479477912
2007-07-12,0.831463814,0.001621271,1.150216699,0.293090969
2007-07-13,0.58507359,0.684113204,2.064249277,0.422147393
2007-07-16,0.372884214,0.226634085,0.354260564,1.612856507
2007-07-17,1.330134749,0.279438674,1.021280169,0.279136539
2007-07-18,0.678036153,0.101215802,0.795242071,1.106362581
2007-07-19,0.120674327,0.076109923,0.441988468,0.738755226
2007-07-20,0.218734831,0.031247726,0.621159077,0.657713294
2007-07-21,0.014976603,0.044292994,0.000205363,0.000205363
2007-07-22,0.160330668,0.101842083,0.617880702,0.495346904
2007-07-23,0.741393805,0.338318378,0.888086855,1.421250343
2007-07-24,1.532729626,0.296855509,1.190534353,2.691913128
2007-07-25,1.484120011,0.070920274,1.201081038,0.966400385
2007-07-26,1.750194073,0.003002142,1.218623638,1.157506466
2007-07-27,1.04754591,0.029976455,0.689189196,0.090692006
2007-07-28,0.247374326,0.000866257,0.000866257,0.440390587
2007-07-29,0.219248563,0.066115551,0.848141432,0.168898255
2007-07-30,0.656270981,0.001369918,0.337253958,0.812478483
2007-07-31,0.109370485,0.429730862,0.527924597,0.023294633
2007-08-01,0.258351147,0.847082734,0.784062862,2.450227499
2007-08-02,1.190998316,0.002103131,0.288782299,1.052978992
2007-08-03,0.707924724,2.990040541,1.510242701,0.898101985
2007-08-04,0.074085921,0.272025108,0.070515789,0.45230642
2007-08-05,1.297939539,0.000403351,0.000403351,0.000403351
2007-08-06,0.705486894,0.002088307,0.711341858,0.723475337
2007-08-07,0.766183019,0.568623066,0.560286283,2.093334436
2007-08-08,0.424977899,0.068396136,0.596210122,1.113345385
2007-08-09,0.651765227,0.017091574,0.398189366,1.162944078
2007-08-10,0.120994881,0.122751668,0.695323408,0.938216567
2007-08-11,0.071344614,0.000383659,0.000383659,0.000383659
2007-08-12,0.10236758,0.001060901,0.165321186,0.086062737
2007-08-13,1.088211298,0.541139364,1.2226336,0.825225532
2007-08-14,0.139813602,0.414779961,0.785779715,0.538340747
2007-08-15,0.403462946,0.251244664,0.787202537,0.988813102
2007-08-16,0.179408491,0.001080838,0.348303884,0.15130046
2007-08-17,0.204884872,0.001946046,0.172390848,0.834123373
2007-08-18,0.089677647,0.135484576,0.250656337,0.72463733
2007-08-19,0.327963978,0.049248308,0.228288233,2.209700346
2007-08-20,0.196293265,0.225628912,0.23170191,0.690223396
2007-08-21,0.323435664,0.042310037,0.554318547,0.692733109
2007-08-22,1.794169784,0.531179786,2.507646084,1.10600543
2007-08-23,1.400624633,1.598579764,1.754760742,0.34131521
2007-08-24,1.054245949,0.260755777,0.286902696,1.816419244
2007-08-25,0.430809468,0.161062613,0.022489795,0.076447256
2007-08-26,0.05590979,2.005246878,0.628706098,1.274369836
2007-08-27,0.798878849,2.366276264,1.029191613,0.792482436
2007-08-28,0.633468628,0.943063855,0.922831535,0.513939679
2007-08-29,0.452255309,1.29427731,1.449439883,1.293957472
2007-08-30,0.052210536,1.884352565,1.100619078,0.746964753
2007-08-31,0.296083003,3.14665246,1.094348311,0.196855158
2007-09-01,0.342334092,0.085106164,0.022312943,0.614726067
2007-09-02,1.141635537,0.410937577,0.664211035,0.434611648
2007-09-03,0.08730083,0.648394227,0.393696785,2.211002111
2007-09-04,0.990605831,2.011501551,1.885982513,2.204839468
2007-09-05,0.262377232,0.871376991,1.096185923,1.991768122
2007-09-06,0.633458018,1.695967436,1.150385857,0.646216154
2007-09-07,1.259363174,0.758259118,1.038466215,1.058465719
2007-09-08,0.904057562,1.001934528,0.807236969,0.065266348
2007-09-09,0.595676601,0.754806578,0.680131853,0.066219687
2007-09-10,0.149227709,0.036110334,0.470247388,0.27521354
2007-09-11,0.298496515,1.188929081,1.322545528,0.074734382
2007-09-12,0.180491999,0.53008312,1.687644243,0.338973135
2007-09-13,0.411098719,0.476953566,0.878592312,0.24445343
2007-09-14,0.151416108,0.425759315,0.348612607,0.001577503
2007-09-15,0.000444718,0.000222359,0.000222359,0.000222359
2007-09-16,0.278552562,0.525334001,0.406758845,0.000556508
2007-09-17,0.067786038,0.000897282,0.439629078,0.102887452
2007-09-18,0.359195173,0.698919594,0.733059466,0.16467163
2007-09-19,0.271323234,0.207218334,0.668172359,0.085319959
2007-09-20,0.791161954,0.183153465,1.057860851,0.126229197
2007-09-21,0.15929997,1.137737155,0.633744836,0.204517931
2007-09-22,0.131189525,0.543652058,0.623819053,0.000416648
2007-09-23,0.783415556,1.359598041,0.720195532,0.073794246
2007-09-24,2.281041622,4.852221489,3.153050661,0.545869946
2007-09-25,0.319817662,2.002671003,1.242348552,0.273553163
2007-09-26,0.332792401,1.164004087,1.419677734,0.265351057
2007-09-27,1.355657101,2.747937202,3.880498409,0.589318454
2007-09-28,0.921363652,2.04542017,2.00008893,0.495735168
2007-09-29,0.074019194,0.266382098,0.027215613,0.098030098
2007-09-30,0.771128595,0.353418618,0.034289327,0.197486266
2007-10-01,0.591906846,2.664977789,2.099097729,0.391779065
2007-10-02,1.59795773,1.095415831,2.691390991,0.505592823
2007-10-03,0.905025005,1.65010047,1.208228827,0.640873313
2007-10-04,1.638687611,1.456432104,1.205185771,0.056715481
2007-10-05,0.386583894,0.467881173,0.93495214,0.736526489
2007-10-06,0.000635512,0.000317756,0.03526013,0.000317756
2007-10-07,0.000748931,0.000374465,0.012147062,0.260178387
2007-10-08,0.921239853,0.375351906,0.657096505,0.3058469
2007-10-09,0.238922,0.299856067,1.672111392,0.486113936
2007-10-10,0.304221064,0.718713164,1.862201691,0.505799413
2007-10-11,0.886903703,0.311777472,0.672118664,0.407257468
2007-10-12,3.70891118,1.666138291,0.554991603,0.334576309
2007-10-13,0.913454056,0.01920205,0.018804042,0.036923829
2007-10-14,2.233182907,0.162077829,0.101636156,0.353352666
2007-10-15,2.999415159,0.616853952,1.19492805,0.013684661
2007-10-16,1.310739994,0.508292854,0.649193287,0.340847164
2007-10-17,1.883337498,0.00397816,0.625621498,0.74976331
2007-10-18,0.561223447,0.048457947,1.198212624,0.560422957
2007-10-19,0.669737995,0.466661781,1.531604528,0.518469751
2007-10-20,1.129503727,0.491586626,0.592745304,0.001114671
2007-10-21,1.29923737,0.237248287,0.237399369,0.012566693
2007-10-22,1.640098572,0.101978019,0.894486129,0.639706433
2007-10-23,1.080062509,0.519286275,0.685066462,0.271015793
2007-10-24,0.694442451,2.228331566,1.446882129,0.38249746
2007-10-25,1.166433573,1.103471637,1.682090402,0.281928033
2007-10-26,0.152997255,0.068028167,0.670302331,0.126305252
2007-10-27,0.207692415,0.056308884,0.132917002,0.017694037
2007-10-29,0.87223202,0.2838732,1.41595912,0.046090759
2007-10-30,1.622580886,0.715876818,0.586274624,0.659679651
2007-10-31,0.760915816,0.585246801,0.922395289,0.685123563
2007-11-01,0.422208399,0.129468665,0.682474256,0.172888175
2007-11-02,0.398371994,0.240367174,0.39325124,0.002356059
2007-11-03,0.000419417,0.163883328,0.000209708,0.036961176
2007-11-04,0.098755948,0.134918869,0.111861587,0.100165322
2007-11-05,0.86160624,0.765954316,1.372647405,0.860962927
2007-11-06,1.397983789,0.863406897,1.663082361,0.294049859
2007-11-07,1.338125467,1.636092305,1.66101408,0.484482288
2007-11-08,1.985203743,0.352453768,1.125707269,0.096080624
2007-11-09,0.23632054,0.966173708,0.553341269,0.327243447
2007-11-10,0.156008601,0.144338593,0.012757412,0.067354999
2007-11-11,0.178742558,0.170448154,0.774623215,0.001069495
2007-11-12,0.309032947,1.523380399,1.018703222,0.300645202
2007-11-13,0.489055365,0.782211006,1.275248528,0.238716677
2007-11-14,0.448196411,0.923170269,0.769321799,0.188984782
2007-11-15,1.147750378,2.160492897,2.316700697,0.213184029
2007-11-16,0.285170197,2.025635481,0.971133232,0.612765431
2007-11-17,0.380542517,0.698657751,0.244190574,0.165319368
2007-11-18,0.149461821,0.670942962,0.079420656,0.38572225
2007-11-19,0.610750079,1.410974622,1.43342638,0.677764297
2007-11-20,0.852104843,0.578178704,0.856624842,1.110376239
2007-11-21,0.671949089,1.670397043,1.646413565,0.421095192
2007-11-22,1.185967684,1.018416762,1.214398623,0.31469959
2007-11-23,1.346687555,0.496291995,0.40267691,1.803585768
2007-11-24,3.121225595,1.840360761,0.483191162,0.407042027
2007-11-25,1.372203112,1.160758734,0.264834136,1.154544353
2007-11-26,1.058184743,0.520329475,0.953592837,0.378090382
2007-11-27,0.29411456,2.636254311,2.920311928,0.900467873
2007-11-28,0.578421652,1.770248652,2.618872881,1.267421722
2007-11-29,1.848161578,1.299197078,1.773148298,0.193224415
2007-11-30,0.466722548,2.460296631,1.600371242,0.455948651
2007-12-02,0.890625775,7.060649872,1.764886498,0.417529881
2007-12-03,0.892907917,5.998023987,2.741093397,0.835528135
2007-12-04,1.249063492,3.677183867,2.568387985,1.111154199
2007-12-05,0.543020308,2.610224962,0.539806962,0.678249419
2007-12-06,1.907742739,3.622081518,2.336658239,0.688278198
2007-12-07,0.969255567,2.568345547,2.148781538,0.198378906
2007-12-08,0.075381875,3.664860249,1.195290804,0.769501686
2007-12-09,0.187856898,1.350116372,0.362785012,0.104087062
2007-12-10,1.729925156,5.661630154,2.86888051,0.949681997
2007-12-11,0.99161464,4.49474287,1.62624681,0.919568837
2007-12-12,1.655178666,3.987303019,3.046801805,0.469611675
2007-12-13,0.796089172,4.485340595,1.816541791,0.314408302
2007-12-14,1.155188084,6.172440529,2.075275183,0.395446777
2007-12-15,0.52267766,7.873347759,0.528955281,0.004421002
2007-12-16,1.36847353,2.077463627,1.073124051,0.002293993
2007-12-17,0.103648372,0.349520057,1.058334947,0.705421269
2007-12-18,1.151661515,0.182169169,0.971628845,0.295107484
2007-12-19,0.889670491,0.001159682,0.149069324,0.528940082
2007-12-20,2.359278202,0.523957908,1.036504269,0.099694945
2007-12-21,0.195584744,0.657797873,0.828231573,1.565370917
2007-12-22,0.000800291,0.000400146,0.000400146,0.000400146
2007-12-23,0.0957397,0.000336524,0.148001984,0.000336524
2007-12-26,0.00050633,0.049746688,0.00179029,0.000253165
2007-12-27,0.00111701,0.000558505,0.276040912,0.127343759
2007-12-28,0.001952249,0.000976124,0.000976124,0.000976124
2007-12-30,0.052743874,0.590210378,0.164711341,0.114072293
2008-01-02,0.204972759,0.057616618,0.000859115,0.000859115
2008-01-03,0.323830217,0.224949092,0.229420915,0.286157608
2008-01-04,0.961812615,0.121283039,1.133581281,0.011935108
2008-01-06,0.24402006,0.155035079,0.068313301,0.000864204
2008-01-07,0.642910063,0.461625338,0.92932713,0.001065196
2008-01-08,0.542937338,0.261083454,0.580095768,0.192355365
2008-01-09,1.242019653,0.156911984,0.395206153,0.94754982
2008-01-10,1.479478478,0.153946817,1.418677926,0.047342435
2008-01-11,0.736805797,0.136659831,0.367678821,0.41834715
2008-01-12,0.175944388,0.000290239,0.000290239,0.000290239
2008-01-13,0.005454557,0.053249925,0.048691288,0.101370513
2008-01-14,1.135041833,0.059054781,1.693294048,0.118385553
2008-01-15,1.865600467,0.105868325,1.35791111,0.44346261
2008-01-16,0.224773079,0.441956371,0.741473675,0.074056543
2008-01-17,0.45404771,0.150461957,1.511650443,1.153756857
2008-01-18,0.61042124,1.022803307,1.701060534,0.331728697
2008-01-19,0.308394581,0.230628997,0.710207224,0.00125677
2008-01-20,0.001411131,0.000705565,0.515728056,0.000705565
2008-01-21,0.835166335,0.004537341,1.532043576,0.489752293
2008-01-22,0.309236705,0.11705941,1.113031268,0.686000526
2008-01-23,1.331506014,0.357343316,2.844215393,0.273705482
2008-01-24,0.777841866,0.881289423,1.914323926,0.627909362
2008-01-25,0.366092086,0.233799607,0.720822871,0.171856776
2008-01-26,0.060268126,0.117951781,0.303860396,0.263230354
2008-01-27,0.251774222,0.210530102,0.084535703,0.077149123
2008-01-28,1.158933759,0.797960281,0.426481307,0.20081234
2008-01-29,1.001844287,1.249470234,1.205876708,0.222692892
2008-01-30,0.169451207,0.843990564,0.824877858,0.141841561
2008-01-31,1.665834546,0.882970572,1.820972562,0.479005873
2008-02-01,0.495617062,0.52936399,0.390129238,0.328520954
2008-02-04,0.157697439,0.042922035,0.304748744,0.8618384
2008-02-05,0.389384925,0.122678384,1.138288498,0.00128907
2008-02-06,0.699395537,0.503616691,0.563967347,0.803085327
2008-02-07,0.716507912,0.541038632,1.030499816,0.147195369
2008-02-08,1.300281763,0.599051595,1.241130829,0.078779988
2008-02-09,0.873198748,0.000956043,0.092613205,0.032549679
2008-02-10,0.084724821,0.156043664,0.537752032,0.287404776
2008-02-11,0.745554388,0.428645283,0.232262149,0.421528041
2008-02-12,0.496976495,0.349767685,1.503300548,0.519186497
2008-02-13,0.283783674,0.121756032,1.690873981,0.050805926
2008-02-14,0.196409881,1.005286217,1.300190806,0.127784237
2008-02-15,1.312381506,0.836646318,1.293684244,0.213439614
2008-02-17,0.000354241,0.00017712,0.087523133,0.00017712
2008-02-18,0.542260647,0.10220997,0.875022829,0.047014769
2008-02-19,1.215194821,0.381839752,0.786993265,0.653824806
2008-02-20,0.649142087,0.686247528,1.258567333,0.023106895
2008-02-21,1.888102293,0.340477377,1.349225044,0.216318816
2008-02-22,0.367879838,0.591768801,0.705964863,0.460616171
2008-02-23,0.000335254,0.000167627,0.000167627,0.187779665
2008-02-24,0.007629095,0.000359614,0.105856873,0.175624251
2008-02-25,0.396334976,0.891212821,1.386798978,0.074951567
2008-02-26,1.14455092,0.184851289,0.85485971,1.057633281
2008-02-27,0.546625912,0.888246298,1.164667845,0.27613911
2008-02-28,0.558460414,0.085456401,0.410045147,0.088873774
2008-02-29,1.152235746,0.441199183,1.071689963,0.146377906
2008-03-02,0.019454921,0.000404269,0.000404269,0.000404269
2008-03-03,0.098514825,0.64398098,0.68131429,0.029796224
2008-03-04,0.836837828,0.001725591,0.300198734,0.194513053
2008-03-05,0.351100028,0.588328481,1.103066325,0.232931793
2008-03-06,1.473469257,0.0698402,0.632233739,0.174199432
2008-03-07,0.030638192,0.126257077,0.090185679,0.532431424
2008-03-10,1.051291823,0.579162478,2.024768829,0.099802673
2008-03-11,0.486237139,0.925691485,1.569808602,1.008214116
2008-03-12,1.462364078,0.524951279,0.836672664,0.250892222
2008-03-13,0.739611983,1.392285705,2.435145855,0.081916191
2008-03-14,1.520121336,1.289456606,2.017741203,0.081808016
2008-03-15,0.287889659,0.882515669,0.626104236,0.114187822
2008-03-16,0.273620635,1.043661714,0.365500093,0.22445412
2008-03-17,0.133816123,0.539073527,0.330055684,0.345220059
2008-03-18,0.07164064,0.302899033,0.492773861,0.017361248
2008-03-19,0.218600392,0.334253252,1.21423018,1.089195132
2008-03-20,0.605571568,0.026067618,0.631315291,0.248330191
2008-03-21,0.613475263,0.002256043,0.345074117,0.248113468
2008-03-22,0.000333512,0.000166756,0.06794931,0.000166756
2008-03-24,0.000559786,0.000279893,0.000279893,0.458359241
2008-03-25,1.087000489,0.002390318,0.31701991,0.701187074
2008-03-26,0.068742797,0.232855827,0.215334266,0.001624295
2008-03-27,1.539682865,0.256546885,2.298109531,0.236426562
2008-03-28,0.285474837,1.374895453,0.615214825,0.238372803
2008-03-29,0.214277267,0.033972953,0.104270652,0.283732414
2008-03-30,0.671001673,2.86935854,1.19520545,0.322742969
2008-03-31,0.440470636,1.904487133,0.788995206,0.010223929
2008-04-01,0.809096932,0.001780089,0.774855673,0.102889329
2008-04-02,1.656953335,0.003850687,1.04588306,0.25698939
2008-04-03,1.441351056,0.080345832,0.526029587,0.670731544
2008-04-04,0.136422887,1.560098886,0.66138798,0.001833957
2008-04-05,0.200941563,0.383493036,0.147510692,0.140662447
2008-04-06,0.00023085,0.000115425,0.000115425,0.047871206
2008-04-07,0.237569854,0.797584653,0.923932612,0.36392197
2008-04-08,0.448059976,0.072071701,0.217283189,0.000752826
2008-04-09,1.613555551,1.091188073,1.065222859,0.194162041
2008-04-10,1.136435509,0.247552633,1.52491045,0.392347336
2008-04-11,0.683594465,0.202484533,1.146564841,0.094771273
2008-04-12,0.002180748,0.37958473,0.206214666,0.001090374
2008-04-13,0.036705576,0.209372044,0.094430186,0.619300306
2008-04-14,0.453531891,0.206176355,0.602950335,0.606719792
2008-04-15,0.447413504,1.12613833,1.231145144,0.251800209
2008-04-16,1.235740066,0.547789633,2.17752099,0.04042675
2008-04-17,1.192507744,2.093054533,2.910847187,0.451512873
2008-04-18,1.265281796,1.297703743,1.481437922,1.391512275
2008-04-19,0.244345531,0.386507034,0.098358884,1.264904737
2008-04-20,0.597426832,0.090636268,0.174599007,0.049160723
2008-04-21,0.369008988,0.267437696,0.809039652,0.17604284
2008-04-22,0.966214955,1.072800159,2.458860636,0.529457152
2008-04-23,0.167143136,0.915079534,1.674714684,0.163393453
2008-04-24,1.005860925,0.41323182,0.555393636,0.464059412
2008-04-25,1.213904858,0.258639902,0.16008541,0.284590542
2008-04-26,0.089583471,0.092807688,0.000424787,0.000424787
2008-04-27,0.140469059,0.00091359,0.38238135,0.00091359
2008-04-28,0.132996514,0.315798074,0.844393253,0.001716617
2008-04-29,1.100996494,0.001993655,0.65227443,0.630261064
2008-04-30,1.090978146,0.67321384,1.064276457,0.043039445
2008-05-01,1.024629831,0.033078939,0.779063463,0.191489294
2008-05-02,0.734850049,0.026757589,0.570029259,0.140443102
2008-05-03,0.411210448,0.040701635,0.212166652,0.05020158
2008-05-04,0.341816247,0.613393128,0.27362299,0.000722035
2008-05-05,0.334797829,0.145244226,0.444529235,1.014765382
2008-05-06,1.510065079,0.524040103,1.034269691,0.044325616
2008-05-07,1.512070656,0.493336916,1.018124223,0.070014507
2008-05-08,0.138550356,0.324050128,1.085818768,0.334836274
2008-05-09,0.58292973,0.12739262,0.297378778,0.000921709
2008-05-10,0.542058945,0.31189236,0.131627932,0.000306428
2008-05-11,0.000517018,0.265737385,0.28393954,0.000258509
2008-05-12,1.391718745,0.107928894,1.002647042,0.201699734
2008-05-13,0.449647874,0.211213931,0.771648526,0.078643888
2008-05-14,0.631233573,0.411138296,0.691670239,0.865499198
2008-05-15,0.231504589,0.326956928,0.629952788,0.021623235
2008-05-16,0.269497365,1.387701035,0.551355362,0.002013388
2008-05-17,0.000656115,0.000328057,0.000328057,0.000328057
2008-05-18,0.003255863,0.14615804,0.039944585,0.056691814
2008-05-19,1.057383537,1.065170288,1.084845662,0.119486749
2008-05-20,0.737541139,0.48698768,0.829304457,0.00321556
2008-05-21,0.370259821,0.217984408,0.758477986,0.178313091
2008-05-22,1.034612775,0.182258397,1.142682076,0.026742972
2008-05-23,0.347445428,1.773577452,2.098134995,0.391772121
2008-05-24,0.413358092,1.201238155,0.395201713,0.223106667
2008-05-25,0.93515569,1.079168081,0.576146305,0.082255825
2008-05-26,0.618000448,1.40975821,1.454723835,0.58585608
2008-05-27,1.460753679,0.660519898,0.883398533,0.262144625
2008-05-28,1.844409585,0.566450417,0.839146852,0.157656416
2008-05-29,1.506995797,1.586660981,1.055545926,0.002746498
2008-05-30,0.417336941,1.306479573,1.142469764,0.132487491
2008-05-31,0.20959352,0.00034004,0.361915469,0.00034004
2008-06-01,0.024983382,0.668531179,0.317049921,0.001126593
2008-06-02,2.551029682,0.843193352,2.377861023,0.040689126
2008-06-03,1.389967442,1.797426581,2.515023232,1.470682979
2008-06-04,2.752704144,1.317412496,2.402617693,1.12256372
2008-06-05,1.150917172,1.27193892,1.749095678,1.841455817
2008-06-06,1.509782791,1.303677678,2.016251326,0.50886482
2008-06-07,0.119382858,0.000208641,0.024061458,0.029276431
2008-06-08,0.00020071,0.030329766,0.037208006,0.059410095
2008-06-09,1.529282451,0.609916329,1.9996382,0.585671782
2008-06-10,0.662888467,0.963546395,1.134164095,0.356210679
2008-06-11,0.595215321,0.634199619,0.442229003,0.071007259
2008-06-12,0.757754683,1.135582209,0.331582695,0.386507064
2008-06-13,1.146766543,1.627161264,0.751579404,0.058606233
2008-06-14,0.107416786,0.219647765,0.243050396,0.295412213
2008-06-15,0.310728967,0.000543211,0.000543211,0.092127956
2008-06-16,0.152064055,1.170612931,0.3777951,0.010277004
2008-06-17,2.279974461,0.852620602,0.721207678,0.25655517
2008-06-18,1.826563835,0.382269323,0.342740625,0.92494756
2008-06-19,0.940741181,0.002493,0.347088337,0.065921582
2008-06-20,0.054566681,0.59950453,0.511626303,0.517748594
2008-06-21,0.034604121,0.000189751,0.000189751,0.000189751
2008-06-22,0.889671087,0.000849307,0.511968493,0.099405885
2008-06-23,1.386980414,0.483176231,1.968127251,0.139880508
2008-06-24,1.347315907,0.089336544,1.331678152,0.65085125
2008-06-25,0.314557374,0.220782235,0.818327069,0.288784444
2008-06-26,0.715699077,1.414728999,2.531506062,0.607853115
2008-06-27,0.965399981,0.562429607,0.562383294,0.187729448
2008-06-28,0.000377741,0.151536033,0.120664082,0.34800604
2008-06-29,0.2181613,0.663701892,0.666322589,0.138729498
2008-06-30,2.112523556,0.526421905,2.174150944,0.215003803
2008-07-01,3.143629313,1.624950886,1.897180557,1.158040762
2008-07-02,1.452118397,1.07818377,1.779999256,0.087044552
2008-07-03,0.311990768,2.721899271,1.293732882,0.211934358
2008-07-04,1.416189551,0.685856879,3.228968859,0.160900846
2008-07-05,0.268333197,0.672131598,0.282106608,0.35573858
2008-07-06,0.491464078,1.647845387,0.876479864,0.391714305
2008-07-07,1.291670918,1.242126465,1.226100445,0.428436369
2008-07-08,1.650718331,4.302064896,5.206399441,0.222097144
2008-07-09,1.340257049,2.968065977,1.669573426,0.528188348
2008-07-10,1.489981174,0.302612215,0.287636995,0.362848252
2008-07-11,1.840909719,0.117055893,0.863647044,0.03164915
2008-07-12,0.000408537,0.201964498,0.080686413,0.000204269
2008-07-13,0.395398349,0.063738555,0.465650111,0.070492119
2008-07-14,1.237767696,0.0026347,0.727787316,0.123472676
2008-07-15,0.709628701,0.066173345,1.932408333,0.593357503
2008-07-16,1.060503006,0.083998144,2.558316469,0.033659466
2008-07-17,0.577824593,0.565764666,0.719775677,0.23898527
2008-07-18,0.350866318,0.476981908,0.932287455,0.056130856
2008-07-20,0.104588799,0.033595011,0.190392002,0.270462394
2008-07-21,0.129061118,0.169845432,0.523286343,0.001178048
2008-07-22,0.120469838,0.219116256,0.312687725,0.130143195
2008-07-23,0.915225565,0.153045878,0.152841583,0.061111301
2008-07-24,0.181180105,0.717878461,0.535992742,0.228420094
2008-07-25,1.607864976,0.217299223,0.259964198,0.128893942
2008-07-26,0.296583742,0.000117802,0.000117802,0.034100905
2008-07-27,0.000800554,0.000400277,0.000400277,0.000400277
2008-07-28,0.398051888,0.001272985,0.574284017,0.177863702
2008-07-29,1.275406003,0.619916975,0.872305572,0.139836222
2008-07-30,0.702223122,0.542237341,0.489385366,0.08704669
2008-07-31,2.407404423,0.302981734,0.534823298,0.022124615
2008-08-01,1.288310647,0.485633761,0.298335761,0.722814858
2008-08-02,0.000329577,0.038227901,0.000164789,0.08009921
2008-08-03,0.030452801,0.00024444,0.00024444,0.180088863
2008-08-04,0.163393021,0.001019272,0.728726149,0.001019272
2008-08-05,0.45036,0.100061074,0.212724477,0.001732033
2008-08-06,0.349555522,0.293202668,0.751597464,0.098789647
2008-08-07,1.028512716,0.155849561,0.235092521,0.385116756
2008-08-08,0.853982687,0.07424131,0.433921903,0.071326166
2008-08-09,0.000506631,0.000253316,0.067867503,0.035761386
2008-08-11,0.02923145,0.198782444,0.325562179,0.066988476
2008-08-12,0.371843845,0.162526622,0.080300421,0.070664287
2008-08-13,0.170153201,0.595187485,0.114192829,0.291785657
2008-08-14,0.944214523,0.182216287,0.659661055,0.286993206
2008-08-15,0.222651362,0.360991508,0.207892343,0.223678559
2008-08-18,0.636194408,0.628102183,0.403379738,0.742459118
2008-08-19,0.073433049,0.000471623,0.034938559,0.206327245
2008-08-20,0.823580444,0.536855757,0.297089875,0.78319335
2008-08-21,0.583070993,1.312865734,1.032251596,1.139594555
2008-08-22,1.514951587,1.05987525,1.075621605,0.524045527
2008-08-23,0.000876584,0.654460192,0.319039524,0.149205685
2008-08-25,1.187637448,0.943333626,1.347705245,0.235206872
2008-08-26,0.035907637,0.354252547,0.547522306,1.586840391
2008-08-27,0.315137684,0.842481613,0.637218475,1.517356873
2008-08-28,0.226997241,0.753129721,0.799500644,0.78947103
2008-08-29,1.266652346,0.380521238,0.967119157,1.052904367
2008-08-30,1.276289105,0.00039228,0.00039228,0.00039228
2008-08-31,0.845340133,0.878800273,0.001059421,0.001059421
2008-09-01,0.167504758,0.430270672,0.447734118,2.145667076
2008-09-02,0.460948646,0.140309602,0.568117917,0.913995385
2008-09-03,0.177292109,0.804968953,0.59966749,0.857992828
2008-09-04,0.891926408,0.493793815,0.674665093,0.156831905
2008-09-05,2.03171277,1.069479704,2.289010763,0.087109528
2008-09-06,0.123379752,0.155852437,0.000803247,0.000803247
2008-09-07,1.774568915,0.049737651,0.198433042,0.001058508
2008-09-08,1.369239807,0.819299459,0.74514246,0.002097693
2008-09-09,1.452556968,0.200007007,1.008419156,0.196614414
2008-09-10,1.982351661,0.18120575,1.729752779,0.24162358
2008-09-11,1.493368864,0.425938368,1.197044253,0.910845637
2008-09-12,0.424779028,0.051308833,0.203973234,0.000850249
2008-09-13,0.573527277,0.000402198,0.064376816,0.01903999
2008-09-15,1.293774843,0.120848358,0.284543276,0.042326421
2008-09-16,0.505390763,0.084836639,0.385494471,0.000999377
2008-09-17,0.09156473,0.037653029,0.264223874,0.113564938
2008-09-18,0.136855125,0.101244576,0.606139004,0.019858338
2008-09-19,0.511100352,0.11366754,0.604250729,0.084365673
2008-09-20,0.000678449,0.000339224,0.000339224,0.047886267
2008-09-21,1.424447775,0.047060054,0.696808219,0.001187371
2008-09-22,0.999420762,0.312142611,0.536137879,0.031616781
2008-09-23,1.570607901,0.359648108,1.500115395,0.547210097
2008-09-24,0.696430027,1.036165357,1.049402356,0.076567732
2008-09-25,1.097205043,0.373939186,1.364874005,0.30515939
2008-09-26,0.00299648,0.882315874,0.531182528,0.00149824
2008-09-28,0.001648751,0.213888422,0.031121999,0.128054351
2008-09-29,0.574444652,0.358854711,1.40063262,0.16506809
2008-09-30,1.025334835,0.823509634,1.465880036,0.159724995
2008-10-01,0.149291918,0.534351766,0.250353545,0.003388508
2008-10-02,1.207246423,0.1499248,0.488758564,0.034256991
2008-10-03,3.141580582,0.01889766,0.671094775,0.512844801
2008-10-05,1.015916228,0.325923383,0.35799095,0.001311417
2008-10-06,0.820782125,1.609106541,1.706124306,0.346138239
2008-10-07,1.537185311,1.089741826,3.77323103,0.766025305
2008-10-08,1.835557818,0.745296955,1.950786829,0.27666223
2008-10-09,0.794232309,1.101042151,0.990656853,0.119257361
2008-10-10,0.135079801,0.533415198,0.394428521,0.122904629
2008-10-12,0.722498536,0.057433426,0.361468732,0.080682062
2008-10-13,0.497260273,0.003289705,0.291900128,0.28991574
2008-10-14,2.650455952,1.293118596,1.47173655,0.082655475
2008-10-15,0.170441046,0.297566265,1.022382855,0.07645528
2008-10-16,1.001959324,0.528480768,1.861167431,0.1512454
2008-10-17,0.022104872,0.1482701,0.408034623,0.016268579
2008-10-19,0.001637376,0.000818688,0.26219216,0.305196434
2008-10-20,0.614392579,0.261327475,1.240790248,0.562932611
2008-10-21,0.819409013,0.700757921,1.972287416,0.187268794
2008-10-22,0.117210463,0.539133012,0.596588075,0.116490029
2008-10-23,0.450440139,0.714143395,1.069893003,0.011442984
2008-10-24,0.013643819,0.1100768,0.15081194,0.058221292
2008-10-25,0.00061677,0.096924938,0.000308385,0.012910027
2008-10-26,1.908580542,0.141381681,0.354028821,0.012074482
2008-10-27,0.001734011,0.529021382,1.005559802,0.048934478
2008-10-28,1.259907246,0.60502398,0.548359036,0.033816397
2008-10-29,1.67584765,1.497801781,1.628970861,0.49716264
2008-10-30,1.296898007,0.311029881,0.287501097,0.141238198
2008-10-31,1.332394361,0.633817792,0.717756748,0.141327262
2008-11-01,0.001101563,0.005344108,0.13366726,0.096633576
2008-11-02,0.054446068,0.105083793,0.000219946,0.254669458
2008-11-03,0.373364389,0.233112767,0.544862688,0.130087018
2008-11-04,0.908784866,0.06483949,0.102895446,0.001145637
2008-11-05,1.627005219,0.070568301,0.633452117,0.072525121
2008-11-06,1.301533341,0.961303234,3.043346882,0.205475122
2008-11-07,0.019947795,1.115250945,0.564002097,0.062711433
2008-11-09,0.48542732,0.000298911,0.000298911,0.000298911
2008-11-10,0.279679447,0.104746424,0.48532328,0.092143685
2008-11-11,0.690215707,0.48104924,0.547825515,0.216788411
2008-11-12,0.921085596,0.465305775,1.796917319,0.589729726
2008-11-13,1.21161437,0.256793916,0.84368813,0.180649042
2008-11-14,0.660317361,0.947142482,0.898351371,0.168126553
2008-11-15,0.173504055,0.000195272,0.306707174,0.000195272
2008-11-17,0.345227003,1.094498992,1.135160089,1.625509024
2008-11-18,1.989473462,0.594492733,0.834950805,0.726772428
2008-11-19,2.998011112,0.903031409,1.754797101,0.543783844
2008-11-20,1.594506741,1.364349604,1.291689754,0.149986222
2008-11-21,1.063720107,0.171858132,0.430214465,0.085269682
2008-11-24,0.364937484,0.379719794,1.066720843,0.384398699
2008-11-25,0.536628366,1.154218435,1.566909313,0.002595406
2008-11-26,0.991736472,0.277548045,0.965585887,0.200750172
2008-11-27,0.023736015,0.966720819,0.324902624,0.137432367
2008-11-28,0.239594489,0.217988625,0.918119192,0.268705338
2008-11-29,0.002771652,0.717300415,0.127347797,0.174355611
2008-11-30,0.220547676,1.803339958,0.430987924,0.00096033
2008-12-01,1.237742662,1.522573113,2.848469973,0.257136166
2008-12-02,0.834328711,2.297727346,1.273375988,0.165873691
2008-12-03,2.463993788,1.889942527,1.726341009,0.272626758
2008-12-04,0.852682531,1.541589856,0.802737713,0.450374186
2008-12-05,1.118526459,1.246664286,1.520061731,0.021030236
2008-12-06,0.093914613,0.771829009,0.090493917,0.039585039
2008-12-07,0.045337953,0.445296794,0.180239707,0.000405497
2008-12-08,1.110069156,2.338055611,0.815829456,0.326257974
2008-12-09,1.932578564,1.009784222,0.912582338,0.451799899
2008-12-10,2.975645542,3.643528223,1.322475314,0.181813747
2008-12-11,3.282156229,3.280254364,2.833222151,0.144240052
2008-12-12,1.185054541,3.046676159,2.15996027,0.143927455
2008-12-13,0.974488676,1.565401435,0.626168907,0.131048679
2008-12-14,0.677997112,0.54779464,0.464091986,0.028913395
2008-12-15,2.967553854,0.365005791,2.700243711,0.065158911
2008-12-16,2.09624958,0.334427476,0.599355221,0.14219065
2008-12-17,1.2879529,0.311773032,0.601727605,0.2632052
2008-12-18,1.048902512,0.146758482,0.487486601,0.062842526
2008-12-19,0.827031553,0.125068605,0.275792748,0.088127822
2008-12-20,0.579526305,0.000509831,0.218209535,0.000509831
2008-12-22,0.407813251,0.104905978,0.504855514,0.054256391
2008-12-23,0.004518849,0.000114793,0.000114793,0.03826043
2008-12-24,0.119976319,0.000810255,0.155396998,0.739766598
2008-12-27,0.069938757,0.000224939,0.000224939,0.266478032
2008-12-28,0.317326546,0.098854177,0.043315303,0.000220014
2008-12-29,0.338238895,0.000384946,0.000384946,0.000384946
2008-12-30,0.202442899,0.06004915,0.000552867,0.000552867
2008-12-31,0.398349464,0.229979441,0.10023687,0.013449729
2009-01-01,0.4551512,0.000962128,0.000962128,0.034773495
2009-01-02,0.115867794,0.000241497,0.000241497,0.022560811
2009-01-03,2.316110611,0.000491624,0.000491624,0.000491624
2009-01-04,3.860032082,0.000928387,0.000928387,0.000928387
2009-01-05,1.442262769,0.073263802,0.22275883,0.030794708
2009-01-06,2.936619282,0.00114912,0.131276473,0.055579223
2009-01-07,0.635805011,0.234464258,0.617514551,0.111070469
2009-01-08,0.197814643,0.030152271,0.104028329,0.009235016
2009-01-09,0.633988202,0.027698772,0.087302931,0.211696386
2009-01-12,0.14536716,0.000913758,0.256288856,0.016249692
2009-01-13,2.824388981,0.344578117,1.287296772,1.141194224
2009-01-14,1.770508289,0.627887487,0.395473659,0.568232417
2009-01-15,1.466337562,0.363551319,0.872895062,0.186353192
2009-01-16,1.747569799,0.438526183,0.661339581,0.680631518
2009-01-17,0.731957793,0.134760931,0.091389708,0.123642199
2009-01-18,0.513081312,0.000573559,0.000573559,0.028375831
2009-01-19,1.426540136,0.379249394,0.277143568,0.218248472
2009-01-20,0.998009682,0.22093901,0.101812959,0.086351678
2009-01-21,1.061336398,0.991040826,0.477128386,0.02617934
2009-01-22,1.336438179,0.128376395,0.630498469,0.100953281
2009-01-23,0.167478994,0.249352872,0.52899152,0.028592573
2009-01-25,0.166134596,0.000368049,0.000368049,0.022658346
2009-01-26,4.359347343,1.525370598,2.204515457,0.068713859
2009-01-27,0.550415516,0.011612661,0.415903956,0.067814112
2009-01-28,0.498828024,0.558929384,1.486479282,0.066883266
2009-01-29,0.189787015,0.31928435,0.583729744,1.458505869
2009-01-30,0.396933466,0.937355995,0.870093286,0.500776887
2009-02-01,0.036192931,0.000137154,0.000137154,0.000137154
2009-02-02,0.060906224,0.043159608,0.2046123,0.749364436
2009-02-03,1.249000907,0.074712023,0.582284153,0.481509566
2009-02-04,0.898445547,0.002533151,0.547178864,0.378450066
2009-02-05,1.865016937,1.698947787,1.268453717,0.198497206
2009-02-06,0.047864661,0.245453611,0.449664861,0.288546473
2009-02-07,0.096509777,0.000259452,0.000259452,0.000259452
2009-02-08,0.090627484,0.070943154,0.032345697,0.714419007
2009-02-09,1.041281462,1.00032115,1.412584186,3.430369616
2009-02-10,1.064760327,0.002736928,1.40783608,2.106079817
2009-02-11,0.77686733,0.447520733,0.736894369,0.876256526
2009-02-12,1.287766337,0.760889053,1.776106238,0.073331043
2009-02-13,0.374644279,0.887417674,1.664937496,0.010624325
2009-02-14,0.001163124,0.115029722,0.214400575,0.000581562
2009-02-15,0.001312966,0.000656483,0.042664025,0.036665827
2009-02-16,0.368851453,0.390812337,0.354851633,0.008774991
2009-02-17,1.119131804,0.273033798,0.607348382,1.054074883
2009-02-18,1.009909868,0.592014849,1.438552141,0.221345007
2009-02-19,1.979213476,0.317640841,1.166171551,0.027833141
2009-02-20,0.398467332,0.870451331,0.719951212,0.001679895
2009-02-21,0.056588482,0.375703514,0.309107095,0.000726016
2009-02-22,0.953365684,0.00022901,0.00022901,0.00022901
2009-02-23,1.977565646,0.02553745,0.311416149,0.284727037
2009-02-24,1.37701273,0.003337578,0.352094531,0.395443469
2009-02-25,1.110805035,0.122461729,0.909373522,0.318953276
2009-02-26,2.387411356,1.17199111,2.235281467,0.925224721
2009-02-27,1.254025459,1.609674335,0.951886952,0.453320533
2009-02-28,0.000533914,0.077793479,0.000266957,0.000266957
2009-03-01,0.382494807,0.000143967,0.093411028,0.000143967
2009-03-02,0.225820646,0.461122483,0.980493307,0.120959088
2009-03-03,0.877937675,0.863319397,0.258554429,0.016929651
2009-03-04,1.009297609,0.879498243,1.206662655,0.268396527
2009-03-05,1.558300257,1.064296126,2.055040121,0.090585247
2009-03-06,1.8608675,1.065531254,1.781591773,0.304739922
2009-03-08,0.307642251,0.018541778,0.10001564,0.329754204
2009-03-09,1.083342075,0.059635319,0.606217206,0.02000216
2009-03-10,3.275650024,0.438529521,1.73962903,1.324131608
2009-03-11,0.693957806,0.191054985,0.484848022,1.008518219
2009-03-12,1.719270706,1.560352445,1.797497153,1.090297341
2009-03-13,0.750244498,0.497449756,0.0033012,1.068296432
2009-03-14,0.044791061,0.000168331,0.000168331,0.000168331
2009-03-15,0.63465023,0.248540476,0.161275148,1.039812803
2009-03-16,1.453495502,0.449610174,1.190613389,0.090042263
2009-03-17,1.55487144,1.521383286,0.783007443,0.448716074
2009-03-18,1.694861054,0.965386808,1.811336756,0.17298317
2009-03-19,1.741312265,1.435331941,1.102767944,0.078344569
2009-03-20,0.252823651,0.687328935,0.507996261,0.172731474
2009-03-21,0.044624012,0.000187947,0.080959961,0.014601992
2009-03-22,0.075083837,0.001066214,0.021283539,0.730670989
2009-03-23,1.393314838,1.188414097,1.801540017,0.133198425
2009-03-24,0.331609964,0.329572797,0.097268477,0.518133759
2009-03-25,0.717521071,0.723804295,0.884354651,0.191985518
2009-03-26,0.946476817,0.668393672,1.48410058,0.631026745
2009-03-27,1.000149727,1.517172694,1.334404588,0.117106549
2009-03-28,0.543777704,0.678876758,0.511401057,0.10205584
2009-03-29,0.197103068,1.636394143,0.464693278,0.254570991
2009-03-30,0.133464277,1.198970318,1.574216723,0.630048752
2009-03-31,1.805058002,1.052593827,1.244747877,0.057217106
2009-04-01,1.562850237,1.610508084,1.543008566,0.077202968
2009-04-02,1.430819035,1.805707216,0.861305714,0.229813188
2009-04-03,1.157203197,0.476796836,1.678677559,0.101948485
2009-04-04,0.437969506,0.112904027,0.001217404,0.282947868
2009-04-05,0.029551193,0.556573808,0.095245101,0.003000077
2009-04-06,0.263923973,1.299163222,0.535434127,0.078712955
2009-04-07,0.595400929,0.820478082,0.547631085,0.001649584
2009-04-08,1.461489916,1.562970757,0.603691161,0.09726651
2009-04-09,0.547682703,0.256527334,0.422409058,0.4915407
2009-04-12,0.000205456,0.000249939,0.000102728,0.047482632
2009-04-14,1.456830621,0.002038783,0.404741108,0.499827474
2009-04-15,0.763893187,0.520658255,1.521608233,1.124579906
2009-04-16,0.915735722,0.586752236,2.016774178,0.216825217
2009-04-17,1.928418159,0.356137246,1.882030249,0.340493292
2009-04-18,0.049434088,0.000578125,0.027926909,0.000578125
2009-04-19,1.848184824,0.209709793,0.713633657,0.162136495
2009-04-20,0.859097421,0.509061098,0.651610136,0.075393371
2009-04-21,0.572648406,0.184435055,0.597011805,0.417748749
2009-04-22,1.435106516,1.101206899,1.704326153,0.226646811
2009-04-23,2.211353302,1.298071504,2.764451504,0.140393481
2009-04-24,1.635537028,2.731697798,1.639744878,0.219288051
2009-04-26,0.736885726,0.023633553,0.000234632,0.010664065
2009-04-27,0.85747844,1.577011704,1.49401021,0.145611078
2009-04-28,1.721067309,1.580304503,0.966542482,0.246890381
2009-04-29,2.368254185,0.342044383,1.204678774,0.56031394
2009-04-30,0.203832254,0.001875835,0.346012801,0.043280255
2009-05-01,2.590575218,0.238467768,0.842360556,0.060222507
2009-05-03,0.844358504,0.327618033,0.187941581,0.000820135
2009-05-04,1.491579294,0.850988865,1.149870515,1.028313875
2009-05-05,1.251834393,2.674218655,1.265517831,0.069408029
2009-05-06,1.74074626,0.553456724,0.755006492,1.519312024
2009-05-07,4.505861759,0.489285767,1.509836197,0.38413623
2009-05-08,1.790706038,0.33121562,0.590936482,0.002253442
2009-05-10,0.017831959,0.000104335,0.000104335,0.003169856
2009-05-11,1.068805337,0.150901973,0.62626946,0.077808976
2009-05-12,1.771698475,0.84503758,1.021826863,0.043011077
2009-05-13,3.209146023,1.55745399,2.086463451,0.441819549
2009-05-14,4.613132,0.590164185,0.708187819,0.095093369
2009-05-15,1.952839494,1.113383055,1.381428361,0.035376426
2009-05-16,0.000491037,0.000245518,0.000245518,0.000245518
2009-05-17,0.181635976,0.298312068,0.010226348,0.359381258
2009-05-18,2.410532713,0.802844882,0.886136413,0.198673427
2009-05-19,2.640719891,0.187857538,1.498286486,0.067055881
2009-05-20,1.634472966,1.042524695,2.021842003,0.25140208
2009-05-21,2.07656002,2.57310915,1.947705507,0.555989683
2009-05-22,3.107671261,1.008015037,2.193809986,0.561081409
2009-05-23,0.000720328,0.221598864,0.136937186,0.0072057
2009-05-24,0.275369585,1.062601924,0.350224853,0.005650178
2009-05-25,1.266206026,2.126477242,0.937252939,0.302837521
2009-05-26,2.700281382,4.501753807,2.361828089,0.120142072
2009-05-27,2.443876982,1.6366117,2.415566683,1.03735435
2009-05-28,1.15129447,1.127054214,1.802075028,0.203270674
2009-05-29,0.149267673,2.853744984,1.399780393,0.416276038
2009-05-31,0.189103827,0.158283055,0.190554023,0.035703067
2009-06-01,1.160068512,2.479299545,2.701441526,0.22403495
2009-06-02,2.49397397,1.097427368,1.558158875,0.380174577
2009-06-03,2.259970188,3.281968832,1.38218689,0.20638828
2009-06-04,0.959992647,0.926080704,0.722011745,0.462042689
2009-06-05,0.634776413,2.896846771,1.789497018,0.12829113
2009-06-06,0.000970628,0.049689759,0.000485314,0.024300264
2009-06-07,1.659953833,0.040205751,0.192692816,0.001117069
2009-06-08,1.551643133,1.934043169,1.869481087,0.002312742
2009-06-09,2.504271746,2.252506971,1.480210185,0.146037549
2009-06-10,0.727069616,3.28717041,3.857364893,0.56028229
2009-06-11,1.338798523,1.262814403,1.001247048,0.392126799
2009-06-12,0.889149904,4.385021687,1.345701933,0.063385651
2009-06-13,0.351979256,0.000322799,0.101887248,0.049244773
2009-06-14,0.000792392,0.000396196,0.000396196,0.000396196
2009-06-15,0.663588881,0.331915289,0.839032948,0.26591596
2009-06-16,1.058157563,0.594771624,1.130630612,0.864358127
2009-06-17,1.896748781,0.557463586,0.862584412,0.902272165
2009-06-18,1.737329006,1.244842291,0.962402821,0.043910112
2009-06-19,1.721818089,0.484112948,1.228796244,0.368537933
2009-06-21,0.22205849,0.000569038,0.000569038,0.000569038
2009-06-22,1.851918221,2.121451378,2.113426685,0.09117727
2009-06-23,5.090618134,1.900111198,2.025500536,0.239055112
2009-06-24,2.839001894,0.687767148,1.279680729,0.320566952
2009-06-25,3.488467693,0.81260401,1.277961731,0.055186279
2009-06-26,4.963638306,2.630540848,3.320759773,0.101850741
2009-06-27,0.177799314,0.000134289,0.103020594,0.000134289
2009-06-28,0.412212193,0.259853363,0.221572459,0.000480973
2009-06-29,5.131720066,0.123996057,1.332549691,0.632986009
2009-06-30,1.357602119,0.126374468,0.69553113,0.147032425
2009-07-01,1.033858538,1.165456891,0.934898913,0.106898889
2009-07-02,3.088836193,1.371602535,1.041434884,0.291643739
2009-07-03,0.881658792,0.847695708,0.434931666,0.001156836
2009-07-04,0.000801129,0.040535338,0.000400564,0.258209288
2009-07-05,0.034436174,0.044572428,0.081346057,0.000179605
2009-07-06,0.747074544,2.790752411,2.007220507,0.292161882
2009-07-07,2.741209507,0.638097405,1.426739097,1.243105412
2009-07-08,2.573052168,4.35614109,1.437987447,0.451086313
2009-07-09,2.357456684,2.693730116,1.848934174,0.22817795
2009-07-10,2.697488546,1.679834366,0.594544113,0.100088812
2009-07-11,0.000954867,0.022754513,0.000477434,0.000477434
2009-07-12,0.370105565,0.327587008,0.985836029,0.000703542
2009-07-13,0.669582725,0.84991616,0.479938537,0.001709843
2009-07-14,0.626270711,0.129293144,1.351654291,0.386470377
2009-07-15,0.77399385,1.147849321,3.300602913,0.011358812
2009-07-16,1.171635747,0.21450448,0.795907259,1.220045924
2009-07-17,0.582888067,0.797220111,0.829332769,0.486535013
2009-07-18,0.000316572,0.000158286,0.000158286,0.000158286
2009-07-19,0.069576442,0.737515092,0.421886802,0.066045776
2009-07-20,0.128127426,0.266247362,0.382345706,0.034868419
2009-07-21,1.06128335,0.687168419,0.853193521,0.082280435
2009-07-22,0.923930883,0.281828612,0.327060491,0.587516367
2009-07-23,1.779563427,2.389909029,1.515924692,0.089169614
2009-07-24,1.106759548,0.804011166,0.695369482,0.356489718
2009-07-25,0.000719203,0.460716248,0.07475996,0.000359602
2009-07-26,1.137417197,0.000704347,0.000704347,0.058579322
2009-07-27,1.812305212,0.12900047,0.592441261,0.617959917
2009-07-28,1.772312164,0.820161283,1.223196268,0.324561208
2009-07-29,2.290142059,1.098572254,0.926443875,0.433976382
2009-07-30,1.731162429,0.001441006,0.943732381,0.112826385
2009-07-31,0.055540841,0.292910576,0.228197187,0.203110337
2009-08-01,0.441085368,0.001665641,0.166714266,0.000242546
2009-08-02,0.001505028,0.089567266,0.420161486,0.000752514
2009-08-03,1.082293868,0.319431305,0.377332717,0.967888474
2009-08-04,2.199310064,0.62323302,2.517508507,0.13934201
2009-08-05,0.673502028,0.581599772,1.153776407,0.207773656
2009-08-06,0.97604543,0.28772229,0.490364611,0.247248396
2009-08-07,0.632996559,0.339395493,0.674458742,0.525545299
2009-08-08,0.020346835,0.000149493,0.000149493,0.000149493
2009-08-09,0.20589748,0.00045417,0.039988432,0.00045417
2009-08-10,2.317670584,1.464486241,2.011360168,0.233248606
2009-08-11,0.377258271,2.354950905,1.021688104,1.072381854
2009-08-12,1.689991117,1.159943104,0.571800172,0.089335829
2009-08-13,1.911564827,1.222385526,2.514326334,0.374792755
2009-08-14,2.595271349,2.700484276,0.904961526,0.531444907
2009-08-15,0.108198859,0.169872403,0.526363254,0.135925487
2009-08-16,0.967183471,0.000909723,0.095162846,0.000909723
2009-08-17,1.171956539,0.469371647,1.770997167,0.091965415
2009-08-18,0.419493675,0.6322698,0.334445029,0.072636195
2009-08-19,0.417405367,0.444428146,0.327032119,0.885204017
2009-08-20,0.513125956,0.888812125,1.083911061,0.70222199
2009-08-21,0.64591372,0.200368419,0.547393441,0.028918939
2009-08-22,0.043513387,0.106672794,0.087814339,0.000245636
2009-08-23,0.126932696,0.000533244,0.066379718,0.02877688
2009-08-24,3.361544847,1.623051167,1.081676722,0.114524655
2009-08-25,1.60065186,0.083379216,0.526987851,0.081965201
2009-08-26,0.586300194,0.457777321,0.340546459,0.364031821
2009-08-27,0.24015516,0.828678787,0.617151976,0.119259134
2009-08-28,0.852957368,0.597389638,0.647130489,0.385552198
2009-08-29,0.000919854,0.000459927,0.000459927,0.841769457
2009-08-30,0.00021311,0.000106555,0.000106555,0.329080701
2009-08-31,3.290951967,0.817559481,1.296984673,0.796937346
2009-09-01,1.895188332,1.332432032,2.126350641,0.255262524
2009-09-02,1.191249371,2.284834862,2.38897872,0.612505376
2009-09-03,1.606985211,1.812366486,1.76158154,1.031466126
2009-09-04,0.719115615,1.622277975,1.285722613,0.459829897
2009-09-05,0.106352434,1.025306821,0.000654198,0.000654198
2009-09-06,2.629780531,0.071831845,0.559307694,0.4921363
2009-09-07,0.939002693,0.656699836,0.08674486,0.068059787
2009-09-08,2.569491386,5.183675289,2.957117081,0.261740029
2009-09-09,3.759955168,1.64052701,3.106220722,0.365126491
2009-09-10,2.158658743,4.204250336,2.562183619,0.148907691
2009-09-11,2.261577845,4.201017857,1.476704836,0.728335977
2009-09-12,1.183498859,0.363328189,0.00121021,0.00121021
2009-09-13,0.084619507,0.235952109,0.399048626,0.016581748
2009-09-14,4.027598858,0.94946909,1.006977081,0.141575798
2009-09-15,2.156837463,3.329669476,2.275515795,0.113661833
2009-09-16,3.779062748,0.977867126,2.046430111,0.268664032
2009-09-17,3.081242561,3.419318199,1.651129961,0.556812048
2009-09-18,1.682097554,2.268333912,1.238732338,0.044969659
2009-09-19,0.631557703,0.432591707,0.236946613,0.193940401
2009-09-20,0.785695374,1.484274864,0.267805219,0.009614262
2009-09-21,2.119034052,3.956150532,3.050730944,0.023742737
2009-09-22,4.329560757,7.50828743,4.960296631,0.406906307
2009-09-23,3.720956564,6.126474857,3.426023483,0.737570882
2009-09-24,5.105360031,1.673318028,2.927137613,0.101122789
2009-09-25,0.903847694,3.131780863,1.844719172,0.334738612
2009-09-26,0.577028811,0.318127543,0.107694983,0.000388098
2009-09-27,1.474286675,1.130142927,0.542769313,0.010328223
2009-09-28,2.321349144,4.482109547,0.789591908,0.126496971
2009-09-29,3.152766705,0.819194078,1.817154408,0.37624532
2009-09-30,3.104201555,3.064024448,2.293460369,1.556191206
2009-10-01,2.018130779,1.673767447,1.222823262,0.318113178
2009-10-02,2.261098862,2.177930593,1.217506886,0.383760154
2009-10-03,0.19569847,0.440279871,0.103076227,0.030917902
2009-10-04,0.358451009,0.000664082,0.000664082,0.029808624
2009-10-05,1.852777481,1.946316838,0.7099545,0.405018628
2009-10-06,1.570629001,2.619017839,2.256195784,0.507957041
2009-10-07,2.761020184,3.202635765,1.052664995,0.106709212
2009-10-08,1.881431103,1.899091482,0.963237166,0.166693509
2009-10-09,1.068497658,2.930182457,0.80837518,0.151261613
2009-10-10,0.419055909,1.668504834,0.284706354,0.332098961
2009-10-11,0.588797927,0.222342864,0.401464999,0.051823631
2009-10-12,1.957617402,1.576144934,1.546737552,1.081816077
2009-10-13,2.58164382,2.087335825,1.664642692,0.537123919
2009-10-14,1.833052278,3.958483219,2.590419531,0.063950725
2009-10-15,0.514217556,2.314343691,1.120852828,0.528517306
2009-10-16,0.566289306,2.889304399,1.115938067,0.091107294
2009-10-17,0.392170608,0.370137483,0.477037072,0.079563387
2009-10-18,1.7310251,0.100631133,0.294924587,0.019996351
2009-10-19,3.824941397,3.940257072,2.079320431,0.852111816
2009-10-20,1.061020732,2.920697212,1.096308351,0.170712069
2009-10-21,1.142105103,3.760784388,1.212621212,0.909921885
2009-10-22,2.260489702,4.54501152,1.709374785,0.718449593
2009-10-23,1.697097778,1.643476605,1.199769855,0.236501306
2009-10-24,1.898747563,1.388259172,0.467890382,0.039278608
2009-10-25,0.406836033,1.083452582,0.101617172,0.101692878
2009-10-26,1.011152267,0.975845337,0.726711869,0.130926624
2009-10-27,2.884660721,2.694174528,2.462965965,0.282236934
2009-10-28,1.460901976,3.402952671,1.597683668,0.016656587
2009-10-29,2.7818501,3.051868677,1.096194386,1.470855713
2009-10-30,1.401332855,3.620594501,0.431849211,0.482357323
2009-10-31,1.357383728,0.780393302,0.210381344,0.036422677
2009-11-01,0.203539297,0.91984129,0.076667368,0.000777173
2009-11-02,2.097486734,4.546769142,1.437657952,0.347196013
2009-11-03,3.935563564,5.465123653,2.543533564,0.241119444
2009-11-04,2.852539301,3.373810768,1.532510519,1.209311604
2009-11-05,4.061841011,2.768699884,2.386534691,0.887895823
2009-11-06,1.284978151,5.385976791,0.675771594,0.427258193
2009-11-07,0.335372388,0.895346045,0.11968419,0.129420087
2009-11-08,0.289491832,0.806299925,0.130692557,0.03312612
2009-11-09,2.625083685,2.067669868,2.291201353,0.370566696
2009-11-10,1.887891054,2.759367466,1.978458524,0.730414748
2009-11-11,0.37580958,1.570453405,2.140438795,0.304959089
2009-11-12,0.880940557,3.309645176,1.844912529,0.413704395
2009-11-13,1.202779055,3.213855743,2.675685167,0.192447126
2009-11-14,0.854098856,4.313016891,1.906532407,0.032186437
2009-11-15,0.629002869,5.266871452,0.92719394,0.235223755
2009-11-16,2.285937309,6.021728992,1.302420616,0.025869079
2009-11-17,0.582578659,3.583787203,1.98734808,0.088696934
2009-11-18,1.398402333,1.802064538,1.818268299,0.041790709
2009-11-19,0.856663585,1.907438874,1.056018233,0.333712876
2009-11-20,1.565559149,2.637598038,1.288131237,1.507973313
2009-11-21,0.000400435,0.000200217,0.000200217,0.782879949
2009-11-22,0.844938517,1.619320393,0.743314564,0.819646776
2009-11-23,2.783083439,1.376504898,1.717408895,0.150526494
2009-11-24,2.743211269,2.672860861,2.150083065,0.424492389
2009-11-25,3.977524519,4.562222004,3.518986464,0.138040885
2009-11-26,2.868576527,4.848332405,4.541004658,0.317905307
2009-11-27,3.932030916,3.440440178,3.204278946,0.15963231
2009-11-28,0.82207489,1.587428093,0.03557748,0.104268812
2009-11-29,2.522694588,2.476716757,0.784892023,0.228942811
2009-11-30,5.485729218,4.83518219,1.671202421,0.662751317
2009-12-01,5.018416405,2.678887367,2.281412601,0.277020365
2009-12-02,1.615304589,3.247106552,2.565823555,0.317546427
2009-12-03,2.202640772,5.75636673,6.253139019,0.600431502
2009-12-04,3.197736025,6.196805477,1.426634908,1.070132613
2009-12-05,1.642319322,2.923732281,0.52447468,0.213666245
2009-12-06,1.270929456,3.919892073,1.323225379,0.665087402
2009-12-07,4.392456532,8.411838531,3.676475286,1.151331902
2009-12-08,2.578735352,4.925312996,2.496160984,1.226441145
2009-12-09,1.266602397,4.233191967,2.495476961,0.1179903
2009-12-10,2.917555332,5.34281826,1.639474392,0.127975956
2009-12-11,1.480376363,8.427919388,3.50537324,0.345993102
2009-12-12,0.756068289,3.488108397,0.681546152,0.102966778
2009-12-13,0.229217663,1.652542114,0.320586473,0.620737076
2009-12-14,1.640363932,4.1439538,1.42981708,0.341818839
2009-12-15,1.514832616,7.59427166,1.977904677,0.457098335
2009-12-16,1.471137404,10.16371822,1.975304961,0.068333879
2009-12-17,2.818268776,13.05962372,4.131557465,0.690181851
2009-12-18,3.118274927,12.20415306,3.247717619,0.470230609
2009-12-19,1.14192152,8.403761864,0.728316009,0.202198252
2009-12-20,0.022006081,1.68120575,0.811949015,0.023538612
2009-12-21,1.195993781,3.715250015,0.561295986,0.113513455
2009-12-22,2.129934072,3.490604639,0.665644169,0.121878631
2009-12-23,1.6827389,1.661973,0.202910081,0.246588632
2009-12-24,0.012962431,1.014946938,0.069196753,0.032942947
2009-12-25,0.131166175,0.321544349,0.419033825,0.001051519
2009-12-26,0.000482611,0.019134345,0.000241305,0.000241305
2009-12-28,0.295048714,0.233734518,0.47814548,0.015368575
2009-12-29,0.246975631,0.041022487,0.135093674,0.133815676
2009-12-30,0.47679764,0.057514347,0.171727568,0.000694287
2009-12-31,0.566818893,0.097060405,0.079103321,0.147281677
2010-01-01,0.223807797,0.000140019,0.000140019,0.010603665
2010-01-02,1.083278894,0.000443142,0.000443142,0.000443142
2010-01-03,1.152429581,0.56056118,0.00078232,0.00078232
2010-01-04,0.885859251,0.104156837,0.037061665,0.027805235
2010-01-05,0.231415793,0.000732076,0.036946185,0.181565255
2010-01-06,2.658545494,0.115866415,0.4552688,0.153943732
2010-01-07,0.135126159,0.197578162,0.910194755,0.00101396
2010-01-08,1.210036278,0.2429948,0.267177403,0.013169935
2010-01-09,0.00059724,0.345653743,0.314665198,0.00029862
2010-01-10,0.560689509,0.068657152,0.102529123,0.000484264
2010-01-11,0.694579661,1.259577751,1.370073438,0.001964333
2010-01-12,1.487756014,0.756424367,0.802871764,0.233015358
2010-01-13,1.958527923,3.058596611,0.755549312,0.183787808
2010-01-14,0.460603118,0.936779976,1.058894277,0.097177632
2010-01-15,1.496085644,0.218502834,0.774628341,0.047450785
2010-01-16,0.177550584,0.456966519,0.000277982,0.000277982
2010-01-17,1.731511235,0.103359938,0.006497542,0.019404167
2010-01-18,0.439888269,0.194687217,0.107600696,0.000966924
2010-01-19,2.58932066,0.720462084,0.485353321,0.239622131
2010-01-20,5.193980694,3.163321257,1.305916667,0.232474297
2010-01-21,1.52141428,0.386191428,0.843400776,0.072430082
2010-01-22,0.652966022,2.364911556,0.860024214,0.232597142
2010-01-23,0.032379359,0.000478308,0.000478308,0.035667311
2010-01-24,0.989517927,0.556575716,0.191014439,0.012982018
2010-01-25,1.194310904,1.910992146,0.389741957,0.027458064
2010-01-26,0.037755065,1.055862427,0.49950549,0.006643152
2010-01-27,3.393568277,1.932434678,1.644078612,0.06377098
2010-01-28,6.791968822,2.946021795,2.603807926,0.773030281
2010-01-29,0.55309093,2.764534473,1.251383066,0.098432541
2010-01-30,0.021128463,0.118615955,0.000304719,0.000304719
2010-01-31,0.109122023,1.229174852,1.19266808,0.039574832
2010-02-01,5.159262657,3.190399647,4.139255524,0.201067373
2010-02-02,0.711401165,1.215814352,0.205476791,0.001606552
2010-02-03,1.054447293,0.310396969,1.717400312,0.100344516
2010-02-04,1.46944499,0.349665225,0.737250626,0.016620686
2010-02-05,0.109706372,0.665862083,0.185692161,0.326077074
2010-02-06,0.134411901,0.000166817,0.000166817,0.000166817
2010-02-07,0.246135592,0.071433239,0.000756892,0.294687003
2010-02-08,0.638087511,0.906410098,0.283167511,0.44189471
2010-02-09,0.679513872,0.722040832,0.28838414,0.106836297
2010-02-10,0.777985513,0.225188002,0.239454865,0.353177845
2010-02-11,0.426732481,1.340688229,0.8141343,0.364778399
2010-02-12,0.767884016,0.743163168,0.109442353,0.288269281
2010-02-13,0.000793594,0.000396797,0.000396797,0.172807366
2010-02-14,0.029995784,0.07180994,0.000683983,0.000683983
2010-02-15,0.590032041,0.266272366,0.582813859,0.182535738
2010-02-16,1.523060441,0.46361205,0.235203892,0.051053673
2010-02-17,1.154351234,0.389438659,0.705694139,0.026669469
2010-02-18,1.386365533,1.774450064,0.587830424,0.243321866
2010-02-19,2.486926079,0.719515741,0.221669421,0.112916477
2010-02-21,1.402011156,0.000511513,0.509536624,0.015596584
2010-02-22,1.619887352,1.717837691,0.809350312,0.077788144
2010-02-23,2.221333027,3.132498264,2.241096258,0.102422975
2010-02-24,2.964743853,1.971375704,0.705076575,0.589465797
2010-02-25,0.95477438,0.227915823,1.011587262,0.176755965
2010-02-26,2.158667088,0.955909252,0.962825775,0.200171173
2010-02-27,0.479401886,0.306189299,0.4087888,0.000393789
2010-02-28,0.189362124,0.119963281,0.592562258,0.110759392
2010-03-01,1.386868119,0.157514438,0.399708301,0.349423587
2010-03-02,2.123387337,0.226570129,0.699971318,0.447115242
2010-03-03,2.257401943,1.041252136,1.466305614,0.311947614
2010-03-04,2.143776417,0.080017462,0.846604347,0.277621984
2010-03-05,0.46195063,0.013336466,0.404126555,0.153678924
2010-03-06,0.000889866,0.000444933,0.000444933,0.000444933
2010-03-07,0.047604762,0.094257511,0.122727416,9.20221E-05
2010-03-08,0.927462518,0.801464736,0.762018085,0.609596252
2010-03-09,2.527444363,2.514403343,1.415875912,0.117750056
2010-03-10,2.734243155,0.441854596,0.917586982,0.022311406
2010-03-11,4.012028694,0.691179752,1.418375492,0.121760316
2010-03-12,1.183990121,0.053298276,0.31651175,0.04221167
2010-03-13,0.137631133,0.000165405,0.109115355,0.000165405
2010-03-14,0.912011802,0.322778851,0.000601804,0.078935437
2010-03-15,0.988068104,0.984506488,1.175557852,0.344261348
2010-03-16,0.575346708,0.241397247,0.407306761,0.011361713
2010-03-17,1.566424608,0.226640552,0.717335701,0.049782164
2010-03-18,1.546181321,0.209350869,1.408376098,0.211268693
2010-03-19,0.945906699,0.28660351,0.978749871,0.047774963
2010-03-21,0.00072808,0.00036404,0.00036404,0.00036404
2010-03-22,1.583422422,0.001790173,0.746754348,0.085905544
2010-03-23,2.846931458,0.1175984,1.066333532,0.424848109
2010-03-24,1.573975086,0.069710433,0.89515537,0.179437384
2010-03-25,0.632639468,0.386465311,1.898880124,0.4059937
2010-03-26,1.191270232,0.421409428,0.430288672,0.225432158
2010-03-27,0.114408523,0.196651623,0.080690622,0.191891193
2010-03-28,0.483320683,0.213223293,0.022961425,0.095968492
2010-03-29,0.860858679,0.308934748,0.858584702,0.038901355
2010-03-30,0.798952341,0.85051012,0.636126459,0.00234878
2010-03-31,2.670992136,3.49357605,1.683145046,0.690681696
2010-04-01,1.69771421,0.047138222,0.424277842,0.339938074
2010-04-02,0.094651341,0.000387813,0.011939328,0.000387813
2010-04-04,0.001461023,0.038888827,0.375234395,0.495996803
2010-04-05,0.364086479,0.010128343,6.98698E-05,6.98698E-05
2010-04-06,0.431830049,0.127213702,0.340209156,0.129132897
2010-04-07,0.826179087,0.805358887,0.503868043,0.094127506
2010-04-08,1.734440565,1.775668979,0.802847505,0.27057755
2010-04-09,3.608303547,0.98469919,0.462747633,0.365376711
2010-04-10,0.026159657,1.237826467,0.000281541,0.000281541
2010-04-11,1.102266788,2.226511955,0.111635529,0.001282544
2010-04-12,1.169226646,2.00743556,0.465953261,0.113614887
2010-04-13,0.553702176,0.00069395,0.091434672,0.00069395
2010-04-14,0.582946718,0.175228044,0.51475668,0.055776693
2010-04-15,2.432770252,0.463307023,1.341521502,0.255693406
2010-04-16,0.786048114,1.200196505,0.089757346,0.132964164
2010-04-17,0.056523282,0.00022875,0.00022875,0.172952592
2010-04-18,1.694401264,0.000734716,0.000734716,0.040289309
2010-04-19,1.892975807,0.171102017,0.80063206,0.505734921
2010-04-20,3.291332483,0.708609045,0.633970141,0.487752527
2010-04-21,3.319624901,1.045120358,1.068884611,0.248031422
2010-04-22,2.821198702,0.805882215,1.240329385,0.333843529
2010-04-23,2.478084564,0.772843122,1.141910791,0.336249799
2010-04-24,1.045683146,0.323329955,0.265399367,0.294763297
2010-04-25,3.096236229,1.019672275,0.496442437,0.028820297
2010-04-26,4.733045578,0.518201292,0.47905457,0.273277104
2010-04-27,3.50132513,0.302469105,0.837443709,0.761103213
2010-04-28,2.167574406,0.374319434,0.634990394,0.114947855
2010-04-29,1.087953329,0.122659363,0.678840578,0.086517386
2010-04-30,1.124836922,0.196423993,0.317207664,0.220372245
2010-05-02,0.136790693,0.000328007,0.107472785,0.000328007
2010-05-03,0.506392717,1.16214335,0.01037959,0.001180648
2010-05-04,2.782188892,0.483213574,0.599283874,0.246717185
2010-05-05,0.854788482,0.073912047,0.549734652,0.079082258
2010-05-06,1.932262897,0.18300429,0.665222764,0.04546506
2010-05-07,2.95225215,0.034767922,0.292710185,0.489694178
2010-05-08,0.065158643,0.564992547,0.000308963,0.000308963
2010-05-09,0.000503733,0.000251866,0.000251866,0.000251866
2010-05-10,2.199775934,0.056519102,0.636923671,0.001306216
2010-05-11,1.566936851,0.365299791,2.242734671,0.175016791
2010-05-12,5.990733624,1.035084963,1.060148478,0.061242782
2010-05-13,2.245161057,0.289220631,1.170619488,0.059737187
2010-05-14,0.324039459,0.000928166,0.079049513,0.531058013
2010-05-15,1.614752293,0.000879225,0.018822044,0.000879225
2010-05-16,0.0059216,0.000540251,0.066855982,0.278110802
2010-05-17,2.645478725,1.379813075,0.512570798,0.131224453
2010-05-18,2.373721361,0.678335071,1.042555213,0.396629333
2010-05-19,1.510246038,0.110977374,1.326570749,0.350644261
2010-05-20,1.199591279,0.673027873,0.91327852,0.09176673
2010-05-21,0.363105744,0.033553693,0.06658116,0.131547213
2010-05-22,0.441310018,0.192530259,0.000774206,0.287974417
2010-05-23,0.199430943,0.000286719,0.000286719,0.128670573
2010-05-24,0.827140868,0.074314125,0.50964433,0.167828426
2010-05-25,2.191507816,1.841817617,0.735250175,0.311742216
2010-05-26,1.555052876,1.62386024,1.668937445,0.445925891
2010-05-27,1.674404979,0.607597888,1.432824254,0.652364731
2010-05-28,1.118284225,0.671908557,0.187738121,0.112333715
2010-05-30,0.229741007,0.000329251,0.088455707,0.183648109
2010-05-31,0.68083477,1.185892701,0.513507187,0.044885352
2010-06-01,1.558864474,1.004598498,0.669430733,0.485886514
2010-06-02,0.629908919,1.174011469,1.016762137,0.125163853
2010-06-03,0.254268825,0.069764711,0.151078299,0.753611028
2010-06-04,0.239549756,0.000587962,0.145032406,0.056933746
2010-06-06,0.117341332,0.247241244,0.143990859,0.000203168
2010-06-07,2.047078133,1.228052616,1.16617775,0.029138107
2010-06-08,2.520303965,0.654438257,0.842422664,0.111811377
2010-06-09,3.126259565,1.44059515,0.980796933,0.280261904
2010-06-10,1.953178883,0.002005999,0.262723356,0.262150764
2010-06-11,0.188262209,1.439866781,0.069111183,0.308944583
2010-06-12,0.000367367,0.000183683,0.000183683,0.000183683
2010-06-13,0.000249132,0.000124566,0.138985619,0.000124566
2010-06-14,0.075487398,0.218414858,0.333831251,0.015532097
2010-06-15,1.89109683,0.118933223,0.741755784,0.88745892
2010-06-16,1.446747184,0.297571301,0.720390916,0.371283293
2010-06-17,0.670621037,0.000634154,0.318748355,0.089128532
2010-06-18,0.108692445,0.198836997,0.409817249,0.875031412
2010-06-19,0.001026828,0.000513414,0.000513414,0.34497723
2010-06-20,0.012121044,0.000503463,0.000503463,0.228913978
2010-06-21,0.646627724,0.000572813,0.195646912,0.073601209
2010-06-22,0.829502046,0.539597869,0.68757695,0.10125266
2010-06-23,1.958729029,0.383823723,0.329011828,0.476641506
2010-06-24,1.854252338,0.176588401,0.385010064,0.096998177
2010-06-25,0.852319241,0.08785817,0.383799255,0.194022998
2010-06-26,0.000286961,0.21900475,0.036874216,0.0571183
2010-06-27,0.041934691,0.000718274,0.000718274,0.226307437
2010-06-28,0.772413909,0.66146487,0.428086877,0.082278892
2010-06-29,3.233609438,0.166457742,1.547555923,0.089961931
2010-06-30,0.561325014,0.145327538,0.263653636,0.040110487
2010-07-01,1.425271511,0.044377021,0.775855362,0.001109674
2010-07-02,0.105060153,0.034089629,0.206519514,0.000244667
2010-07-03,0.229414299,0.000108616,0.016742399,0.000108616
2010-07-05,0.022938775,0.592930317,0.070340574,0.025942307
2010-07-06,0.817855835,0.4769485,0.439589381,0.30630362
2010-07-07,0.181366742,0.286006987,0.803158462,0.057817109
2010-07-08,0.972735882,0.057629611,0.470683068,0.439590126
2010-07-09,0.427629769,0.00047586,0.087816074,0.2379594
2010-07-10,0.456888139,0.000473807,0.000473807,0.000473807
2010-07-11,0.030136932,0.065459877,0.047730196,0.413767338
2010-07-12,2.228667021,0.648371816,0.493048787,0.015961632
2010-07-13,1.310138583,0.141153365,0.431411028,0.184638321
2010-07-14,1.646561027,0.002228724,0.783320844,0.160251468
2010-07-15,1.266342878,0.179083437,0.484318376,0.191682473
2010-07-16,0.965059519,0.071977295,0.61530304,0.177543521
2010-07-17,0.406839222,9.61017E-05,9.61017E-05,0.007209616
2010-07-18,0.570227504,0.000384779,0.140126944,0.014323183
2010-07-19,1.265469432,0.001292171,0.550453067,0.239244908
2010-07-20,1.690581322,0.443081677,0.547243834,0.4827995
2010-07-21,0.688685417,1.068416715,0.408783615,0.201411754
2010-07-22,2.707020998,0.079156421,0.640206695,0.386840492
2010-07-23,1.847655535,0.002195796,0.757894516,0.781293392
2010-07-25,0.252929419,9.79176E-05,0.180822805,0.035468064
2010-07-26,0.019292697,0.501675427,0.126378641,0.445772529
2010-07-27,2.759246349,0.088462934,0.749334693,0.180857599
2010-07-28,0.688349366,0.062712111,0.269327819,0.08003521
2010-07-29,1.222165942,0.35491246,0.733379126,0.09968406
2010-07-30,0.743846416,0.057655402,0.072092451,0.000375413
2010-08-02,2.644997358,1.302499294,0.772279799,0.076579034
2010-08-03,0.536466539,1.210379243,0.542311192,0.512202501
2010-08-04,0.339658499,0.100036226,0.380459875,0.160987765
2010-08-05,0.030022411,0.919813693,0.000954392,0.193090513
2010-08-06,0.276446909,0.000896511,0.194214404,0.347735256
2010-08-07,0.079459488,0.000386401,0.000386401,0.000386401
2010-08-08,0.448909044,0.00012507,0.063383609,0.00012507
2010-08-09,0.172436669,0.95158869,0.116181388,0.160239264
2010-08-10,0.001213819,0.049532142,0.00060691,1.20246315
2010-08-11,0.223542035,0.137278154,0.484821677,0.31611976
2010-08-12,0.979931355,0.136266276,0.632487476,0.063904397
2010-08-13,0.61935693,0.117259137,0.106690921,0.168493032
2010-08-16,0.313898206,0.000890943,0.11672692,0.377820969
2010-08-17,0.894801676,1.190653086,0.208784044,0.306466728
2010-08-18,2.241466761,0.001260763,0.235326856,0.215763569
2010-08-19,0.61937201,0.536627471,0.139270082,0.276281595
2010-08-20,0.002442577,0.087634064,0.162153557,0.031903375
2010-08-21,0.000419426,0.000209713,0.000209713,0.519664526
2010-08-22,0.000567562,0.000283781,0.459344625,0.000283781
2010-08-23,1.164726019,0.246406496,0.149810418,0.075920299
2010-08-24,1.651063681,0.077241316,0.452003211,0.188695118
2010-08-25,0.223156497,0.000312155,0.015672848,0.07316833
2010-08-26,0.896707594,0.660326123,0.52489382,0.139614388
2010-08-27,0.537668884,0.191610307,0.098387018,0.17874223
2010-08-28,0.00027331,0.000136655,0.000136655,0.000136655
2010-08-29,0.001245278,0.142398268,0.208718449,0.064675942
2010-08-30,0.38177222,0.221169174,0.883855224,0.247668073
2010-08-31,0.025991969,0.292194873,0.347911566,0.599552572
2010-09-01,1.393327713,0.437449366,0.133841708,0.022193303
2010-09-02,0.379979551,0.736973166,0.306230038,0.027546687
2010-09-03,0.026564214,1.001562715,0.070686519,0.546146214
2010-09-04,0.366466582,6.40496E-05,6.40496E-05,0.008785836
2010-09-05,0.129228175,0.000192418,0.064959288,0.000192418
2010-09-06,0.09200041,0.438150942,0.828873456,0.193196639
2010-09-07,1.37716198,0.044569924,0.167808339,0.404832691
2010-09-08,0.083657347,0.001027842,0.01496423,0.068411306
2010-09-09,0.787017465,0.216057241,0.567198038,0.226717129
2010-09-10,0.027267072,0.000764734,0.279934943,0.170798048
2010-09-11,0.578178465,0.000310332,0.000310332,0.000310332
2010-09-12,0.195100576,0.086037114,0.000524319,0.000524319
2010-09-13,2.319061756,0.659443915,0.060561039,0.432049006
2010-09-14,0.581169546,0.643435121,0.341490716,0.225797817
2010-09-15,0.365362734,0.047422066,0.92829603,0.126501739
2010-09-16,0.549129248,0.876434624,0.825659096,0.180827007
2010-09-17,0.179871053,0.67424047,0.252437979,0.172027498
2010-09-19,0.446539074,0.000556197,0.390949517,0.045901995
2010-09-20,1.247219324,0.090730682,0.125803754,0.02073206
2010-09-21,0.982708156,0.528711259,0.427767694,0.692949295
2010-09-22,3.872871161,1.396022558,1.293758273,0.420795292
2010-09-23,1.733856678,0.917342186,0.473665684,0.033705492
2010-09-24,0.248385713,0.521597624,0.415184826,0.061270908
2010-09-25,0.628425717,0.148414493,0.24350062,0.001483247
2010-09-26,0.529875994,0.015496323,0.000648909,0.184472039
2010-09-27,0.24094075,0.000152154,0.149869978,0.000152154
2010-09-28,0.786872625,0.474373072,0.133652627,0.001712266
2010-09-29,1.528123736,0.341667861,0.503071964,0.334622443
2010-09-30,0.577738166,0.432622939,1.183334112,0.002171856
2010-10-01,1.443594933,0.618846714,0.629735947,0.134589255
2010-10-02,0.109296046,0.000171127,0.000171127,0.005234859
2010-10-03,0.060561147,0.56094718,0.169730008,0.42135796
2010-10-04,0.490277499,1.904299259,0.985548139,0.083901785
2010-10-05,1.850852847,0.709016323,0.51479727,0.481126189
2010-10-06,3.274589062,2.093479395,0.979364812,0.224727169
2010-10-07,1.327264547,0.646744668,0.296973497,0.001085142
2010-10-08,0.918613434,1.750014424,1.00173831,0.649938285
2010-10-09,1.86952281,0.738807619,0.466385007,0.376787037
2010-10-10,1.326506972,0.352769345,0.789361238,0.361914426
2010-10-11,2.38892746,1.32455647,0.73565793,0.998899519
2010-10-12,2.012729406,1.77086997,1.759053349,0.241773114
2010-10-13,0.472258508,2.695554972,0.637820303,0.608094633
2010-10-14,1.835964322,0.16899167,0.59461385,0.26565066
2010-10-15,0.063755281,0.332468867,0.336328477,0.087797612
2010-10-17,0.000457449,0.071418911,0.000228725,0.01678062
2010-10-18,1.073576689,0.540493548,0.165553018,0.272464573
2010-10-19,2.152595282,1.099124789,0.845581174,0.274975032
2010-10-20,1.682390928,0.32107386,0.526762366,0.258009076
2010-10-21,0.498120695,0.402134359,0.273142159,0.591025174
2010-10-22,1.009164095,1.006910324,0.619404197,0.718272507
2010-10-23,0.048493348,0.00022006,0.00022006,0.014222831
2010-10-25,2.465791941,0.076365761,0.604286253,0.060401741
2010-10-26,2.032986164,0.809558034,0.259993076,0.514002323
2010-10-27,0.612339616,0.493949771,0.604075611,0.263864189
2010-10-28,1.074267864,0.481999606,0.259012461,0.248788297
2010-10-29,1.058606386,1.173628926,0.835794151,0.109612428
2010-10-30,0.047791824,0.000175688,0.000175688,0.021728927
2010-10-31,1.406077385,0.090245806,0.078932777,0.304744124
2010-11-01,2.328249931,0.827233672,0.578145027,0.037843917
2010-11-02,3.781106234,0.095113434,0.515888155,0.427931547
2010-11-03,7.833583355,0.364490747,0.871182084,0.130251899
2010-11-04,1.960248709,0.87896055,1.223928809,0.41287154
2010-11-05,0.18412891,0.438465029,0.282752216,0.229734942
2010-11-06,0.081140101,0.585317612,0.087004885,0.020019772
2010-11-07,0.000266892,0.000133446,0.213207871,0.000133446
2010-11-08,0.883702755,0.452139437,0.516731977,0.02208321
2010-11-09,0.058785006,0.141311184,0.425576061,0.311121076
2010-11-10,0.639420569,2.05423522,0.522386551,0.066381246
2010-11-11,0.011557816,0.430968583,0.321833551,0.198363587
2010-11-12,0.608065426,0.067703545,0.098500237,0.47485894
2010-11-13,0.000742103,0.000371051,0.000371051,0.208312079
2010-11-14,0.003432461,0.044125974,0.464250296,1.463496923
2010-11-15,0.662922263,1.16945219,0.938759089,0.90094465
2010-11-16,0.563203871,2.769557953,1.453619957,0.101942837
2010-11-17,0.385482371,1.860446215,1.286491871,0.180256724
2010-11-18,0.308591008,3.06044364,0.732083559,0.111391157
2010-11-19,0.399312019,1.815330029,0.77812922,0.022881204
2010-11-21,0.562999427,0.02891033,0.372247994,0.209506229
2010-11-22,0.480717063,1.249217629,1.36982882,0.036375988
2010-11-23,0.356111974,1.377842784,1.615125775,0.372650474
2010-11-24,0.159188882,2.485048771,2.241003513,0.159847736
2010-11-25,0.115998946,1.907684565,0.548137426,0.911800265
2010-11-26,0.092446454,0.39245829,0.108719267,0.000556826
2010-11-28,0.251169592,1.070184708,0.059882615,0.059182219
2010-11-29,1.134891868,4.94231987,1.634897947,0.615745902
2010-11-30,0.91090554,2.610137463,0.917926252,0.497279227
2010-12-01,0.001145022,1.262023687,0.235021383,0.020180015
2010-12-02,0.468539089,1.152689099,0.544592559,0.462315351
2010-12-03,0.591594875,2.889206886,1.394916058,0.149136499
2010-12-04,0.112756349,1.85895884,0.549346268,0.097468287
2010-12-05,0.393499196,2.24920845,0.599849701,0.240289927
2010-12-06,1.790931463,2.453061581,1.072924018,0.929252386
2010-12-07,0.435545146,2.308267117,0.614083886,0.276157171
2010-12-08,0.172781974,2.613887548,0.736831188,0.141004533
2010-12-09,1.054909587,4.224452019,1.633704543,0.278489798
2010-12-10,0.133419096,4.453170776,0.775795341,0.058689777
2010-12-11,1.343000531,5.520120621,1.235354304,0.024328001
2010-12-12,1.354442835,1.728948951,0.417982668,0.236156762
2010-12-13,1.192579627,0.129234627,0.259314775,0.03279417
2010-12-14,1.09663713,0.648869395,0.532457352,0.019645875
2010-12-15,0.338659257,0.034327857,0.562387884,0.002617558
2010-12-16,0.13863121,0.001678513,0.194733575,0.001678513
2010-12-17,1.141421437,0.001999726,0.468206853,0.061207134
2010-12-18,0.000788388,0.000394194,0.000394194,0.758166611
2010-12-19,0.000786641,0.00039332,0.00039332,0.606548667
2010-12-20,0.033669814,0.771791697,0.532094359,0.000875915
2010-12-21,0.855378926,0.022501109,0.796656251,0.020894006
2010-12-22,0.882572889,0.000213813,0.441747129,0.000213813
2010-12-23,0.098500252,0.001159904,0.30328089,0.050428856
2010-12-24,0.00025596,0.038039036,0.00012798,0.006952544
2010-12-28,0.001233125,0.000616563,0.076010235,0.000616563
2010-12-29,0.746171236,0.000384543,0.000384543,0.000384543
2010-12-30,0.000279926,0.108993337,0.090098582,0.115520947
2010-12-31,0.046741277,0.211445883,0.34233588,0.00012747
2011-01-03,0.859907389,0.000996393,0.545459032,0.017902229
2011-01-04,1.187225103,0.04138216,0.106123626,0.001116888
2011-01-05,1.475890279,0.038356807,0.329087257,0.004861761
2011-01-06,0.001645924,0.000822962,0.59867239,0.679795027
2011-01-07,0.125707,0.20461385,0.326528013,0.000511108
2011-01-09,0.000177205,8.86026E-05,0.110077985,8.86026E-05
2011-01-10,0.708964705,0.000670164,0.040736225,0.059521332
2011-01-11,0.125670493,0.026075637,0.149332315,0.05210495
2011-01-12,0.549079001,0.067730129,1.105818033,0.844674468
2011-01-13,0.00257846,0.205500007,0.115290813,2.143966198
2011-01-14,0.912065983,0.08458098,0.045536231,0.480769694
2011-01-15,0.586668968,0.000770286,0.000770286,0.264445186
2011-01-16,0.230656847,0.000404287,0.002907715,0.838069439
2011-01-17,0.170853823,0.035715189,0.001371604,0.433301449
2011-01-18,0.032984145,0.171114564,0.001426378,0.396960497
2011-01-19,0.025256643,0.543207347,0.394073606,0.267390043
2011-01-20,0.182348222,0.204248175,0.399740487,0.548423648
2011-01-21,0.036801014,0.044997312,0.060121566,0.25628823
2011-01-23,0.000377751,0.010927637,0.000188875,0.112540066
2011-01-24,0.619065881,0.368328512,0.837821245,0.359021246
2011-01-25,2.278828621,0.073084511,0.58576107,0.077416897
2011-01-26,1.090841174,0.075054392,0.782783985,0.001821399
2011-01-27,1.004418373,0.001431691,0.088172339,0.375426531
2011-01-28,0.213144869,0.702575624,0.357980788,0.000596326
2011-01-29,0.000851791,0.000425895,0.000425895,0.063308753
2011-01-30,0.000218818,0.000109409,0.000109409,0.014220274
2011-01-31,0.938921988,0.051286429,0.287351876,0.223679408
2011-02-01,0.000645809,0.000322904,0.000322904,0.000322904
2011-02-02,1.248862147,0.311038047,0.843917966,1.752409101
2011-02-03,0.217547253,0.000870051,0.300571442,0.477813572
2011-02-04,0.59502238,0.108594492,0.302869946,0.168247253
2011-02-05,0.000592947,0.029213576,0.097739823,0.000296473
2011-02-06,0.000444774,0.000222387,0.000222387,0.200284958
2011-02-07,0.246665478,0.00867561,0.239945933,0.263036788
2011-02-08,1.073811054,0.001130488,0.707798779,0.001130488
2011-02-09,0.198517919,0.002334763,0.794392109,0.458701849
2011-02-10,0.567497849,0.225996301,0.341808408,0.535964549
2011-02-11,0.076767519,0.057748679,0.312648982,0.178308055
2011-02-12,0.367998958,0.000156362,0.203617394,0.023472169
2011-02-13,0.367998183,0.000156362,0.20362094,0.023472564
2011-02-14,0.557409465,0.208051205,0.109335713,0.37217772
2011-02-15,0.709197879,0.093723223,0.521416008,0.344728172
2011-02-16,0.04730884,0.352087975,0.445239425,0.238394141
2011-02-17,0.43299365,1.574271321,0.950146377,0.001947549
2011-02-18,0.369753093,0.516355395,0.832007587,0.167377919
2011-02-19,0.661828935,0.000250752,0.056898385,0.000250752
2011-02-21,0.179716706,0.795639634,0.788897932,0.178228557
2011-02-22,0.013360238,0.202928364,0.220272899,0.111376598
2011-02-23,0.038780294,0.975597799,0.362151802,0.113996305
2011-02-24,1.858814955,0.060034789,1.02420795,0.29267925
2011-02-25,0.323258102,0.000494247,0.000494247,0.502582312
2011-02-26,0.118192032,0.000245619,0.150519311,0.000245619
2011-02-27,0.331388682,0.000387807,0.615094602,0.026160106
2011-02-28,0.820081115,0.519878447,0.879379869,0.284728557
2011-03-01,0.153484821,0.636779666,0.818490803,0.610859931
2011-03-02,0.916039705,0.831449151,0.694130659,0.073425427
2011-03-03,1.390395761,1.515307307,1.013429046,0.148298055
2011-03-04,0.655245602,0.053551313,0.491827846,0.057253212
2011-03-05,0.000213669,0.000106834,0.109205604,0.000106834
2011-03-07,0.684499741,0.113620415,0.507329524,0.654950976
2011-03-08,0.679553986,0.173275486,0.77337122,0.047782637
2011-03-09,0.833430052,0.001526888,0.06121099,0.127708837
2011-03-10,1.107957602,0.071570136,0.222558364,0.042544547
2011-03-11,0.677836716,0.092739165,0.259762913,0.176323771
2011-03-12,0.000266001,0.000133,0.311825991,0.075793974
2011-03-13,0.517455876,0.00028661,0.021561272,0.170152396
2011-03-14,1.086084843,0.062424064,0.216676205,0.306257725
2011-03-15,2.152791023,0.002923488,0.408286542,0.791174531
2011-03-16,0.217741683,0.030691752,0.313850075,0.237745538
2011-03-17,0.409008145,0.195687294,0.001209969,0.035244774
2011-03-18,0.001450821,0.000725411,0.020516608,0.027046058
2011-03-20,0.536523342,0.000416859,0.000416859,0.299773604
2011-03-21,1.054494977,0.000614406,0.062212572,0.008185752
2011-03-22,0.914090157,0.046829686,0.051393114,0.369954199
2011-03-23,1.653527498,0.000805433,0.171404749,0.245275572
2011-03-24,0.043913562,0.667054355,0.638744712,0.02786055
2011-03-25,0.013259761,0.3688564,0.199681714,0.26547718
2011-03-26,0.072240688,0.000437907,0.071493581,0.303568363
2011-03-28,0.069377452,0.0788569,0.000395534,0.088666752
2011-03-29,1.871438384,0.001746444,0.78407675,0.072750375
2011-03-30,1.849369168,0.076979205,1.18217659,0.746250927
2011-03-31,1.745292068,0.094660796,0.573714733,0.244552121
2011-04-01,1.091693163,1.470594645,0.974647701,0.160417914
2011-04-02,0.627760053,0.106559306,0.000325863,0.01629906
2011-04-03,0.083531961,0.410659224,0.267885149,0.178827584
2011-04-04,1.670820594,0.119039379,0.743563592,0.509991407
2011-04-05,2.233966351,0.977121472,0.40612191,0.130859256
2011-04-06,1.4253546,2.795390129,0.213857219,0.086262807
2011-04-07,0.633281648,0.079596356,0.325900167,0.17221947
2011-04-08,0.127064526,0.775015593,0.116259195,0.170118183
2011-04-10,0.000306827,0.000153413,0.149707988,0.000153413
2011-04-11,0.001153304,0.08700566,0.308090627,0.134225488
2011-04-12,0.738180637,0.000667545,0.427228808,0.015659079
2011-04-13,0.699774265,0.002064573,0.157568708,0.055889703
2011-04-14,0.185057819,0.000865138,0.158045053,0.058464706
2011-04-15,0.973574638,0.551881671,1.20772481,0.00122897
2011-04-17,0.616812468,0.00104646,0.316775888,0.025742715
2011-04-18,0.221510231,0.000553747,0.589483202,0.076826937
2011-04-19,1.039594889,0.000569929,0.172936797,0.042792074
2011-04-20,0.001054779,0.175104946,0.599141598,0.233631417
2011-04-21,0.318692774,0.030678516,0.236729711,0.02583812
2011-04-25,0.53864193,0.304437935,0.550625861,0.520078719
2011-04-26,0.000742006,0.425714791,0.390281141,0.082274072
2011-04-27,0.137703955,0.885250092,0.637451649,0.074811637
2011-04-28,1.372794032,0.193502069,0.12534444,0.137357026
2011-04-29,0.768141389,0.001068425,0.205099046,0.047650661
2011-04-30,0.009755834,0.353528142,0.096175537,0.063483857
2011-05-01,0.268032521,9.03751E-05,0.065426886,9.03751E-05
2011-05-02,1.535596728,0.0007338,0.104221933,0.059338003
2011-05-03,1.30945766,0.18401219,0.109899059,0.102174722
2011-05-04,0.551175535,0.372443765,0.597390473,0.027357236
2011-05-05,0.00197478,0.301854849,0.143149197,0.191249847
2011-05-06,0.311796248,0.542701721,0.153710991,0.171952501
2011-05-08,0.000377529,0.000188764,0.068059772,0.000188764
2011-05-09,0.388579518,0.218217269,0.616856456,0.001215802
2011-05-10,0.557070255,0.024902884,0.130611703,0.771061003
2011-05-11,0.94654727,0.470740825,0.511585236,0.653688014
2011-05-12,0.100375913,0.115875974,0.011368692,0.06993752
2011-05-13,1.474125385,0.000674955,0.164365277,0.000674955
2011-05-15,0.545723796,0.000301251,0.180335522,0.000301251
2011-05-16,0.959986269,0.000611586,0.217819482,0.000611586
2011-05-17,0.78082788,0.001257623,0.62964201,0.001257623
2011-05-18,0.460761607,0.376987278,0.515245676,0.337710649
2011-05-19,0.073048741,0.1734346,0.624390006,0.042899527
2011-05-20,0.349311382,0.000554626,0.199278772,0.157892048
2011-05-22,0.187500045,7.41574E-05,7.41574E-05,0.018813504
2011-05-23,0.908138156,0.001095645,0.61904043,0.021828363
2011-05-24,0.000305549,0.171629801,0.036658481,0.000152775
2011-05-25,0.075024918,0.092651166,0.037657525,0.017022818
2011-05-26,0.001134594,0.000567297,0.02093528,0.240026474
2011-05-27,0.057057731,0.000899191,0.287895799,0.103039503
2011-05-29,0.00046353,0.000231765,0.168702111,0.064358637
2011-05-30,0.796837568,0.364886016,0.885508537,0.059678312
2011-05-31,0.548103034,0.299047768,0.529914379,0.345892251
2011-06-01,0.328773379,1.436341882,0.627448201,0.149808332
2011-06-02,0.718425453,0.993015945,0.61633867,0.407763094
2011-06-03,0.876702368,0.643130004,0.544640005,0.586464107
2011-06-04,0.036364697,0.000182798,0.000182798,0.000182798
2011-06-05,0.255217075,0.457550466,0.216613814,0.005944549
2011-06-06,0.184295565,0.337454885,0.315895587,0.143746525
2011-06-07,1.059366941,1.309772849,0.160415024,0.086143106
2011-06-08,2.00311327,0.290980637,0.606951237,0.609331608
2011-06-09,0.880886018,0.597080469,0.659201503,0.782633483
2011-06-10,0.512147963,0.011470993,0.142411426,0.514042795
2011-06-13,0.581413269,0.647074997,0.323409468,0.103201136
2011-06-14,0.895924807,0.166268289,0.511999011,0.062745653
2011-06-15,0.320200205,0.969506383,0.79420507,0.095940411
2011-06-16,1.562310219,1.357359409,0.355263978,0.001262248
2011-06-17,0.131527528,1.923447847,0.15457429,0.501893163
2011-06-19,0.115337014,0.695907533,0.120184191,0.000297223
2011-06-20,1.475251794,0.147866398,0.333231002,0.568562567
2011-06-21,1.155314565,0.255784094,0.693210661,0.691604257
2011-06-22,0.126651645,0.469616085,0.730677724,0.529903054
2011-06-23,0.469350815,0.115730546,0.099385686,0.55167985
2011-06-24,0.001964323,0.000982161,0.024087962,0.713141978
2011-06-26,1.897587657,0.099229828,0.281360924,0.125189319
2011-06-27,0.002607453,0.001303727,0.001303727,0.547735751
2011-06-28,1.405798793,0.248438999,0.503350496,0.453505516
2011-06-29,0.69453299,0.080198772,0.715491235,0.047451101
2011-06-30,1.431623578,0.741262615,0.290081114,0.455136836
2011-07-01,0.326677233,0.025662092,0.033116382,0.633227646
2011-07-02,0.000602418,0.155926913,0.000301209,0.000301209
2011-07-03,0.216116354,7.07644E-05,7.07644E-05,7.07644E-05
2011-07-04,1.201646328,0.070099056,0.423644423,0.571313262
2011-07-05,0.19135797,0.019173671,0.537310362,0.101989754
2011-07-06,0.088404551,0.077195734,0.195291802,0.395275593
2011-07-07,0.279933006,0.171706036,0.131731674,0.46776104
2011-07-08,0.283492774,0.002411942,0.39427793,0.47554493
2011-07-10,0.787569523,0.000374046,0.427526087,0.000374046
2011-07-11,0.504418969,0.155492678,0.467538923,0.804111362
2011-07-12,0.478156269,0.119737834,0.136847079,0.541983843
2011-07-13,0.033255175,0.001057112,0.426240623,0.759009302
2011-07-14,0.429411232,0.050285023,0.8286888,0.446278811
2011-07-15,0.000391932,0.017140821,0.112652741,0.019941386
2011-07-17,0.000888671,0.017254617,0.066422395,0.013376655
2011-07-18,0.015122434,0.000844789,0.095252417,0.408513546
2011-07-19,1.02479291,0.000753952,0.048489626,0.532039642
2011-07-20,0.321249932,0.216232821,0.090485476,0.443144411
2011-07-21,0.920544147,0.446252644,0.408496171,0.122858509
2011-07-22,0.291770995,0.000616961,0.087828413,0.450946033
2011-07-23,0.00032298,0.00016149,0.00016149,0.165570468
2011-07-24,0.233790427,0.162860438,0.000282847,0.000282847
2011-07-25,0.514710426,0.000921959,0.056011811,0.47103408
2011-07-26,0.127277315,0.079200402,0.204821989,1.671573281
2011-07-27,0.269439667,0.638776004,0.499704123,0.442971796
2011-07-28,0.564517438,0.000851232,0.000851232,0.730013847
2011-07-29,0.134739891,0.045051146,0.1740973,0.842092633
2011-08-01,0.159435049,0.000952197,0.471098721,0.478565127
2011-08-02,0.049295247,0.544725895,0.218820348,0.500046253
2011-08-03,0.240952879,0.000292983,0.000292983,0.386096954
2011-08-04,0.308825999,0.002361737,1.102864623,0.530468106
2011-08-05,0.19420965,0.029049845,0.311275989,0.407793254
2011-08-08,0.223767743,0.000380975,0.008764614,0.630040884
2011-08-09,0.011527365,0.000456294,0.19618836,0.529473722
2011-08-10,0.11000891,0.000448776,0.060281917,0.43050012
2011-08-11,0.00046544,0.00023272,0.00023272,0.381790221
2011-08-12,0.645350099,0.000456574,0.000456574,0.403454155
2011-08-15,0.001603148,0.000801574,0.037396815,0.360534877
2011-08-16,0.311153293,0.035263576,0.00062046,0.52919066
2011-08-17,0.000721377,0.000360689,0.000360689,0.633666515
2011-08-18,0.029693333,0.043804005,1.52628386,0.588237822
2011-08-19,0.030241052,0.11305996,0.063305229,0.342054516
2011-08-21,0.000596869,0.042165071,0.000298435,0.057116859
2011-08-22,0.202606916,0.461528391,0.368038327,0.421647906
2011-08-23,0.000354332,0.000177166,0.000177166,0.327469707
2011-08-24,0.099725395,0.000816314,0.000816314,0.297138959
2011-08-25,1.042350292,0.000614165,0.182036474,0.301538885
2011-08-26,0.416173518,0.040108532,0.1801285,0.752535403
2011-08-27,0.000468034,0.000234017,0.409993529,0.000234017
2011-08-28,0.17311205,6.80148E-05,6.80148E-05,6.80148E-05
2011-08-29,0.000435511,0.000217756,0.146935254,0.012763963
2011-08-30,0.277978599,0.000172056,0.08786694,0.197381645
2011-08-31,0.000453376,0.499148279,0.072840191,0.1715983
2011-09-01,0.220577672,0.118452333,0.413787603,0.103482045
2011-09-02,0.131476685,0.000210895,0.000210895,0.000210895
2011-09-03,0.000519771,0.000259885,0.000259885,0.000259885
2011-09-05,0.99438405,0.000975253,0.029407792,0.133347154
2011-09-06,0.010835966,0.000596624,0.150543109,0.000596624
2011-09-07,1.75191617,0.000599561,0.000599561,0.020543914
2011-09-08,1.328130722,0.587026536,0.325097859,0.46012643
2011-09-09,0.106330723,0.106180042,0.325049281,0.000664179
2011-09-12,0.000487318,0.000243659,0.141870171,0.0111077
2011-09-13,0.821075797,0.016637091,0.186602622,0.107529677
2011-09-14,2.062729597,0.05671997,1.010748982,0.131492749
2011-09-15,0.990288019,0.09827029,0.279150844,0.209353462
2011-09-16,0.013116233,0.000520497,0.184980512,0.248760611
2011-09-18,0.001163541,0.00058177,0.177825436,0.00058177
2011-09-19,0.173374221,1.07973361,0.881299853,0.126217812
2011-09-20,1.132983565,0.766286969,0.205424532,0.212651238
2011-09-21,0.034485221,0.101848431,0.000368884,0.389776379
2011-09-22,0.082723103,0.058006313,0.200818852,0.076771706
2011-09-23,0.057224885,0.187032044,0.037581526,0.168801337
2011-09-26,0.00149407,0.200934649,0.517537296,0.699661672
2011-09-27,0.00768859,0.000490095,0.126893699,0.37545234
2011-09-28,2.195823669,0.0375183,0.826849401,0.41021654
2011-09-29,0.616565228,0.762301803,0.69639039,0.531385601
2011-09-30,0.139779583,0.001431716,0.349747211,0.147709653
2011-10-02,0.00052324,1.056799173,0.409922659,0.084866099
2011-10-03,0.757531404,1.142939925,0.411148012,0.527120948
2011-10-04,0.214572191,0.32724458,1.012073874,0.365159988
2011-10-05,0.241425738,0.000110621,0.000110621,0.025665388
2011-10-06,0.518577218,0.186367109,0.043031674,0.507509172
2011-10-07,0.002651014,0.07002677,0.001325507,0.461257011
2011-10-08,0.000326948,0.695599139,0.045656197,0.000163474
2011-10-09,0.296038955,7.12759E-05,7.12759E-05,7.12759E-05
2011-10-10,1.291841745,1.226400971,0.976663947,0.434795916
2011-10-11,0.790463626,0.000529533,0.000529533,0.38662976
2011-10-12,0.679719687,0.057814598,0.242617771,0.351565599
2011-10-13,0.001299396,0.145797148,0.398755282,0.413571388
2011-10-14,0.550341308,1.37782526,0.726241827,0.126565188
2011-10-16,0.000695985,0.000347992,0.000347992,0.000347992
2011-10-17,0.088333212,0.095268048,0.560449183,0.687197804
2011-10-18,0.162984803,0.545977592,0.371097684,0.554695606
2011-10-19,0.298229903,0.032379519,0.22539264,0.544516146
2011-10-20,0.079066753,1.191798449,0.594967663,0.469495118
2011-10-21,0.924029946,0.735187888,0.571676672,0.485657811
2011-10-23,0.000388679,0.102077551,0.245810777,0.00019434
2011-10-24,0.053056497,0.001031002,0.170459926,0.623781979
2011-10-25,0.259159356,0.400585145,0.32889688,0.58901
2011-10-26,0.066066504,0.586484492,0.482413143,1.172514439
2011-10-27,0.607797682,0.167804718,0.091691226,0.710656524
2011-10-28,0.90571934,0.142224014,0.33531639,0.062577575
2011-10-29,0.059983239,0.000354726,0.000354726,0.000354726
2011-10-30,0.319046378,0.113975078,0.414981216,0.00078393
2011-10-31,1.392840624,1.031327605,0.493646622,0.708566129
2011-11-01,0.335201621,0.686945498,0.087068729,0.69380635
2011-11-02,0.707453609,0.001034904,0.445464581,0.229786456
2011-11-03,0.682806611,1.569233894,0.975160062,0.619057655
2011-11-04,0.131533325,0.768311739,0.255134284,0.0431927
2011-11-06,0.27817142,0.00015281,0.00015281,0.024564236
2011-11-07,1.948813438,0.055540971,0.703199625,0.167953521
2011-11-08,0.459021181,0.203479961,1.110782743,0.001973486
2011-11-09,0.898694873,0.590288639,1.399320126,0.146700263
2011-11-10,0.030814173,0.2434856,1.110859871,0.221744761
2011-11-11,0.393143237,0.107084408,0.313222826,0.091055982
2011-11-12,0.000289079,0.037501521,0.064825259,0.000144539
2011-11-13,0.000412605,0.015124372,0.097863019,0.039413299
2011-11-14,0.008920833,1.080208778,0.706710875,0.570454061
2011-11-15,0.080151334,0.236169487,0.229687527,0.760582805
2011-11-16,0.298364937,1.186635494,0.481572479,0.233109951
2011-11-17,0.08633408,0.107624054,0.151276231,0.00053399
2011-11-18,0.272712499,0.85665381,0.420123667,0.289200068
2011-11-21,0.69103992,0.517690837,1.257826805,0.165610969
2011-11-22,0.031896509,0.826207101,0.667510748,0.002035959
2011-11-23,0.251297027,1.550473928,1.585129738,0.087348454
2011-11-24,0.092629775,1.591108561,0.888185859,0.275367856
2011-11-25,0.175251111,1.300187349,0.405132353,0.181749865
2011-11-27,0.075856738,0.537251592,0.219477117,0.047457229
2011-11-28,1.173907638,4.559010506,1.359378099,0.9186396
2011-11-29,0.048302472,1.626132846,0.756673813,0.406746089
2011-11-30,0.033355579,1.274299502,0.973413289,0.017448852
2011-12-01,0.445867658,1.422362447,1.024638295,0.138970658
2011-12-02,0.147665381,2.486905813,1.285397291,0.18749842
2011-12-03,0.170147046,1.23059094,0.422306985,0.000526165
2011-12-04,0.570616305,0.133134171,0.423283994,0.000683414
2011-12-05,0.162060261,0.82396704,0.34928599,0.110573605
2011-12-06,0.095626645,2.909727573,0.457479328,0.069549754
2011-12-07,0.031981871,1.680542231,0.914847016,0.109794207
2011-12-08,1.591427922,2.978327751,1.177775502,0.273527354
2011-12-09,1.408849359,2.826087236,0.726887524,0.387453765
2011-12-10,0.188144907,2.012572289,0.311924875,0.018282771
2011-12-11,0.681098938,3.284497023,0.727036178,0.019720612
2011-12-12,0.39581266,2.218689442,0.626048505,0.030092124
2011-12-13,0.460753381,2.538244724,0.889612436,0.002032018
2011-12-14,0.931419432,0.032135956,0.259592593,0.229246944
2011-12-15,1.032306194,0.469443828,0.774553657,0.093063273
2011-12-16,0.264784396,0.220377818,0.231297091,0.001328986
2011-12-18,0.166002154,0.000253878,0.204882532,0.014389551
2011-12-19,0.060376473,0.017159134,0.048718959,0.140561983
2011-12-20,0.460176617,0.061991952,0.049011059,0.521858156
2011-12-21,0.436720729,0.002342079,0.521944523,0.018553231
2011-12-22,0.503255844,0.206128865,0.009136052,0.515655994
2011-12-23,0.680291057,0.000381298,0.119905688,0.058182206
2011-12-27,0.237627462,9.42506E-05,0.011348234,0.087382764
2011-12-28,0.002759642,0.001379821,0.001379821,0.001379821
2011-12-29,0.000833478,0.000416739,0.129072934,0.000416739
2011-12-30,0.001402612,0.000701306,0.08484716,0.000701306
2012-01-02,0.000257388,0.000128694,0.052718949,0.000128694
2012-01-03,0.093342856,0.074251845,0.000853614,0.000853614
2012-01-04,0.137448415,0.000311741,0.000311741,0.000311741
2012-01-05,0.106328487,0.049994711,0.06416294,0.000550382
2012-01-06,0.000768191,0.000384095,0.034157623,0.000384095
2012-01-09,0.777885318,0.019017536,0.177363038,0.010733974
2012-01-10,0.02652064,0.000799237,0.097402416,0.20144172
2012-01-11,0.260740727,0.516590953,0.272168964,0.416352391
2012-01-12,0.098843835,0.036216952,0.458712161,0.011582053
2012-01-13,0.425836325,0.081724413,0.132153884,0.227567241
2012-01-14,0.013614804,0.061156549,0.001347918,0.001347918
2012-01-16,0.000847254,0.000423627,0.037244748,0.000423627
2012-01-17,0.045719404,0.000687073,0.035109613,0.04292579
2012-01-18,0.613121152,0.220123023,0.68391192,0.422259122
2012-01-19,0.920289099,0.001392355,0.794457376,0.028295312
2012-01-20,0.007470223,0.000334791,0.059817851,0.168930367
2012-01-21,0.180597663,0.000312789,0.000312789,0.048910528
2012-01-22,0.474523097,0.000383716,0.000383716,0.075715512
2012-01-23,0.00098615,0.049809851,0.291867703,0.000493075
2012-01-24,0.375886321,0.292342395,0.540408492,0.030992061
2012-01-25,0.383572727,0.000899729,0.377463281,0.009862497
2012-01-26,0.590099931,0.081152461,0.240962818,0.188606635
2012-01-27,0.072573848,0.053169612,0.125128135,0.861710012
2012-01-29,0.000266065,0.008826449,0.000133032,0.016942279
2012-01-30,8.02431E-05,0.007641887,0.085087277,0.007229967
2012-01-31,0.033714939,0.081456348,0.343820095,0.029546501
2012-02-01,0.224859536,0.024738004,0.161806539,0.024847973
2012-02-02,0.729882002,0.000701922,0.324676275,0.023852922
2012-02-03,2.49198699,0.11185509,0.323572904,0.214448452
2012-02-06,1.417539835,0.00279551,0.201071978,0.016328529
2012-02-07,0.296342313,0.146159172,0.00612242,0.049578927
2012-02-08,0.802926302,0.125637054,0.014157839,0.000881734
2012-02-09,0.599069476,0.000953055,0.000953055,0.041672368
2012-02-10,0.286370426,0.045955408,0.146940291,0.050647669
2012-02-13,0.043971132,0.000600838,0.20003888,0.000600838
2012-02-14,0.046064571,0.064935386,0.110973813,0.000683649
2012-02-15,0.264418721,0.037133735,0.044289958,0.040486429
2012-02-16,0.436111152,0.030857716,0.726927996,0.000405581
2012-02-17,0.000482626,0.000241313,0.000241313,0.000241313
2012-02-18,0.385795534,0.000151717,0.000151717,0.000151717
2012-02-19,0.051687043,0.000132127,0.086386345,0.000132127
2012-02-20,0.464617431,0.000783303,0.000783303,0.000783303
2012-02-21,0.000987442,0.000493721,0.069355592,0.000493721
2012-02-22,1.098854899,0.000863089,0.106225096,0.325123549
2012-02-23,0.46419698,0.055430546,0.87268579,0.135747179
2012-02-24,0.368736893,0.002134264,0.499786556,0.080209695
2012-02-25,0.030931,0.000122829,0.000122829,0.000122829
2012-02-27,0.001656667,0.219447464,0.160758272,0.000828334
2012-02-28,0.418747991,0.00085116,0.154886708,0.044133842
2012-02-29,0.660439551,0.03502192,0.236308679,0.169035986
2012-03-01,0.095512167,0.001130932,0.105290845,0.001130932
2012-03-02,0.018927962,0.001192553,0.097927302,0.001192553
2012-03-03,0.11043115,0.168201804,0.196779177,0.009193012
2012-03-05,0.021944804,0.000589101,0.280400425,0.241226867
2012-03-06,0.211188078,0.000494349,0.008832785,0.019937022
2012-03-07,0.002151782,0.090683989,0.118517771,0.263491392
2012-03-08,1.046877265,0.000395224,0.018820839,0.000395224
2012-03-09,0.006393741,0.888762414,0.419270515,0.000644585
2012-03-11,0.000823833,0.000411916,0.046198957,0.211092919
2012-03-12,1.188763261,0.105547741,0.53305006,0.116114981
2012-03-13,1.242679596,0.128825918,0.102215238,0.073284335
2012-03-14,0.001304448,0.000652224,0.200245664,0.351768404
2012-03-15,0.461339802,0.001315024,0.873052299,0.173373774
2012-03-16,0.000826165,0.058403458,0.000413083,0.257120132
2012-03-17,0.044038922,0.000179632,0.151435435,0.000179632
2012-03-19,0.001260432,0.056497458,0.114895463,0.000630216
2012-03-20,0.029954175,0.000290458,0.361636251,0.000290458
2012-03-21,0.413824707,0.000937306,0.250687361,0.408103377
2012-03-22,0.078334659,0.000482466,0.000482466,0.155917242
2012-03-23,0.597885668,0.119313546,0.276953936,0.02628603
2012-03-25,0.00034545,0.000172725,0.000172725,0.050049741
2012-03-26,0.534204602,0.034633715,0.382517278,0.502453268
2012-03-27,1.472351193,0.034605026,1.389210105,0.008477218
2012-03-28,0.279367983,0.251439542,0.36227268,0.663807869
2012-03-29,0.411288083,0.001720258,0.616032481,0.016817803
2012-03-30,0.180471286,0.137990251,0.219734475,0.297440648
2012-04-01,0.000198274,9.91369E-05,9.91369E-05,0.048257545
2012-04-02,0.024463361,0.000944864,0.407728761,0.036273789
2012-04-03,0.14097777,0.162736312,0.224732533,0.000878967
2012-04-04,0.06278602,0.013460518,0.123959921,0.011812456
2012-04-05,0.132408544,0.139401704,0.125957623,0.04267288
2012-04-10,0.00121273,0.000606365,0.000606365,0.000606365
2012-04-11,0.258185834,0.019847022,1.374749303,0.002687462
2012-04-12,0.312847912,0.087892257,1.340250254,0.057699032
2012-04-13,0.513156652,0.007475321,0.129325911,0.088422425
2012-04-15,0.000760418,0.000380209,0.000380209,0.550436199
2012-04-16,0.033265136,0.094595216,0.843545616,0.000796031
2012-04-17,0.020429226,0.00033214,0.506663918,0.138924137
2012-04-18,0.028523562,0.134086818,0.417362154,0.015614472
2012-04-19,0.475447983,0.054296963,0.243046492,0.001076369
2012-04-20,0.060844533,0.000361767,0.000361767,0.19149217
2012-04-23,0.023153011,0.050554838,0.169472948,0.001212015
2012-04-24,0.472893685,0.074344404,0.164431706,0.02220346
2012-04-25,0.038878597,0.000601954,0.315864354,0.000601954
2012-04-26,0.539969862,0.252765954,0.921682656,0.022744492
2012-04-27,0.884386063,0.022475187,0.209320754,0.12468221
2012-04-29,0.083040237,0.000218687,0.064654283,0.051091451
2012-04-30,0.079625092,0.354518741,0.449250221,0.128241301
2012-05-01,0.792087197,0.295200378,0.25706926,0.06032503
2012-05-02,0.001142128,0.022796897,0.611809134,0.117635608
2012-05-03,0.218073159,0.001335734,1.133173227,0.309775054
2012-05-04,0.35889855,0.025830343,0.859769106,0.122104608
2012-05-07,0.272844553,0.23182717,0.659645438,0.000687357
2012-05-08,0.114645034,0.000970458,0.870861948,0.000970458
2012-05-09,0.003545864,0.10116557,0.219063476,0.001772932
2012-05-10,0.082805566,0.514790416,0.357817292,0.189862579
2012-05-11,0.125174046,0.514212787,0.059027996,0.016006703
2012-05-14,0.384063691,0.447109252,0.391560107,0.033160593
2012-05-15,0.001094484,0.138009384,0.035559494,0.29129833
2012-05-16,0.378050089,0.619235277,0.478950143,0.371931404
2012-05-17,0.089497954,0.586961031,0.284637839,0.001069695
2012-05-18,0.001774216,0.75386858,0.380841643,0.011580026
2012-05-21,0.332994103,0.368498564,0.799280882,0.186335191
2012-05-22,0.057652742,0.563924074,0.251209408,0.005411623
2012-05-23,0.168423384,0.5809834,0.240953743,0.214017689
2012-05-24,0.023107462,0.821907759,0.786501408,0.047218379
2012-05-25,0.018055841,0.584406316,0.130514786,0.00047868
2012-05-26,0.086113073,0.000318065,0.000318065,0.000318065
2012-05-28,0.035875458,0.464278758,1.1721071,0.141575798
2012-05-29,0.017444203,0.000109676,0.000109676,0.000109676
2012-05-30,0.009625329,0.07530801,0.40958935,0.000445898
2012-05-31,0.430438668,0.00050886,0.088096596,0.105432644
2012-06-01,0.009631297,0.149866447,0.235034019,0.000251756
2012-06-02,0.000703964,0.000351982,0.030904643,0.054556645
2012-06-03,0.000785426,0.000392713,0.03094808,0.000392713
2012-06-04,0.000324213,0.000162106,0.000162106,0.113852292
2012-06-05,0.063918635,0.055883192,0.395900249,0.000388304
2012-06-06,0.505573213,0.375776708,1.151612401,0.144668281
2012-06-07,0.000281911,0.000140955,0.000140955,0.069248818
2012-06-08,0.015211456,0.000140967,0.000140967,0.008640047
2012-06-10,0.000268725,0.000134363,0.365432143,0.000134363
2012-06-11,0.019408233,0.017606109,0.606512249,0.217233032
2012-06-12,0.001345115,0.014131059,0.490047753,0.148541242
2012-06-13,0.280881256,0.362301618,0.265437454,0.302109599
2012-06-14,0.152145922,0.149454832,0.310232341,0.00081382
2012-06-15,0.296092689,0.054847751,0.245265365,0.000581072
2012-06-16,0.468963712,0.000132222,0.000132222,0.015739705
2012-06-17,0.157684937,0.000132118,0.073534735,0.027349684
2012-06-18,0.189797848,0.476207495,0.434762388,0.009076076
2012-06-19,0.015234621,0.644561529,0.29142046,0.113720939
2012-06-20,0.106846645,1.280628681,0.190880537,0.060615841
2012-06-21,0.158617228,0.115483455,0.138212502,0.000799789
2012-06-22,0.001075034,0.806028545,0.155624434,0.200230077
2012-06-25,0.053160727,0.000440315,0.000440315,0.05714801
2012-06-26,0.666575015,0.000959145,0.496799707,0.000959145
2012-06-27,0.129923195,0.0968033,0.415959179,0.000719809
2012-06-28,0.884332895,0.072080284,1.313341737,0.507816136
2012-06-29,0.020983957,0.065773912,0.0674491,0.42813316
2012-06-30,0.272252262,0.000212888,0.085691512,0.000212888
2012-07-01,0.680080891,0.052304778,0.280147791,0.006709128
2012-07-02,0.41665557,0.048755482,0.203911185,0.001386179
2012-07-03,0.448432893,0.543274164,0.191769883,0.069675073
2012-07-04,0.02056483,0.116852224,0.081952579,0.000181927
2012-07-05,0.13226226,0.000563525,0.338524044,0.000563525
2012-07-06,0.11417187,0.000536981,0.486290604,0.113513105
2012-07-07,0.000324149,0.13513492,0.085202426,0.000162074
2012-07-08,0.053740181,6.28796E-05,6.28796E-05,6.28796E-05
2012-07-09,0.155460536,0.024861328,0.283346951,0.116724238
2012-07-10,0.06675788,0.129137009,0.227925971,0.547245026
2012-07-11,0.02706868,0.000443895,0.000443895,0.201783344
2012-07-12,0.66710037,0.264762849,0.125243843,0.305563122
2012-07-13,0.008670126,0.055690296,0.069779672,0.014411632
2012-07-15,0.000346634,0.000173317,0.000173317,0.011770593
2012-07-16,0.023667458,0.675378084,0.390647024,0.000632799
2012-07-17,0.240121946,0.059425961,0.193292364,0.001042213
2012-07-18,0.436665863,0.182501003,0.160064444,0.092369251
2012-07-19,0.116497733,0.000266452,0.138612807,0.323635966
2012-07-20,0.060858384,0.000435743,0.046051197,0.391047329
2012-07-22,0.116178617,0.050028183,0.011049023,0.000324419
2012-07-23,0.000338279,0.000169139,0.000169139,0.778191924
2012-07-24,0.189621598,0.126520067,0.742184639,0.292886227
2012-07-25,0.064264633,0.001506901,0.20422706,0.245583341
2012-07-26,0.298153818,0.00108801,0.356016189,0.091368333
2012-07-27,0.000202145,0.055547722,0.079720058,0.082133189
2012-07-29,0.00095981,0.071760274,0.126891255,0.018935636
2012-07-30,0.258714736,0.000529053,0.141786918,0.238993287
2012-07-31,0.129480705,0.118195288,0.064673856,0.458708256
2012-08-01,0.039837852,0.000453507,0.338125199,0.303732306
2012-08-02,0.00093198,0.259968877,0.134472042,0.00046599
2012-08-03,0.345297515,0.000306184,0.115414001,0.000306184
2012-08-05,0.000430386,0.000215193,0.073657356,0.000215193
2012-08-06,0.646955013,1.112173796,0.436225832,0.006828225
2012-08-07,0.262939215,1.257889152,0.648681223,0.079086676
2012-08-08,0.327779293,0.492944807,0.8869012,0.267080307
2012-08-09,0.002176539,0.001088269,0.001088269,0.001088269
2012-08-10,0.074837357,0.000165478,0.000165478,0.059634499
2012-08-12,0.000414986,0.000207493,0.000207493,0.000207493
2012-08-13,0.000210734,0.000105367,0.000105367,0.000105367
2012-08-14,0.647978961,0.000477954,0.059066102,0.048120275
2012-08-15,0.233491108,0.071509406,0.839356542,0.376808703
2012-08-16,0.000871611,0.035461936,0.141024843,0.162172034
2012-08-17,0.618029833,0.14392969,0.329604089,0.20963183
2012-08-19,0.000879958,0.000439979,0.000439979,0.000439979
2012-08-20,0.031508513,0.29177618,0.028729247,0.13373521
2012-08-21,0.031059004,0.032238044,0.197156325,0.12769255
2012-08-22,0.000267882,0.000133941,0.022804374,0.027599262
2012-08-23,1.065434337,0.268658519,1.003862977,0.074043587
2012-08-24,0.392105639,0.172769204,0.314493835,0.264412522
2012-08-25,0.000406413,0.293733329,0.000203207,0.000203207
2012-08-27,0.001510896,0.000755448,0.141074598,0.000755448
2012-08-28,0.05227961,0.580543399,0.275455922,0.010648469
2012-08-29,0.34558621,0.115583457,0.497573674,0.175071642
2012-08-30,0.225677788,0.554724813,0.354614377,0.031865828
2012-08-31,0.218302876,0.311359137,0.433548033,0.051899701
2012-09-01,0.000184264,0.017714135,9.21321E-05,0.009816195
2012-09-03,0.00078785,0.380677164,0.075712189,0.117698893
2012-09-04,0.002284296,0.54843384,0.524137437,0.001142148
2012-09-05,0.777327597,0.747900188,0.657235563,0.007562516
2012-09-06,0.940000176,0.000320209,0.0518464,0.236578673
2012-09-07,0.604832292,0.168828353,0.402426779,0.042723008
2012-09-08,0.000325587,0.000162794,0.000162794,0.240951449
2012-09-10,0.093217202,0.144084096,0.136345267,0.253775775
2012-09-11,0.440350443,0.4311077,0.740441799,0.096027255
2012-09-12,0.186378121,0.001054512,0.083367854,0.041915387
2012-09-13,0.231125578,0.73154664,1.062061548,0.017408572
2012-09-14,0.016490253,0.02828031,0.598500371,0.039639518
2012-09-16,0.000363783,0.000181892,0.172689915,0.000181892
2012-09-17,0.754937112,0.000686312,0.000686312,0.08481551
2012-09-18,0.020314578,0.000316649,0.166274279,0.000316649
2012-09-19,0.120011114,0.169781297,0.839380324,0.363525927
2012-09-20,0.538888335,0.056519713,0.589093924,0.122312546
2012-09-21,0.000363877,0.445290327,0.035930578,0.000181938
2012-09-22,0.510779262,0.015399435,0.000320883,0.000320883
2012-09-23,0.252441943,0.000482157,0.319741547,0.052505929
2012-09-24,0.238928318,0.388715953,0.448127747,0.052733339
2012-09-25,0.093929119,0.17275992,0.286502481,0.000330651
2012-09-26,0.214167252,0.019454282,0.586915135,0.06611295
2012-09-27,0.000741437,0.000370718,0.000370718,0.000370718
2012-09-28,0.064511053,0.543673158,0.456891626,0.182961047
2012-09-30,0.000358897,0.000179448,0.058790624,0.000179448
2012-10-01,0.173022926,0.663821757,0.558883846,0.102941401
2012-10-02,0.204877749,0.540269315,0.222474292,0.011796243
2012-10-03,0.000302107,0.000151054,0.246719211,0.000151054
2012-10-04,0.001423504,0.079725318,0.000711752,0.000711752
2012-10-05,0.000309061,0.00015453,0.00015453,0.00015453
2012-10-07,0.000509852,0.000254926,0.056256372,0.000254926
2012-10-08,0.119778514,0.049101837,0.39856419,0.001166312
2012-10-09,0.000609758,0.042144246,0.000304879,0.153746843
2012-10-10,0.08752919,0.043143094,0.366342604,0.0514079
2012-10-11,0.037443217,0.000631146,0.051492717,0.000631146
2012-10-12,0.292450815,0.000439216,0.01793183,0.000439216
2012-10-15,0.000473851,0.000236925,0.000236925,0.029571824
2012-10-16,0.086044125,0.000548064,0.036331136,0.000548064
2012-10-17,0.000383018,0.000191509,0.000191509,0.126071662
2012-10-19,0.713777006,0.031253688,0.145480901,0.018623859
2012-10-20,0.000908254,0.332354993,0.000454127,0.09444426
2012-10-22,0.071755387,0.000501032,0.000501032,0.48356393
2012-10-23,0.007110317,0.000606605,0.000606605,0.000606605
2012-10-24,0.000651517,0.080175593,0.727321267,0.000325759
2012-10-25,0.726427913,0.580363989,0.554428816,0.017914644
2012-10-26,0.078495488,0.000789823,0.754596055,0.000789823
2012-10-28,0.0522587,0.000497445,0.706148028,0.000497445
2012-10-29,0.067483969,0.000517759,0.000517759,0.000517759
2012-10-30,0.163798749,0.066109836,0.075505361,0.503367543
2012-10-31,0.422364175,0.092064798,1.010046482,0.395274967
2012-11-01,0.351634711,0.182139009,0.3285456,0.261252016
2012-11-02,0.575210512,0.108623162,0.480723828,0.657476604
2012-11-04,0.1169772,7.11404E-05,0.026796384,7.11404E-05
2012-11-05,0.120435499,0.132804468,0.641815424,0.012870152
2012-11-06,0.709901094,0.371647298,1.327580094,0.218326122
2012-11-07,2.041537523,0.143383563,0.789990425,0.822130382
2012-11-08,0.685310841,0.015951537,0.880894661,0.208968028
2012-11-09,0.554107487,0.749101639,0.618299723,0.424357265
2012-11-11,0.058130562,0.778462648,0.075524062,0.025894159
2012-11-12,0.217244714,0.175894275,0.721068144,1.736550093
2012-11-13,0.001745894,0.293858349,0.45862481,0.000872947
2012-11-14,1.819295645,0.158133715,1.387396932,0.014882643
2012-11-15,0.628655016,0.223380849,0.46775651,0.000668088
2012-11-16,0.325303376,0.44518739,0.478796363,0.241251066
2012-11-18,0.107042141,0.615915835,0.00017806,0.00017806
2012-11-19,0.550175786,0.385257125,0.616697073,0.073253527
2012-11-20,0.75658828,0.692396879,0.782185018,1.037405014
2012-11-21,0.11502628,0.888189912,0.939117014,0.001173213
2012-11-22,0.025696626,0.674669445,0.211373359,0.000236018
2012-11-23,0.065227196,0.226207241,0.122691087,0.00043114
2012-11-25,0.668150783,0.546676934,0.155712456,0.000392126
2012-11-26,0.058179054,0.982127011,0.397194505,0.000387887
2012-11-27,1.405316949,0.597257674,0.813643277,1.227785587
2012-11-28,0.528768182,2.671312571,1.353102326,0.47840336
2012-11-29,0.219345748,2.082977533,0.406620085,0.031178214
2012-11-30,0.386401713,1.672748089,0.963974893,0.001341813
2012-12-01,0.048031669,0.424427599,0.173742488,0.000421606
2012-12-02,0.034666628,0.236753196,0.801207423,0.082562394
2012-12-03,0.189814299,1.881841421,1.642194152,0.250612319
2012-12-04,1.228755951,1.556096554,1.299046278,0.043596663
2012-12-05,0.054884311,2.115186214,0.810071766,0.08353401
2012-12-06,0.460055232,1.991317868,0.451151341,0.389420152
2012-12-07,0.585266471,1.97194612,0.678039491,0.001383672
2012-12-08,0.382971406,4.933385849,0.791254938,0.002664441
2012-12-09,0.154716551,0.903749466,0.120740175,0.149976715
2012-12-10,0.45978716,1.106966972,0.291340083,0.029057022
2012-12-11,0.413791746,0.503082573,0.873270988,0.139983922
2012-12-12,0.04032144,0.062797412,0.21567595,0.053671762
2012-12-13,0.114064083,0.067123696,0.224344581,0.108960629
2012-12-14,0.477756262,0.606339335,1.087736964,0.380618304
2012-12-17,0.777512491,0.102513112,0.553356111,0.264866233
2012-12-18,0.130392641,0.284328043,0.587920189,0.001012243
2012-12-19,0.58575362,0.283056498,0.97750181,0.095008858
2012-12-20,0.517014265,0.160023674,0.148692444,0.208271638
2012-12-21,0.632224143,0.358048141,0.166904777,0.162053972
2012-12-23,0.008507855,0.000153017,0.000153017,0.05186709
2012-12-24,0.286521167,0.374290854,0.185723245,0.152819991
2012-12-26,0.043849561,0.000154759,0.031016292,0.000154759
2012-12-27,1.391474962,0.109175183,0.738866329,0.11099223
2012-12-30,1.147144556,0.000322563,0.163363218,0.368923873
2013-01-01,0.088448092,0.000253412,0.000253412,0.451385915
2013-01-02,0.000318902,0.163063958,0.376132429,0.000159451
2013-01-03,0.354129672,0.163489193,0.376549989,0.000580744
2013-01-04,0.81111598,0.012303283,0.053073276,0.135262221
2013-01-06,0.000259066,0.000142621,0.162307024,0.000129533
2013-01-07,0.000249421,0.000124711,0.000124711,0.652495742
2013-01-08,0.119626433,0.105262488,0.090727694,0.009839647
2013-01-09,0.507748127,0.000843027,0.393954694,0.076440319
2013-01-10,0.276403576,0.000817613,0.691638649,0.000817613
2013-01-11,0.636282802,0.005082736,0.24121055,0.007284532
2013-01-12,0.223865613,0.000139499,0.027160091,0.074340023
2013-01-13,0.000328356,0.128049433,0.256377041,0.000164178
2013-01-14,0.328222454,0.280707836,0.276064813,0.11211428
2013-01-15,0.083058253,0.624485791,1.330026031,0.383494318
2013-01-16,0.098263256,0.037845608,0.138732836,0.021222014
2013-01-17,0.283906162,0.000434189,0.248132914,0.100532703
2013-01-18,1.966850042,0.191996515,0.706066787,0.326174766
2013-01-21,1.131260157,0.168860927,0.633860886,0.269223869
2013-01-22,1.840495229,0.507341504,0.563131988,0.261935174
2013-01-23,2.346239805,0.064975798,0.881577313,0.232411042
2013-01-24,1.954811573,0.097233005,0.463909835,0.153304577
2013-01-25,1.072216272,0.000946388,0.703980386,0.044621665
2013-01-27,0.197506055,0.000314278,0.322212934,0.100323744
2013-01-28,0.508044839,0.281538606,0.544993699,0.051778425
2013-01-29,1.305909157,0.192427099,1.223789692,0.198180929
2013-01-30,0.292872727,0.068188563,0.182811797,0.105283186
2013-01-31,0.760709226,0.136703089,0.049224056,0.116560355
2013-02-01,2.123287678,0.002225324,0.633689404,0.070190527
2013-02-02,0.631592274,7.32098E-05,7.32098E-05,7.32098E-05
2013-02-04,1.155287266,0.120703645,0.119752631,0.147163644
2013-02-05,0.900387824,0.000577195,0.535098851,0.222006306
2013-02-06,1.090524197,0.040635895,0.793836296,0.066464387
2013-02-07,2.001894951,0.021118177,0.531911254,0.011423857
2013-02-08,0.541183293,0.000409385,0.023132021,0.16425544
2013-02-09,0.059901312,0.000223598,0.000223598,0.042195894
2013-02-10,0.433255792,0.035713963,0.006684993,0.030396998
2013-02-11,0.50884819,0.058546849,0.582466245,0.068142451
2013-02-12,1.329445243,0.393088251,0.586735606,0.030755065
2013-02-13,4.592623234,0.015067956,1.274215221,0.186405778
2013-02-14,1.327360034,0.001821583,0.745939016,0.127269223
2013-02-15,0.831342697,0.00077672,0.171363518,0.068995498
2013-02-17,0.288501203,0.506498337,0.052991029,0.067443401
2013-02-18,0.310977548,0.000808299,0.547417641,0.000808299
2013-02-19,1.092645288,0.013934484,0.583624899,0.001375124
2013-02-20,0.878441513,0.01955911,0.666004241,0.000605943
2013-02-21,0.204555213,0.140944541,0.281016976,0.000622785
2013-02-22,1.723230124,0.216328323,0.47790426,0.140419409
2013-02-24,0.030244596,0.000146644,0.000146644,0.068609059
2013-02-25,0.464858234,0.019257212,0.377352566,0.143414497
2013-02-26,1.804603219,0.10765399,0.420186907,0.340843469
2013-02-27,0.379388124,0.034519266,0.3417283,0.260821283
2013-02-28,0.467824936,0.128763273,0.794684052,0.224231526
2013-03-01,1.05580914,0.000821614,0.133285284,0.019680385
2013-03-04,1.899080873,0.123252258,1.622758389,0.240989119
2013-03-05,0.511119008,0.058840699,0.552396357,0.070331007
2013-03-06,0.80907625,0.149779931,0.382920086,0.170669243
2013-03-07,0.740906358,0.418512553,0.602754891,0.108564846
2013-03-08,0.098082468,0.001070891,0.001070891,0.090454668
2013-03-10,0.097889923,0.0004464,0.140392631,0.029797323
2013-03-11,0.589872301,0.096589088,0.131693974,0.119941771
2013-03-12,0.132150844,0.030213192,0.034448575,0.111846536
2013-03-13,0.190371647,0.000486502,0.24973318,0.115200028
2013-03-14,0.22441417,0.23795706,0.474005103,0.192532539
2013-03-15,1.768495679,0.093338229,0.698080003,0.189707696
2013-03-17,0.000356154,0.000178077,0.078258008,0.05183439
2013-03-18,0.156802148,0.026019486,0.023512809,0.264662087
2013-03-19,0.086586781,0.106778823,0.543624222,0.000331817
2013-03-20,0.199408144,0.055902392,0.400793463,0.066051334
2013-03-21,0.00165144,0.469392776,0.414346933,0.042118467
2013-03-22,0.235167146,0.000962846,0.000962846,0.314490527
2013-03-24,0.653451145,0.02189534,0.173562095,0.012768339
2013-03-25,1.45938468,0.000903931,0.305470377,0.166591793
2013-03-26,0.400449485,0.000845414,0.17799142,0.122410208
2013-03-27,0.072842672,0.251582682,1.118614793,0.001417383
2013-03-28,0.517792344,0.212113217,0.545319557,0.00055788
2013-03-29,0.275585949,0.000127939,0.072184756,0.009699593
2013-03-31,0.000292348,0.000146174,0.015708262,0.000146174
2013-04-02,0.046609849,0.070517004,0.173167691,0.355937213
2013-04-03,0.758621693,0.000622981,0.352557123,0.026815819
2013-04-04,0.832815528,0.032751113,0.242604896,0.272441745
2013-04-07,0.034592867,0.01005631,0.051148634,0.024711788
2013-04-08,0.492833257,0.000262698,0.201951608,0.02202962
2013-04-09,0.784828126,0.127853885,0.371701479,0.141997263
2013-04-10,0.746465564,0.018620543,0.501464605,0.177578717
2013-04-11,1.176707149,0.044544846,0.379467815,0.000927819
2013-04-12,0.042183548,0.179738075,1.076660156,0.000670237
2013-04-14,0.184496686,0.027450927,9.65262E-05,9.65262E-05
2013-04-15,0.329579979,0.499945164,1.474148273,0.002277951
2013-04-16,0.971850753,0.102571435,0.492836028,0.21890004
2013-04-17,0.454638034,0.662109852,1.273179173,0.127107412
2013-04-18,0.682684541,0.000679049,0.43496868,0.016771758
2013-04-19,0.001672594,0.000836297,0.000836297,0.076819122
2013-04-21,0.000572997,0.13151446,0.000286498,0.000286498
2013-04-22,0.000516448,0.000258224,0.000258224,0.000258224
2013-04-23,0.67241025,0.158642471,1.030064702,0.111858748
2013-04-24,0.190178543,0.001352094,0.124371216,0.043231655
2013-04-25,0.690978825,0.00042768,0.064437211,0.00042768
2013-04-26,0.066847347,0.628681064,0.536041856,0.009020553
2013-04-28,0.00030907,0.000154535,0.160907432,0.000154535
2013-04-29,0.274276853,0.048864808,0.303613901,0.300556719
2013-04-30,0.505043983,0.278980374,0.40725857,0.514578402
2013-05-01,0.000566284,0.246247426,0.455419421,0.000283142
2013-05-02,0.021911457,0.528574288,0.508651733,0.007394094
2013-05-03,0.334690511,0.747408509,0.35953325,0.000820602
2013-05-06,0.058917712,0.194770649,0.268862277,0.000493232
2013-05-07,0.034695961,0.49378112,0.220483646,0.00035581
2013-05-08,0.000571255,0.000285628,0.102219559,0.000285628
2013-05-09,0.110556036,0.00030474,0.03303279,0.044611473
2013-05-10,0.408547461,0.126537934,0.285645127,0.022013931
2013-05-12,0.006263231,0.026685607,0.149734452,0.000179502
2013-05-13,0.204572633,0.342696786,0.552031994,0.60934025
2013-05-14,0.217581049,0.138269961,0.454152614,0.000778424
2013-05-15,0.524134755,0.095257215,0.253439009,0.10052257
2013-05-16,1.372997284,0.13974461,1.246363997,0.085432872
2013-05-17,0.49694103,0.131225049,0.773334801,0.152871907
2013-05-19,0.100634873,0.175671905,0.223348424,0.000310283
2013-05-20,0.531628728,0.176204294,0.201360404,0.119975954
2013-05-21,0.000965856,0.267335057,0.502453268,0.010568187
2013-05-22,0.561338663,0.001003398,0.255923212,0.173897982
2013-05-23,0.273451895,0.178600252,0.891603231,0.077482626
2013-05-26,0.152736157,7.18153E-05,0.05214962,0.023978159
2013-05-27,0.038077507,0.166155338,0.607383072,0.000627552
2013-05-28,0.000770383,0.504516959,0.412552953,0.006315794
2013-05-29,0.284936547,0.03718042,0.223878235,0.00110762
2013-05-30,0.015667932,0.153300256,0.885957241,0.123799607
2013-05-31,0.181099027,0.046720825,0.407224596,0.000437315
2013-06-01,0.000201738,0.061330378,0.000100869,0.009474104
2013-06-03,0.096676789,0.54997611,0.620485306,0.000428778
2013-06-04,0.291071236,0.019546216,1.632391214,0.694301426
2013-06-05,0.037181597,0.071517453,0.001199458,0.742195368
2013-06-06,0.363636881,0.000388976,0.047795258,0.389700979
2013-06-07,0.341327131,0.071971469,0.306021065,0.07288751
2013-06-08,0.143252149,0.17753239,0.219805166,0.130019799
2013-06-09,0.060693216,0.000310001,0.049239237,0.345658243
2013-06-10,0.150030226,0.611665428,1.01795423,0.001175582
2013-06-11,0.066278465,1.146878123,0.734531164,0.051723976
2013-06-12,0.497743279,0.077150285,0.341972977,0.000574434
2013-06-13,0.050333451,0.392210573,0.035786532,0.084612578
2013-06-14,0.182560325,0.528759241,0.000383177,0.015626861
2013-06-15,0.000276186,0.398957282,0.054802973,0.000138093
2013-06-16,1.077812314,0.019127296,0.110502295,0.027596768
2013-06-17,0.772781253,0.013327651,0.552176178,0.053215481
2013-06-18,0.685575247,0.178653494,0.459653854,0.159112722
2013-06-19,0.729695737,0.49206084,0.977336407,0.144039959
2013-06-20,1.471783638,0.166706264,0.490374506,0.291721702
2013-06-21,0.528351247,0.129032403,0.865817785,0.08131779
2013-06-22,0.378031999,0.001455326,0.84578073,0.02688073
2013-06-23,0.415991724,0.541060448,0.186937541,0.000485029
2013-06-24,0.647034526,0.000462895,0.424814224,0.017126525
2013-06-25,2.918714762,0.384611964,2.926913977,0.616624892
2013-06-26,1.905179739,0.427662671,0.905363679,0.186947033
2013-06-27,1.46097064,0.249968007,0.458856553,0.447486162
2013-06-30,0.245694876,0.062393937,0.308542848,0.000312688
2013-07-01,0.577961087,0.009610073,0.645973027,0.051090132
2013-07-02,0.503186107,0.149241716,0.142606914,0.040529042
2013-07-03,0.360448897,0.000395082,0.194484621,0.052906614
2013-07-04,0.000506856,0.000253428,0.000253428,0.067039244
2013-07-05,0.020261481,0.026784886,0.000105102,0.000105102
2013-07-08,0.134624287,0.000643469,0.193885803,0.033771064
2013-07-09,0.466926277,0.237093538,0.20317933,0.003108842
2013-07-10,0.995966733,0.238581002,0.969584584,0.172223225
2013-07-11,0.030172413,0.123153254,0.230326191,0.08270663
2013-07-12,0.394389898,0.000769963,0.261676729,0.218880922
2013-07-13,0.000305624,0.037085827,0.005174975,0.000152812
2013-07-15,0.312836856,0.039832562,0.000785952,0.045573704
2013-07-16,0.001691054,0.000845527,0.045057718,0.000845527
2013-07-17,0.517245948,0.060468156,0.313047945,0.000893358
2013-07-18,2.309155703,0.02361434,0.344118714,0.016346183
2013-07-19,0.237075433,0.070800774,0.281205237,0.00075467
2013-07-21,0.000556032,0.000278016,0.071961187,0.000278016
2013-07-22,0.178248122,0.000536256,0.078070708,0.060502123
2013-07-23,0.023413289,0.438064963,0.159340501,0.002937363
2013-07-24,0.001809276,0.000904638,0.36062777,0.000904638
2013-07-25,0.333084762,0.000508924,0.151841432,0.000508924
2013-07-26,0.001513493,0.036947791,0.025595488,0.026198845
2013-07-27,0.000230184,0.000115092,0.000115092,0.000115092
2013-07-28,0.132373437,0.00032027,0.00032027,0.02516597
2013-07-29,0.024992784,0.000446043,0.260867178,0.000446043
2013-07-30,0.484718561,0.04850433,0.168925762,0.024970086
2013-07-31,0.233866155,0.000440511,0.000440511,0.000440511
2013-08-01,0.589728057,0.000124341,0.064197153,0.000124341
2013-08-02,0.190521017,0.000309498,0.325186253,0.000309498
2013-08-05,0.02459106,0.000518563,0.267322242,0.000518563
2013-08-06,0.113683052,0.430351347,0.573120058,0.000768146
2013-08-07,0.181617275,0.047707871,0.000186237,0.000186237
2013-08-08,0.276228875,0.000647048,0.21422407,0.116683722
2013-08-09,0.184061617,0.125695094,0.539018035,0.030041259
2013-08-12,0.126612708,0.213189974,0.418334335,0.000769906
2013-08-13,1.030119419,0.000851453,0.402698696,0.209216535
2013-08-14,0.254087448,0.000364952,0.013149159,0.390495926
2013-08-15,0.071798921,0.066005126,0.218865901,0.017436808
2013-08-16,0.170078278,0.530269384,1.046482563,0.000750156
2013-08-17,0.013398172,0.000124726,0.000124726,0.394363761
2013-08-18,0.000318151,0.000159076,0.234755278,0.040857542
2013-08-19,0.000221777,0.000110888,0.162957072,0.000110888
2013-08-20,0.418020606,0.000229732,0.105323032,0.005961898
2013-08-21,0.125275984,0.000797537,0.332142085,0.036021251
2013-08-22,0.000173729,8.68645E-05,0.280098975,0.013366594
2013-08-23,0.131847024,0.001088251,0.11834427,0.492635816
2013-08-27,0.032861147,0.00020474,0.059554946,0.126212448
2013-08-28,0.117506988,0.001089631,0.203477055,0.79107517
2013-08-29,0.286483616,0.001141899,0.6623469,0.100866787
2013-08-30,0.257366329,0.058501966,0.531273961,0.042988691
2013-09-01,0.000329457,0.000164729,0.000164729,0.000164729
2013-09-03,0.019891758,0.170744777,0.716670513,0.000693998
2013-09-04,0.000593286,0.000296643,0.000296643,0.011967318
2013-09-05,1.357979655,0.340783209,0.001144677,0.010347199
2013-09-06,0.42998147,0.772234917,0.331203908,0.000669931
2013-09-09,0.304463625,0.281184375,1.393530607,0.066609621
2013-09-10,1.042075038,0.271728605,1.111813784,0.095818281
2013-09-11,0.444833487,0.043223053,0.293086946,0.100771368
2013-09-12,0.81787318,0.25447759,0.533271909,0.204585344
2013-09-13,0.001006985,0.091827333,0.025874417,0.438979268
2013-09-15,0.000785034,0.000392517,0.000392517,0.000392517
2013-09-16,0.415540516,0.000655748,0.188059703,0.000655748
2013-09-17,0.388834924,0.000329622,0.259133488,0.007277282
2013-09-18,1.320197821,0.037408296,0.677458167,0.001037012
2013-09-19,0.69351846,0.000470926,0.487562597,0.007401272
2013-09-20,1.684285164,0.408098608,1.454312325,0.036229424
2013-09-22,0.112076685,0.286872983,0.12003167,0.000542583
2013-09-23,0.000850976,0.000425488,0.000425488,0.374947041
2013-09-24,0.659961283,0.267657846,0.025189236,0.015574195
2013-09-25,0.000343578,0.346818805,0.106345154,0.000171789
2013-09-26,0.409808904,0.413281888,0.779546797,0.044329695
2013-09-27,0.223983437,0.655573189,0.773199975,0.003377025
2013-09-30,0.374256343,8.95831E-05,0.031726349,0.010310953
2013-10-01,0.784145951,0.31697455,0.841036797,0.147232145
2013-10-02,0.030297982,0.123436213,0.044705719,0.093543112
2013-10-03,0.001233077,0.25022006,0.529410958,0.000616539
2013-10-04,0.649606347,0.515763223,0.105782144,0.000907144
2013-10-07,1.420385838,0.242958859,1.323880076,0.002457448
2013-10-08,0.000452306,0.000226153,0.201849654,0.000226153
2013-10-09,0.469017029,0.042875778,0.949390531,0.022328433
2013-10-10,0.112166114,0.031462803,0.553666592,0.001220517
2013-10-11,0.491452336,0.000228385,0.161663249,0.000228385
2013-10-12,0.014376332,0.000265102,0.000265102,0.000265102
2013-10-13,0.110279404,0.000109696,0.081149407,0.000109696
2013-10-14,0.579949021,0.490596592,0.175410897,0.000640194
2013-10-15,1.589231849,0.001670947,0.667882979,0.025053913
2013-10-16,0.163562,0.175773352,0.00070848,0.047456015
2013-10-17,0.226173654,0.00332531,0.018787062,0.000195891
2013-10-18,0.000375951,0.000187975,0.041217718,0.000187975
2013-10-20,0.97511363,0.043058384,0.446577936,0.000628401
2013-10-21,0.730782866,0.35267666,0.55537951,0.248624846
2013-10-22,0.307560444,0.891758144,0.293482691,0.000970924
2013-10-23,1.030400395,0.059471488,0.410367489,1.133691311
2013-10-24,0.334202081,0.267116845,1.919971228,0.037780832
2013-10-25,0.054463699,0.099532291,0.094690979,0.416376472
2013-10-28,0.539512873,0.617183328,1.072569609,0.158541515
2013-10-29,0.787718952,0.08325325,0.816621959,0.277470887
2013-10-30,0.294049948,0.257884473,1.242795467,0.018641323
2013-10-31,0.748792171,0.895062268,0.877485931,0.068569563
2013-11-01,0.364535272,0.089574888,0.156381145,0.156031534
2013-11-03,0.000388881,0.075568743,0.152902409,0.028096149
2013-11-05,0.794157028,0.747179985,1.036066413,0.00118257
2013-11-06,0.094059363,0.198655248,1.26660049,0.054325417
2013-11-07,0.290013194,0.116845168,1.457247734,0.008615659
2013-11-08,0.513889492,0.296912551,0.485456824,0.03665901
2013-11-09,0.743848443,0.128871456,0.000250651,0.000250651
2013-11-10,0.000440331,0.265624762,0.155045986,0.181785479
2013-11-11,0.404299736,0.932038069,0.847237468,0.75367254
2013-11-12,0.001749798,0.369811743,0.601666331,0.959542155
2013-11-13,0.780553102,0.900856018,1.226035357,1.49595356
2013-11-14,0.002161048,0.629504859,0.729874849,0.198571905
2013-11-15,0.033003446,0.936304569,0.406179786,0.039689757
2013-11-17,0.000302145,0.396129251,0.099509194,0.000151072
2013-11-18,0.066705227,0.648365378,0.950277865,0.075880326
2013-11-19,0.072905302,0.63154757,0.517683029,0.801613033
2013-11-20,0.025178462,1.038078785,0.480840743,0.039393216
2013-11-21,0.77857393,2.144165993,1.676088929,0.002988354
2013-11-22,0.055312827,1.478860378,0.417955995,0.080753401
2013-11-23,0.001286281,2.431885958,0.583434105,0.077730536
2013-11-24,0.624443889,8.59294E-05,0.130703732,8.59294E-05
2013-11-25,0.641085982,0.238380671,0.198040858,0.09604311
2013-11-26,0.769586086,0.154963881,0.128226146,0.050767891
2013-11-27,0.000385175,0.000192587,0.000192587,0.116230637
2013-11-28,0.000571587,0.000285793,0.140999779,0.000285793
2013-11-29,0.659436226,0.360318184,0.057051811,0.040860727
2013-12-01,0.112424195,8.56141E-05,8.56141E-05,8.56141E-05
2013-12-02,0.358314097,0.000641554,0.46778971,0.007541583
2013-12-03,0.046997353,0.112602778,0.318268031,0.015955977
2013-12-04,0.700250506,0.32961005,0.107334599,0.018064745
2013-12-05,0.46731776,0.061943546,0.91369611,0.015622126
2013-12-06,0.109301992,0.295570016,0.352025926,0.035233866
2013-12-08,0.081450105,0.00028735,0.215363517,0.096446082
2013-12-09,0.248144731,0.222555071,0.770132601,0.382495195
2013-12-10,1.104751348,0.021575615,0.17226544,0.015486411
2013-12-11,0.712785363,0.000450963,0.000450963,0.153744683
2013-12-12,0.196607083,0.082758449,0.284179628,0.000851147
2013-12-13,0.162860036,8.68263E-05,8.68263E-05,0.030789685
2013-12-14,0.023868984,0.088600628,9.81188E-05,0.044622488
2013-12-15,0.047929723,0.098006129,0.000376455,0.284119129
2013-12-16,0.525186718,0.198430955,0.690940261,0.270009398
2013-12-17,0.224137723,0.24842912,0.612878561,0.001124382
2013-12-18,0.001768717,0.000884359,0.000884359,0.000884359
2013-12-19,0.484025866,0.161101565,0.406888932,0.055764716
2013-12-20,0.123058006,0.024465978,0.295632988,0.267267466
2013-12-23,0.001489021,0.00074451,0.075268187,0.00074451
2013-12-26,0.000708591,0.000354295,0.000354295,0.247569025
2013-12-30,0.000988337,0.000494168,0.000494168,0.000494168
2014-01-02,0.000793912,0.000396956,0.205694497,0.072498649
2014-01-03,0.026723932,0.030291211,0.045633469,0.189023644
2014-01-06,0.025143482,0.000411839,0.232639179,0.000411839
2014-01-07,0.682397485,0.000708582,0.105031587,0.000708582
2014-01-08,0.493965387,0.000709201,0.773214161,0.000709201
2014-01-09,0.785649598,0.000327257,0.074481867,0.000327257
2014-01-10,0.001082512,0.053408757,0.370535731,0.000541256
2014-01-13,0.009633156,0.000191499,0.000191499,0.148905665
2014-01-14,0.318613768,0.267953634,0.818064809,0.001681643
2014-01-15,0.51275599,0.47960645,0.631098449,0.057964955
2014-01-16,0.667871058,0.001038163,0.949444294,0.251893848
2014-01-17,0.083923727,0.001560313,0.139872953,0.005849639
2014-01-20,0.222036555,0.079712361,0.647827923,0.245985627
2014-01-21,0.615101039,0.017503686,0.603956938,0.041798119
2014-01-22,0.025401665,0.001369944,0.652586818,0.001369944
2014-01-23,0.10192959,0.000156588,0.027868591,0.042721055
2014-01-24,0.077089712,0.338781476,0.02860963,0.004133755
2014-01-25,0.032300055,0.025391886,0.000128484,0.008498518
2014-01-27,1.283008814,0.001490269,0.607353389,0.202305108
2014-01-28,0.114435911,0.018609094,0.073064014,0.002614258
2014-01-29,0.42805624,0.010143675,0.21232684,0.019938417
2014-01-30,0.734388173,0.000607787,0.045300499,0.066239864
2014-01-31,2.334590673,0.643991411,0.87584585,0.488558412
2014-02-01,1.259224415,0.000257237,0.045282822,0.041596159
2014-02-02,0.504190683,0.000259996,0.000259996,0.011432027
2014-02-03,0.228634179,0.050488148,0.058334123,0.192685023
2014-02-04,0.461970836,0.082988404,1.127981305,0.063665673
2014-02-05,0.609879136,0.287438899,0.582731664,0.220364779
2014-02-06,0.392257929,0.000508434,0.354614347,0.101587355
2014-02-09,0.088179037,0.059642237,0.000127087,0.000127087
2014-02-10,0.513297737,0.654698253,0.388610631,0.857209027
2014-02-11,1.178369641,0.000899848,0.650511622,0.271760106
2014-02-12,0.1401757,0.133987859,0.220533386,0.306478202
2014-02-13,0.4568865,0.140106425,0.115832858,0.000713374
2014-02-14,0.337819427,0.096387267,0.023673972,0.508644938
2014-02-15,0.537766159,0.351485938,0.190366074,0.424453616
2014-02-16,0.001053683,0.488331556,0.318383336,0.02404584
2014-02-17,0.384364307,0.146662772,0.965276539,0.092013642
2014-02-18,0.839167476,0.533750415,0.852622867,0.480666995
2014-02-19,0.074047141,0.000949585,0.178564489,0.401225984
2014-02-20,0.804776669,0.001626838,0.424926221,0.228086442
2014-02-21,0.230286703,0.000199146,0.138077632,0.000199146
2014-02-23,0.322547823,0.07135094,0.185965836,0.094135433
2014-02-24,1.768914938,0.001251842,0.216949642,0.363354981
2014-02-25,0.662037373,0.001789949,0.081821412,0.454592437
2014-02-26,0.404752195,0.114381619,0.067634538,0.850656092
2014-02-27,1.012663722,0.69900614,0.976757526,0.104980655
2014-02-28,0.033777647,0.159413069,0.001158983,0.047632504
2014-03-02,0.409323424,0.000451407,0.013439926,0.199358717
2014-03-03,0.692994356,0.000616172,0.208746582,0.08971367
2014-03-04,0.00082155,0.037473913,0.000410775,0.000410775
2014-03-05,0.364730209,0.494207591,0.142240614,0.127344921
2014-03-06,0.993212938,0.620199502,0.597517669,0.04997794
2014-03-07,0.314852715,0.001106342,0.589289427,0.098596022
2014-03-10,1.000643969,0.768316984,0.173355639,0.149764553
2014-03-11,0.097009927,0.000713828,0.000713828,0.505611598
2014-03-12,1.067068815,0.706295252,0.632286787,0.007952829
2014-03-13,0.981053293,0.936955869,0.658804953,0.184823036
2014-03-14,0.000839795,0.627599776,0.113504991,0.000419898
2014-03-17,0.114530206,0.127346992,0.111311018,0.00096301
2014-03-18,0.509011388,0.016138438,0.746617079,0.029378977
2014-03-19,0.166067839,0.183717966,0.522339165,0.149833232
2014-03-20,0.818652332,0.001756235,0.807961404,0.20765236
2014-03-21,0.467715025,0.37496686,0.228875533,0.340750635
2014-03-23,0.000325644,0.000162822,0.089137495,0.03673467
2014-03-24,0.133227363,0.163195223,0.771562696,0.067648202
2014-03-25,0.384145916,0.001511378,0.055664275,0.080023997
2014-03-26,0.287087291,0.06359458,0.326325148,0.000392668
2014-03-27,0.341606081,0.054808617,0.852167785,0.086477585
2014-03-28,0.803519249,0.184172556,0.637645185,0.015803598
2014-03-30,0.000275337,0.000137668,0.034021989,0.000137668
2014-03-31,0.27784884,0.134377643,0.597953618,0.129709199
2014-04-01,1.021640778,0.429355264,0.504130542,0.097493015
2014-04-02,0.236093193,0.072964072,0.048257224,0.094218068
2014-04-03,0.157549247,0.122676536,0.450120389,0.112229668
2014-04-04,0.21487838,0.000124065,0.000124065,0.000124065
2014-04-06,0.009994958,0.109662421,0.372607827,0.00010789
2014-04-07,0.434260935,0.000679119,0.309187889,0.000679119
2014-04-08,0.001096623,0.239037648,0.580165446,0.026902489
2014-04-09,0.085169874,0.000639881,0.137467459,0.139779344
2014-04-10,0.936170459,0.22799018,0.151487112,0.152129516
2014-04-11,0.011554856,0.191464663,0.451716304,0.000352191
2014-04-12,0.480632544,0.000221163,0.000221163,0.039654948
2014-04-13,0.090002209,0.272101462,1.106304407,0.162476242
2014-04-14,0.404793501,0.024634426,0.327988237,0.965782464
2014-04-15,0.298267305,0.294570506,1.272560835,0.019543603
2014-04-16,0.158256456,0.090852544,0.536208808,0.000670203
2014-04-17,0.094053231,0.000282306,0.132897601,0.011672786
2014-04-18,0.407958746,0.000616278,0.013608641,0.188230559
2014-04-20,0.556211293,0.000227547,0.000227547,0.037463393
2014-04-21,0.49600783,0.020490378,0.304237306,0.098350592
2014-04-22,1.087978482,0.026247235,0.614549875,0.424321532
2014-04-23,0.147828713,0.555751503,0.253329188,0.000483085
2014-04-24,0.049565189,0.000523411,0.406270862,0.013349045
2014-04-25,0.931291461,0.555381775,0.682538331,0.160051584
2014-04-26,0.108002797,0.000255094,0.000255094,0.488945991
2014-04-27,0.000284094,0.029955707,0.000142047,0.01720586
2014-04-28,0.000904671,0.000452335,0.143747166,0.358439833
2014-04-29,0.870525956,0.000541308,0.126293451,0.042361312
2014-04-30,0.147995919,0.000526181,0.364846468,0.110629916
2014-05-01,0.598523855,0.00051906,0.009200528,0.102853462
2014-05-02,0.092424452,6.89436E-05,0.105103686,6.89436E-05
2014-05-04,0.000904543,0.605664134,0.152548909,0.000452271
2014-05-05,0.141270444,0.00052673,0.078993581,0.00052673
2014-05-06,1.549945593,0.000730821,0.111821711,0.262946516
2014-05-07,0.329932421,0.130181596,0.54793185,0.02078047
2014-05-08,2.438913822,0.000977197,0.075019144,0.211773723
2014-05-09,0.212949887,0.00037884,0.017310459,0.00037884
2014-05-12,0.41264236,0.053913381,0.027806202,0.040616985
2014-05-13,0.341221124,0.021545643,0.010059802,0.156656444
2014-05-14,0.119712345,0.038866334,0.393900514,0.10915111
2014-05-15,0.529217005,0.000914206,0.000914206,0.124578238
2014-05-16,0.374006331,0.000497319,0.104724661,0.181925312
2014-05-19,0.766423166,0.095745176,0.330883771,0.696153104
2014-05-20,0.359355003,0.036041722,0.435080707,1.512857199
2014-05-21,0.000828141,0.428962618,0.000414071,0.028505735
2014-05-22,0.541744947,0.023015305,0.062376779,0.690407932
2014-05-23,1.383715987,0.000592917,0.209390327,0.000592917
2014-05-24,0.02942572,0.000184512,0.000184512,0.018353075
2014-05-26,0.000617182,0.128509417,0.333528876,0.151610628
2014-05-27,0.133465976,0.090661086,0.161938488,0.024074931
2014-05-28,1.162701249,0.465970099,0.694595277,0.017952273
2014-05-29,0.015742633,0.007903924,0.000209541,0.006489616
2014-05-30,1.231822252,0.000928559,0.273314089,0.150007248
2014-05-31,0.213316873,0.000181972,0.198261693,0.050726295
2014-06-01,1.763666272,0.653168261,1.015114307,0.028544802
2014-06-02,2.637059212,0.002256233,2.022032499,0.139881864
2014-06-03,0.521493435,0.525613487,2.071237803,0.002612443
2014-06-04,0.275363028,0.581576705,0.96726799,0.221543998
2014-06-05,0.493518829,0.884896636,1.230363369,0.074768245
2014-06-06,0.580771387,0.883960068,0.413982302,0.728581548
2014-06-09,0.109815642,0.07633803,0.754953325,0.011188355
2014-06-10,0.206367016,0.0006331,0.061265856,0.388548195
2014-06-11,0.208262712,0.225506544,0.435960919,0.000303912
2014-06-12,0.596821904,0.26690051,0.977598488,0.016239977
2014-06-13,0.101207659,0.012553696,0.235254198,0.309703857
2014-06-14,0.325366527,0.596256018,0.078038715,0.039236926
2014-06-15,0.000211254,0.375378758,0.077399984,0.022681538
2014-06-16,0.123762466,0.190738693,0.11059092,0.001295761
2014-06-17,0.027477201,0.000748238,0.221251294,0.021383109
2014-06-18,0.46542266,0.056754414,0.148506939,0.203780144
2014-06-19,0.136959553,0.000290258,0.000290258,0.000290258
2014-06-20,0.000317705,0.000158852,0.302399635,0.231457978
2014-06-23,0.058643758,0.029792214,0.526772141,0.000496572
2014-06-24,0.948047519,0.001541892,0.398913562,0.382988125
2014-06-25,0.564312875,0.022997573,0.172722787,0.000364812
2014-06-26,0.271309942,0.000631988,0.146866426,0.000631988
2014-06-27,0.048614006,0.058258489,0.174548402,0.359586388
2014-06-29,0.060933176,0.03429101,0.196746022,0.000536837
2014-06-30,0.451005042,0.000291362,0.277345538,0.000291362
2014-07-01,0.07709232,0.000776775,0.104976408,0.343782008
2014-07-02,0.056094564,0.467160672,0.291686565,0.00098592
2014-07-03,0.576716304,0.307221055,0.182416007,0.714870691
2014-07-04,0.000158038,7.90188E-05,0.013634892,0.245741114
2014-07-05,0.337144822,0.000145623,0.000145623,0.000145623
2014-07-06,0.000374342,0.000187171,0.098651782,0.160140023
2014-07-07,0.000343672,0.000171836,0.018151667,0.049523078
2014-07-08,0.727502346,0.062805258,0.172131822,0.038329761
2014-07-09,0.201298684,0.468786806,0.560587645,0.116064042
2014-07-10,0.088837475,0.012352634,0.287707269,0.38179943
2014-07-11,0.01980366,0.12596938,0.302391112,0.012403229
2014-07-13,0.566332817,0.00017838,0.010928255,0.0931281
2014-07-14,0.193010151,0.097368442,0.577278376,0.049977832
2014-07-15,0.46813941,0.000894116,0.143832207,0.035985719
2014-07-16,0.27629298,0.002443973,0.264018685,0.241415709
2014-07-17,0.918307066,0.122641332,0.923820913,0.09634956
2014-07-19,0.000377738,0.029307226,0.000188869,0.000188869
2014-07-21,1.229381442,0.039337359,0.090716146,0.0467664
2014-07-22,0.340171337,0.000489121,0.545963943,0.160814494
2014-07-23,1.196401834,0.034396451,0.720168412,1.502421975
2014-07-24,0.505991638,0.000765023,0.544073582,0.019596467
2014-07-25,0.354110658,0.080238409,0.372232467,0.000637818
2014-07-28,0.181797937,0.00605756,0.281601012,0.036463097
2014-07-29,1.403467894,0.00085384,0.220248193,0.00085384
2014-07-30,0.16774556,0.161351413,0.000275575,0.000275575
2014-07-31,0.100010522,0.086571313,0.537836492,0.371932805
2014-08-01,0.082693793,7.56747E-05,0.356238425,7.56747E-05
2014-08-03,0.000483896,0.000241948,0.015240017,0.322449327
2014-08-04,0.043242663,0.000457896,0.056258783,0.000457896
2014-08-05,0.608959258,0.000653492,0.000653492,0.306181967
2014-08-06,0.725298643,0.534271538,0.337231249,0.000817218
2014-08-07,0.928233624,0.219359547,0.261161655,0.234974727
2014-08-08,0.048847411,0.000158906,0.05319304,0.000158906
2014-08-11,0.505124092,0.065195471,0.024003545,0.194842204
2014-08-12,0.363633841,0.051035903,0.159098834,0.001411288
2014-08-13,0.431172729,0.22965616,0.474841952,0.143932536
2014-08-14,0.290885597,0.001137769,0.035055477,1.377776623
2014-08-15,0.072109401,0.016675187,0.000972312,0.557323456
2014-08-16,0.000491629,0.000245814,0.000245814,0.919856846
2014-08-17,0.00021348,0.00010674,0.021565044,0.050991606
2014-08-18,0.019007886,0.055653978,0.132413834,0.00019439
2014-08-19,0.541102767,0.048312422,0.160838977,0.215539515
2014-08-20,0.559590101,0.000702109,0.000702109,0.000702109
2014-08-21,0.001133269,0.066506639,0.208156407,0.163203344
2014-08-22,0.000871941,0.00043597,0.00043597,0.304306686
2014-08-23,0.000274157,0.000137079,0.000137079,0.06066332
2014-08-25,0.000413404,0.367531389,0.000206702,0.053530093
2014-08-26,0.488610238,0.000879271,0.000879271,0.000879271
2014-08-27,1.365128994,0.001191477,0.103914514,0.387969792
2014-08-28,0.216877565,0.000618532,0.210797027,0.000618532
2014-08-29,0.264118522,0.036083728,0.1026842,0.311455965
2014-08-30,0.027837057,0.00016348,0.00016348,0.024779739
2014-09-01,0.583445191,0.295355499,0.18227607,0.193068638
2014-09-02,0.517328918,0.000649667,0.035900503,0.037086532
2014-09-03,0.911393523,0.000880134,0.156343922,0.181939274
2014-09-04,0.288548023,0.626769304,0.186214849,0.56115973
2014-09-05,1.07973516,0.000921975,0.102670915,0.204537064
2014-09-06,0.251365781,0.00022742,0.00022742,0.368052453
2014-09-07,0.008786892,0.319581777,0.325288832,0.000319866
2014-09-08,0.008716222,0.000160102,0.000160102,0.000160102
2014-09-09,0.129877016,0.073284067,0.549157381,0.094052166
2014-09-10,0.292808443,0.131368846,0.317154258,0.096489623
2014-09-11,0.018527769,0.869671166,0.590010047,0.032818072
2014-09-14,0.023840068,0.042163603,0.108464293,0.000319527
2014-09-15,0.280262768,0.098710135,0.270993292,0.330177575
2014-09-16,0.566828728,0.750611186,0.749829412,0.964826405
2014-09-17,0.769742191,0.172401547,0.179696858,0.000675883
2014-09-18,1.097680569,0.884332299,0.89787972,0.026548879
2014-09-19,0.072384655,0.447329253,0.526088297,0.041229825
2014-09-20,0.000268655,0.000134327,0.000134327,0.179030418
2014-09-21,0.104076058,0.372199029,0.525079548,0.045029864
2014-09-22,0.747325718,1.26971066,0.967604995,0.524592757
2014-09-23,0.237275347,1.731039524,0.798126698,0.446097702
2014-09-24,0.075209074,0.415618956,0.206356794,0.150998428
2014-09-25,0.907828629,0.22367546,0.205880225,0.58506912
2014-09-26,0.322925746,0.093294203,0.067253321,0.174578413
2014-09-27,0.077745512,0.00012565,0.00012565,0.011191496
2014-09-28,0.489784569,0.002019927,0.002019927,0.088763751
2014-09-29,0.434891999,0.157185704,0.135958672,0.595847726
2014-09-30,1.203236938,0.068485647,0.020392302,0.708005428
2014-10-01,1.402514338,0.128266856,0.816705585,0.525595784
2014-10-02,0.76991415,0.50254935,0.089869335,0.343301386
2014-10-03,0.786504388,0.011264225,0.009578767,0.135639489
2014-10-05,0.299862415,0.140113413,0.000466729,0.090027533
2014-10-06,0.980045199,0.159644783,0.277109355,0.062555835
2014-10-07,0.569239318,0.168852195,0.411591977,0.191739932
2014-10-08,1.003478527,0.001726229,0.001726229,1.177714348
2014-10-09,1.548949838,0.051544357,0.440858871,0.980080664
2014-10-10,0.317951024,0.675719023,0.001887974,0.254349858
2014-10-12,0.364773273,0.056776136,0.203317434,0.51485014
2014-10-13,0.655369878,0.039105032,0.581794202,1.963326573
2014-10-14,1.50993526,0.34127295,0.287643254,0.38066265
2014-10-15,1.01431632,0.902671933,0.972799659,0.77234292
2014-10-16,0.255052447,0.91808641,0.983764708,1.301874042
2014-10-17,0.697669029,0.40510878,1.115128398,0.196077943
2014-10-19,0.288722306,0.000571895,0.157154039,0.000571895
2014-10-20,0.253414989,0.000678905,0.025272064,0.217810243
2014-10-21,0.077094629,0.436682791,0.29811725,0.134654909
2014-10-22,1.404606462,0.240593433,0.944152117,0.119323514
2014-10-23,0.034080356,0.260125935,0.525188208,0.092393734
2014-10-24,0.277093142,0.323694527,1.386610866,0.020148709
2014-10-26,0.103043914,0.344460845,0.092420354,0.016976381
2014-10-27,0.095293894,0.000699532,0.000699532,0.017417973
2014-10-28,0.331555635,0.049541779,0.674242735,0.05528985
2014-10-29,1.300602317,0.308790833,0.286301643,0.045705117
2014-10-30,1.581049919,0.042247783,0.240333572,0.543384731
2014-10-31,0.000581888,0.325838238,0.424559206,0.007825283
2014-11-01,0.019294966,0.167088255,0.134612083,0.13317959
2014-11-02,0.443359703,0.122501589,0.272865236,0.000226224
2014-11-03,0.978677988,0.001649867,0.233862042,0.008264905
2014-11-04,0.827932,0.340316534,0.490396976,0.197325304
2014-11-05,3.966411591,0.08128316,0.085326523,0.237319753
2014-11-06,0.518650949,0.042813513,0.112721585,0.077891216
2014-11-07,0.430280626,0.231719241,0.117004901,0.000901239
2014-11-10,0.428277194,0.193700686,0.116602026,0.000501049
2014-11-11,0.090146981,0.012798545,0.000419436,0.000419436
2014-11-12,1.785574555,1.027533531,1.394165754,0.114736855
2014-11-13,0.820625842,0.292072773,0.389555812,0.587897778
2014-11-14,1.616449356,0.411650389,0.941890776,0.353535414
2014-11-15,0.147890687,0.494606018,0.083779275,0.003104853
2014-11-16,0.178408742,1.303481221,0.135803908,0.003057217
2014-11-17,1.381108284,0.092873752,0.178966239,0.232503206
2014-11-18,1.571135283,0.062262069,0.000774598,0.288633525
2014-11-19,2.762960911,0.585857987,1.049020886,0.281327665
2014-11-20,0.68941772,0.785024822,0.239561707,0.255159587
2014-11-21,0.222559363,0.042835463,0.03594869,0.222430959
2014-11-23,0.000452437,0.092522047,0.112005897,0.000226218
2014-11-24,0.114920273,0.000255554,0.005784497,0.297980547
2014-11-25,0.011284077,0.194303587,0.347881883,0.127546683
2014-11-26,0.038269378,0.012688776,0.335888147,0.015240173
2014-11-27,0.00410738,0.269800246,0.198154062,0.170354664
2014-11-28,0.056193527,0.523266852,0.015577083,0.279773295
2014-11-29,0.114398718,0.000105359,0.000105359,0.38624227
2014-12-01,0.215708226,0.939133048,0.17842786,0.018719954
2014-12-02,0.796147168,1.432927608,1.182516217,0.660265684
2014-12-03,0.225159645,1.282992601,1.333608627,0.51129353
2014-12-04,0.358951628,0.510550976,0.2478939,0.203769624
2014-12-05,0.209278598,0.877222538,0.726268768,0.553551793
2014-12-06,0.001726673,0.602594018,0.201210633,0.000863336
2014-12-07,0.000856364,0.239175051,0.038791902,0.377220422
2014-12-08,0.143790066,1.157059193,1.111561775,0.049189165
2014-12-09,0.318478584,2.987730265,1.249148846,0.280054063
2014-12-10,0.675609827,0.873945713,0.413792521,0.170926154
2014-12-11,0.262644738,2.342104912,0.741209507,0.63269949
2014-12-12,0.246927887,1.48671782,0.825739563,1.576377869
2014-12-13,0.001952323,1.663826466,0.096357897,0.59475565
2014-12-14,0.002745797,1.885956526,0.379714221,0.001372899
2014-12-15,0.286073118,1.683044434,0.198661461,0.408926278
2014-12-16,1.28774941,0.048643608,0.001394475,0.359398246
2014-12-17,0.268647432,0.001005734,0.001005734,0.001005734
2014-12-18,0.44791615,0.001625007,0.246704578,0.658469856
2014-12-19,0.109372489,0.001347269,0.001347269,0.284721792
2014-12-22,0.001683541,0.135727987,0.464164555,0.105586745
2014-12-23,0.090980761,0.000498673,0.066390179,0.479578584
2014-12-24,0.000984955,0.000492478,0.000492478,0.640239656
2014-12-26,0.000740939,0.00037047,0.564369261,0.00037047
2014-12-27,0.000232926,0.000116463,0.000116463,0.006951759
2014-12-29,0.145812452,0.116711885,0.257271916,0.000781165
2015-01-04,0.00020125,0.000100625,0.005062427,0.000100625
2015-01-05,0.064433858,0.000397207,0.000397207,0.195497632
2015-01-06,0.000632947,0.000316474,0.000316474,0.024321608
2015-01-07,1.166569829,0.123647608,0.099522673,1.07137382
2015-01-08,0.709509015,0.098954737,0.182452917,1.106654525
2015-01-09,1.126202583,0.000829098,0.027045118,0.650438964
2015-01-10,0.000488379,0.00024419,0.00024419,0.504930615
2015-01-11,0.322328299,0.013792993,0.127465799,0.032097246
2015-01-12,0.208070338,0.000387603,0.000387603,0.000387603
2015-01-13,0.635076404,0.001619835,0.066823483,0.35814333
2015-01-14,0.939874053,0.173111096,1.427066326,1.105292797
2015-01-15,1.063494325,0.554238379,0.613527119,0.382804245
2015-01-16,1.074411869,0.135660231,0.473518401,0.61940819
2015-01-17,0.000297601,0.0001488,0.0001488,0.470607996
2015-01-18,0.49772343,0.154354855,0.053698409,0.117302522
2015-01-19,0.366039693,0.199770957,0.280922025,0.889180601
2015-01-20,0.256991476,0.02291231,0.001216214,0.029889982
2015-01-21,0.669023097,0.33197242,0.178089082,0.136946261
2015-01-22,0.81687665,0.940387368,0.83952868,0.411337405
2015-01-23,0.109126955,0.029257081,0.00114302,0.100492544
2015-01-25,0.054920524,0.168889195,0.449824125,0.183431476
2015-01-26,0.370751858,0.092413753,0.362497866,0.433090985
2015-01-27,1.569597483,0.009247736,0.293369412,0.236981228
2015-01-28,0.347200185,0.157350391,0.389237225,1.138251781
2015-01-29,1.127776742,0.0025599,0.289657265,1.449182272
2015-01-30,0.39345479,0.28300941,0.218051031,0.772613168
2015-01-31,0.001358401,0.020614296,0.031228529,0.283715636
2015-02-01,0.000346668,0.000173334,0.000173334,0.000173334
2015-02-02,0.077726305,0.0011972,0.058785021,0.846305668
2015-02-03,0.688172936,0.099637844,0.305446059,0.523290098
2015-02-04,0.121642098,0.03968367,0.406283379,0.001619797
2015-02-05,1.304012179,1.31660974,0.940567672,0.705871046
2015-02-06,0.304532468,0.038964227,0.068477042,0.494508088
2015-02-08,0.338108033,0.549686193,0.1467278,0.00129001
2015-02-09,0.023071716,0.339150041,0.277302355,0.344020665
2015-02-10,0.875532508,0.002922946,0.446180671,1.455502987
2015-02-11,0.379699111,0.909115016,0.302888811,0.147818878
2015-02-12,0.654137611,0.726239741,0.922529638,2.057529211
2015-02-13,0.156889543,0.833814502,0.408389419,0.32376498
2015-02-14,0.205503404,0.277986556,0.280112088,0.000754376
2015-02-16,0.108713351,0.024244545,0.001074079,0.099346608
2015-02-17,0.112274274,0.00152567,0.576597571,0.179697052
2015-02-18,0.695016682,0.000805655,0.278972626,0.308877051
2015-02-19,0.372092783,0.021462308,0.013413783,0.31719625
2015-02-20,0.561764121,0.001624655,0.001624655,0.009140748
2015-02-21,0.000473749,0.013263884,0.000236874,0.000236874
2015-02-22,0.779150605,0.000527048,0.000527048,0.000527048
2015-02-23,0.358164728,0.448580474,0.328608304,0.250413656
2015-02-24,2.027450323,0.162358031,0.107121676,0.556288838
2015-02-25,0.690126538,0.079521507,0.001267489,0.617264986
2015-02-26,0.426032007,0.089766011,0.300691307,0.50451225
2015-02-27,0.982379913,1.149891734,0.825223982,0.726130009
2015-02-28,0.000255089,0.005249841,0.020194771,0.019996233
2015-03-01,0.001270667,0.000635333,0.000635333,0.000635333
2015-03-02,0.186293826,0.073768236,0.546183109,0.155672893
2015-03-03,0.036694922,0.002196022,0.349858463,0.631171346
2015-03-04,0.803363025,0.024312207,0.001892667,0.788340807
2015-03-05,0.218427196,0.018093783,0.001413176,0.687338114
2015-03-06,0.003231162,0.14628382,0.343628168,0.817025483
2015-03-07,0.010392039,0.000164162,0.000164162,0.000164162
2015-03-08,0.068912357,0.028191695,0.000883087,0.25303635
2015-03-09,0.870948195,0.072864965,0.063303314,0.234013781
2015-03-10,0.127877191,0.053472806,0.120280661,0.990038931
2015-03-11,0.304727197,0.048141148,0.107543148,0.396734416
2015-03-12,0.302597761,0.013755436,0.429567695,0.586911023
2015-03-13,0.047142185,0.370685339,0.550294936,0.413378745
2015-03-14,0.161321118,0.083100662,0.000715547,0.461466014
2015-03-15,0.180453703,0.000519421,0.000519421,1.078530431
2015-03-16,0.50661546,0.045038208,0.103501707,1.178445101
2015-03-17,0.83751905,0.475532353,0.065636218,1.727785945
2015-03-18,0.288921624,0.648685455,0.185005113,0.45802936
2015-03-19,0.884684324,0.02094228,0.650822699,0.015037678
2015-03-20,0.622051299,0.362197161,0.062038474,0.473946124
2015-03-21,0.000416954,0.118573569,0.000208477,0.000208477
2015-03-22,0.035873499,0.000588465,0.000588465,0.11983902
2015-03-23,0.827244997,0.003365488,0.087675899,0.399438649
2015-03-24,0.03733718,0.206960112,0.00198699,1.528806925
2015-03-25,0.245598808,0.02304907,0.136480048,0.183251455
2015-03-26,0.223233074,0.121626824,0.436491728,1.541460037
2015-03-27,1.355447412,0.020616021,0.284995914,1.735314727
2015-03-28,0.07810495,0.000258448,0.000258448,0.011830418
2015-03-29,0.07986933,0.534431934,0.133964166,0.00019913
2015-03-30,0.109452344,0.198273525,0.34058857,0.771139443
2015-03-31,0.899985492,0.473221093,1.858950973,0.001454822
2015-04-01,0.071372688,0.001601936,0.030079294,1.069032311
2015-04-02,0.222069323,0.000785475,0.219966948,0.745969892
2015-04-05,0.000251042,0.000125521,0.000125521,0.036256187
2015-04-06,0.557345629,0.243794963,0.304916501,0.045637108
2015-04-07,0.235537767,0.208515197,0.109184496,0.422387332
2015-04-08,0.75294137,0.170936942,0.016474213,0.324569106
2015-04-09,0.729634821,0.228797883,0.818738818,0.96405834
2015-04-10,0.512823224,0.001227274,0.106983475,0.464689791
2015-04-11,0.04098532,0.00022749,0.00022749,0.00022749
2015-04-12,0.440687269,9.98424E-05,9.98424E-05,9.98424E-05
2015-04-13,0.626521289,0.356269896,0.361201823,0.16862528
2015-04-14,0.651447713,0.015137024,0.472460181,0.638742149
2015-04-15,0.266986549,0.157012969,0.275096148,0.465393484
2015-04-16,1.301676154,0.251461267,0.299799979,0.297130316
2015-04-17,0.563369334,1.028474927,0.642827332,0.329599917
2015-04-19,0.087266266,0.000409329,0.000409329,0.133669019
2015-04-20,0.079681858,0.479394257,0.136426613,0.480014443
2015-04-21,0.116765969,0.002780413,0.162474617,0.186291024
2015-04-22,1.361207485,0.467272878,0.509538412,0.908828199
2015-04-23,1.368641376,0.19424054,0.716529369,1.568417668
2015-04-24,0.155724838,0.493916601,0.72355473,0.995155871
2015-04-25,0.111461945,0.000160751,0.000160751,0.000160751
2015-04-26,0.000282869,0.000141434,0.000141434,0.665951312
2015-04-27,0.404005706,0.142469183,0.002239765,1.489841104
2015-04-28,0.298995197,0.111194968,0.017473061,0.172692373
2015-04-29,1.428785086,0.144362822,0.423757255,1.578891635
2015-04-30,0.421978563,1.116706967,1.165534019,0.192631677
2015-05-01,0.24602215,0.479521602,0.248045623,0.153461307
2015-05-04,0.947349012,0.001670429,0.849350929,0.575837612
2015-05-05,0.189416692,0.001124258,0.001124258,0.464323252
2015-05-06,0.826581955,0.001039581,0.0811968,0.11056608
2015-05-07,0.355923444,0.00127278,0.060432378,0.076229438
2015-05-08,0.386166394,0.152672812,0.114956513,0.321466237
2015-05-11,0.060210656,0.037839618,0.316644818,0.463908017
2015-05-12,0.328119308,0.372143745,0.291818261,1.800819159
2015-05-13,0.015922794,0.621245325,0.221484482,0.304552406
2015-05-14,1.65086472,0.234565645,0.228112042,1.665302992
2015-05-15,1.169394135,0.590504646,1.561330914,0.703558624
2015-05-16,0.108450793,0.000198255,0.000198255,0.084080398
2015-05-18,0.372394979,0.187401488,0.074001029,0.282854438
2015-05-19,0.248622268,0.650541961,0.775668263,0.517878532
2015-05-20,0.577269673,0.522418439,0.789501667,0.217419729
2015-05-21,0.272537887,0.926827431,1.29181385,0.002535822
2015-05-22,0.327953637,0.027453132,0.301099032,0.107198857
2015-05-24,0.024771303,0.000378089,0.052072909,0.000378089
2015-05-25,0.223675549,0.000448931,0.246916264,0.035309248
2015-05-26,0.998117745,1.317156792,0.683114529,0.001837961
2015-05-27,0.604581475,0.468297303,1.194883585,0.220047906
2015-05-28,0.15154618,0.000760313,0.150367916,0.027149219
2015-05-29,0.472182095,0.042884588,0.088457733,0.095209621
2015-05-31,0.063946746,0.837051988,0.144197911,0.000605572
2015-06-01,0.052955624,2.065758705,0.770365477,0.468304008
2015-06-02,0.393958777,1.004062057,1.347907543,0.372077823
2015-06-03,1.084934115,0.051457249,0.867382526,0.097488955
2015-06-04,0.136260182,0.483997673,0.374190599,0.051871467
2015-06-05,0.140494436,0.270629764,0.126252517,0.000793923
2015-06-06,0.073688507,0.009515339,0.000712075,0.224794716
2015-06-07,0.004773056,0.002386528,0.359429389,0.145619631
2015-06-08,0.328130305,0.555560231,0.825196445,0.05221796
2015-06-09,0.494430542,0.303574085,0.341305375,0.001091583
2015-06-10,0.468834609,0.793340266,1.061939955,0.000920934
2015-06-11,1.226459265,1.455467582,0.795462668,0.106678024
2015-06-12,0.02631617,0.241173849,0.125379011,0.000310718
2015-06-13,0.000645765,0.000322882,0.468520552,0.000322882
2015-06-14,0.000442172,0.265084654,0.451596737,0.000221086
2015-06-15,0.066386722,0.354023188,0.309430957,0.074530587
2015-06-16,0.77857995,0.094051354,0.124398462,0.00115682
2015-06-17,0.538127482,0.122784749,0.032611102,0.053035516
2015-06-18,0.537298322,0.783519089,0.733000875,0.102875941
2015-06-19,0.05975176,0.12282221,0.146797255,0.073231407
2015-06-20,0.113917716,0.0003512,0.0003512,0.0003512
2015-06-22,0.458925337,0.019833898,0.42888847,0.024046032
2015-06-23,0.047642149,0.218866885,0.199785993,0.044668991
2015-06-24,0.966773391,0.362642378,0.140908599,0.024648987
2015-06-25,0.224967241,0.664600253,0.578732729,0.170252934
2015-06-26,0.021878833,0.000320156,0.000320156,0.35277608
2015-06-28,0.002156309,0.146363348,0.083779164,0.722324967
2015-06-29,0.548503339,0.846852839,1.16444397,0.095923863
2015-06-30,2.275600195,0.482815504,1.22348547,0.093273416
2015-07-01,0.329684317,0.138863951,0.063527934,0.244589567
2015-07-02,0.266567767,0.17023319,0.304973692,0.100655675
2015-07-03,0.153912708,0.000378472,0.227104709,0.033632167
2015-07-04,0.012449009,0.000148282,0.000148282,0.000148282
2015-07-05,0.066243164,0.000191331,0.000191331,0.036181811
2015-07-06,0.746830881,0.076132283,0.073049396,0.193743035
2015-07-07,0.349784732,0.317958057,1.008325219,0.016795058
2015-07-08,0.001236725,0.032233726,0.098945297,0.256361753
2015-07-09,0.178233668,0.1578933,0.086038888,0.533544064
2015-07-13,0.501636326,0.10097459,0.062039874,0.089121498
2015-07-14,0.710403383,0.000772326,0.325600028,0.063499644
2015-07-15,0.000351139,0.00017557,0.00017557,0.00017557
2015-07-16,0.548485637,0.147739664,0.12921764,0.000918434
2015-07-17,0.414107412,0.877102196,0.902552426,0.522796869
2015-07-18,0.300874591,0.000191599,0.057782117,0.069682896
2015-07-20,0.000382984,0.000191492,0.024549821,0.273309559
2015-07-21,0.075741604,0.93808496,0.470704317,0.274320841
2015-07-22,0.288652301,0.217133939,0.002040585,0.019664615
2015-07-23,0.323082298,0.213507056,0.444045186,0.000814295
2015-07-27,1.056279898,0.508409858,0.416811436,0.0825084
2015-07-28,0.244433075,0.000421506,0.091878071,0.596797287
2015-07-29,1.161665797,0.055243641,0.607028246,0.000619769
2015-07-30,0.462049574,0.000363965,0.170358911,0.163222492
2015-07-31,0.237493038,0.000190595,0.131043479,0.000190595
2015-08-02,1.195895791,0.184574842,0.490115196,0.018197777
2015-08-03,0.821230173,0.218398094,0.974386334,0.001684997
2015-08-04,0.752526879,0.264795929,0.417622834,0.046588041
2015-08-05,0.517358065,0.077834077,0.066342689,0.395323426
2015-08-06,0.000457916,0.000228958,0.021226224,0.000228958
2015-08-07,0.09299466,0.000524817,0.000524817,0.784982622
2015-08-10,0.312167943,0.000935599,0.419356883,0.519830108
2015-08-11,0.176307872,0.082357123,0.555922329,0.022163272
2015-08-12,1.053242087,0.617734075,0.878929973,0.016041135
2015-08-13,0.977434218,0.123755395,0.484680146,0.008644274
2015-08-14,0.259702235,0.000970272,0.149821579,0.512265503
2015-08-16,0.539544642,0.000193341,0.000193341,0.000193341
2015-08-17,0.151631773,0.000848914,0.7476089,0.184466094
2015-08-18,0.856169105,0.195612714,1.339508176,0.506314278
2015-08-19,0.000791853,0.000395927,0.451632559,0.000395927
2015-08-20,0.145792276,0.697541118,0.29072687,0.405323982
2015-08-21,0.00111593,0.000557965,0.161774993,0.000557965
2015-08-24,0.625997066,0.629980743,0.323575646,0.049786992
2015-08-26,0.09491647,0.642335892,0.061743818,0.001333814
2015-08-27,0.052096192,0.000212536,0.000212536,0.533754408
2015-08-28,0.079977565,0.025321437,0.182743296,0.005047634
2015-08-29,0.064474672,0.000177118,0.046770521,0.000177118
2015-08-30,0.934063911,0.000664484,0.000664484,0.012502283
2015-08-31,0.126534224,0.750128806,0.435260803,0.450287431
2015-09-01,0.904460549,0.767184436,1.530184627,0.46782887
2015-09-02,0.939519644,0.715178549,0.336405545,0.349413395
2015-09-03,0.040559191,0.427910835,0.11347001,0.119025268
2015-09-04,0.45841223,0.727796555,0.000730743,0.118563555
2015-09-05,0.122759283,0.000158979,0.000158979,0.030158034
2015-09-07,0.071972191,0.001239298,0.109132901,0.028988274
2015-09-08,0.636148691,0.000520033,0.178689197,0.000520033
2015-09-09,0.197608054,0.641507149,0.750160933,0.009077886
2015-09-10,0.401859909,0.301730275,0.640426457,0.035550673
2015-09-11,0.449296504,1.0974828,0.125578091,0.11970824
2015-09-12,0.47955507,0.000317667,0.104650944,0.039537769
2015-09-13,0.000615711,0.140759498,0.000307855,0.000307855
2015-09-14,2.271178722,0.219175577,0.078156315,0.284182876
2015-09-15,1.707970142,0.636241734,1.134451032,0.163128227
2015-09-16,0.799020886,0.032919083,0.111329131,0.010676871
2015-09-17,1.73514843,0.312776297,0.10494522,0.012746735
2015-09-18,0.143031821,0.000318384,0.043007191,0.000318384
2015-09-19,0.143716082,7.96407E-05,7.96407E-05,7.96407E-05
2015-09-20,0.485595644,0.127089366,0.202368721,0.00038339
2015-09-21,0.449358016,0.869432449,0.481912613,0.002393126
2015-09-22,3.036266088,0.951748908,0.675162196,0.161213771
2015-09-23,1.235200047,0.677465737,0.603241682,0.003941517
2015-09-24,1.445501208,0.450950593,0.533338904,0.019787662
2015-09-25,1.034265041,0.861667991,1.043038845,0.350343734
2015-09-26,0.681366444,0.465278327,0.105176859,0.000373389
2015-09-27,0.174472809,0.000304122,0.089007385,0.000304122
2015-09-28,0.373907,0.95882833,0.266046196,0.076623164
2015-09-29,1.673855305,0.088174671,1.178904176,0.365017951
2015-09-30,0.032583732,0.322507918,0.133229673,0.00107468
2015-10-01,0.60539639,0.701818466,0.629489183,0.01273988
2015-10-02,0.087967299,0.687283874,0.761410773,0.259787887
2015-10-03,0.037277378,4.75683E-05,4.75683E-05,4.75683E-05
2015-10-04,0.194231108,0.156643987,0.04039776,0.00064075
2015-10-05,0.092323221,1.662446976,0.453044593,0.071297228
2015-10-06,0.446896017,0.647305012,0.667531669,0.137316331
2015-10-07,0.531571448,0.784187734,0.580360353,0.023848593
2015-10-08,0.221146718,0.615105212,0.241862342,0.048100628
2015-10-09,0.150511965,0.499266922,0.085262246,0.000971712
2015-10-11,0.13371855,1.093030334,0.511225343,0.058239814
2015-10-12,0.16173777,0.920468569,0.265283227,0.001192248
2015-10-13,0.597193182,0.086603753,0.752160132,0.042933941
2015-10-14,0.326651424,0.533769488,0.167318881,0.016469205
2015-10-15,1.119994164,0.368807346,0.598703384,0.497228712
2015-10-16,0.583509624,1.838412762,0.875608325,0.030906871
2015-10-17,0.000503467,0.201220572,0.042357568,0.000251733
2015-10-18,0.113584623,0.570477903,0.260744154,0.179310009
2015-10-19,0.194845691,1.714934468,0.001271054,0.001271054
2015-10-20,3.555124998,2.910390139,0.786983967,0.456086427
2015-10-21,0.518824995,0.674173057,0.245854169,0.031033015
2015-10-22,1.22543776,1.116639495,0.485158116,0.00122586
2015-10-23,1.642485023,1.504712939,0.261533827,0.050769586
2015-10-26,0.235123366,0.746662915,0.215901285,0.162028357
2015-10-27,0.780776858,2.082186222,1.124317646,0.001870457
2015-10-28,0.001464082,0.1274551,0.130091473,0.000732041
2015-10-29,0.564237893,0.264637053,0.213482007,0.364756823
2015-10-30,0.042014107,0.900798917,0.292975664,0.701285481
2015-11-02,0.751912534,0.587771475,0.813503981,0.009922814
2015-11-03,1.184310675,0.637624919,0.033618916,0.263778776
2015-11-04,1.286587,0.002045871,0.398482114,0.288602561
2015-11-05,0.922395647,1.125395417,1.399017692,0.111322924
2015-11-06,0.777615547,1.878142476,1.255857229,0.379865408
2015-11-07,0.851751208,0.000329045,0.000329045,0.000329045
2015-11-08,0.001782898,0.157961845,0.219650805,0.063183151
2015-11-09,0.801359653,0.51049912,0.763659239,0.001924896
2015-11-10,0.342399687,2.758917809,1.672239423,0.439888388
2015-11-11,0.915894866,0.000294379,0.031671137,0.000294379
2015-11-12,0.01853447,0.911608577,0.508554995,0.073483557
2015-11-13,1.215674758,0.002544212,0.19349128,0.049067575
2015-11-14,0.108423129,0.317409575,0.040107254,0.049831815
2015-11-15,0.000454885,0.012291995,0.039809022,0.000227442
2015-11-16,0.275210768,0.164493322,0.149151534,0.160917893
2015-11-17,0.071429797,1.202180624,0.245336935,0.766452134
2015-11-18,0.491578579,0.701859593,0.692733526,0.8192752
2015-11-19,0.363182724,0.99756974,0.440126896,0.145200491
2015-11-20,0.199118823,0.145826086,0.622013927,0.002359601
2015-11-21,0.000988151,0.548056066,0.000494075,0.000494075
2015-11-22,0.212729454,0.001115617,0.516872644,0.051222924
2015-11-23,0.636959434,1.70914638,1.184289813,0.347067505
2015-11-24,0.87006247,1.282378435,2.202741385,0.009528676
2015-11-25,0.57722652,1.618692994,2.106306314,1.884258032
2015-11-26,0.093159042,0.704269171,2.171864033,0.935510993
2015-11-27,0.254056931,1.13706696,1.257158995,0.345644772
2015-11-28,0.01224808,0.482488424,0.058359902,0.000989739
2015-11-29,0.042854533,2.099700451,0.275516391,0.039682426
2015-11-30,0.305617422,5.080727577,1.820762396,0.974072754
2015-12-01,0.740017891,1.29583621,0.356169641,0.321579605
2015-12-02,0.115417413,1.132512212,0.132483169,1.613984227
2015-12-03,0.094036527,0.479366928,0.821604133,2.107970476
2015-12-04,0.325875401,1.008767366,0.684301674,0.649309456
2015-12-05,0.002964354,1.595038891,0.210227042,0.177320093
2015-12-06,0.056678325,0.907275796,0.256636381,0.110564023
2015-12-07,0.875092626,1.803783178,0.858821273,0.133056253
2015-12-08,0.16033341,1.103109956,0.944944263,0.62730217
2015-12-09,0.229829744,1.530802608,0.216505572,0.531190932
2015-12-10,0.340761155,1.358532667,0.838510156,0.164849505
2015-12-11,0.599451363,3.115535736,1.325012445,0.020624075
2015-12-12,0.660958648,7.156808376,1.255632877,0.056525186
2015-12-13,0.558601201,2.178745747,0.144249693,0.160999417
2015-12-14,0.410954237,0.928106248,1.317424417,0.03318863
2015-12-15,0.581335664,0.564731121,0.148014531,0.007552786
2015-12-16,1.244173527,0.392743677,0.758911073,0.070298791
2015-12-17,0.104752652,0.176562041,0.166459933,0.079249479
2015-12-18,0.42990157,0.556669652,0.444545299,0.960731566
2015-12-19,0.041570194,0.051776174,0.274013311,0.358935684
2015-12-21,0.85796833,0.000409934,0.111832336,0.069546223
2015-12-22,1.011408091,0.195924416,0.26679337,0.084829547
2015-12-23,0.286412984,0.338415891,0.854716182,0.001921532
2015-12-24,0.015632434,8.0554E-05,0.039198238,0.121678732
2015-12-25,0.02914045,0.001827998,0.001827998,0.036231451
2015-12-26,0.000211819,0.00010591,0.00010591,0.00010591
2015-12-27,0.053826485,0.000193382,0.000193382,0.684685647
2015-12-28,0.220078558,0.322097868,0.001620233,0.187345207
2015-12-29,0.000267165,0.047629073,0.000133583,0.000133583
2015-12-30,0.071407773,0.000751376,0.112163216,0.112004861
2015-12-31,0.084021531,0.000641227,0.000641227,0.000641227
2016-01-01,0.419160187,0.022733731,0.000187089,0.000187089
2016-01-02,0.000684941,0.000342471,0.000342471,0.000342471
2016-01-04,0.001747871,0.034667313,0.336726218,0.132070437
2016-01-07,1.0876261,0.124430835,0.001088232,0.506075025
2016-01-08,0.000980363,0.000490181,0.000490181,0.779439569
2016-01-09,0.000567812,0.000283906,0.000283906,0.760360181
2016-01-10,0.139728025,0.015087587,9.06042E-05,0.005882808
2016-01-11,0.000950486,0.112135328,0.536939204,0.000475243
2016-01-12,0.255565077,0.000327782,0.059955958,0.098312408
2016-01-13,1.232859254,0.048137374,0.232680961,0.337424666
2016-01-14,0.698407531,0.103261881,0.223534778,0.192268729
2016-01-15,1.045465946,0.001221377,0.105966158,0.001221377
2016-01-17,0.036346193,0.000432877,0.000432877,0.000432877
2016-01-18,0.018472467,0.034656841,0.13999024,0.048321664
2016-01-19,0.466647923,0.109888509,0.100667074,0.013036458
2016-01-20,0.843457758,0.023077965,0.152939066,0.035497416
2016-01-21,4.629162312,0.003086114,0.712426305,0.494141191
2016-01-22,0.625146568,0.001880425,0.812207103,0.205076039
2016-01-25,0.641875267,0.200674072,0.549362063,0.534182131
2016-01-26,0.745591044,0.139523655,0.698640704,0.517481029
2016-01-27,0.342589468,0.103829578,0.000695667,0.046686716
2016-01-28,0.175023586,0.098524384,0.601494372,0.001283554
2016-02-01,0.054248158,0.080756336,0.000171242,0.000171242
2016-02-02,0.290959835,0.000245953,0.187752768,0.443120956
2016-02-03,0.365082622,0.000450097,0.061213329,0.195003122
2016-02-04,0.518887281,0.064572714,0.133238286,0.000885026
2016-02-05,0.825650454,0.012329694,0.120409377,0.000574381
2016-02-08,0.618006349,0.280585885,0.276504844,0.004586371
2016-02-09,1.777328849,0.001375064,0.338502944,0.013752195
2016-02-10,3.104611874,0.253050804,0.935630322,0.037149884
2016-02-11,2.695941448,0.001048151,0.692832828,0.029318752
2016-02-12,0.000777916,0.000388958,0.000388958,0.000388958
2016-02-13,0.527627885,0.000174888,0.000174888,0.000174888
2016-02-14,0.527639389,0.000174887,0.000174887,0.000174887
2016-02-15,0.717012882,0.000907854,0.000907854,0.000907854
2016-02-16,1.221785545,0.415009201,0.064256437,0.005480472
2016-02-17,0.21085234,0.425726742,0.210279167,0.001227189
2016-02-18,0.018153792,0.00043868,0.023302244,0.39046365
2016-02-19,0.000428122,0.547293782,0.055957384,0.000214061
2016-02-23,0.924734175,0.061967626,0.391447067,0.024835877
2016-02-24,0.562459648,0.269497335,0.261826515,0.000935034
2016-02-25,0.103120863,0.001032909,0.001032909,0.001032909
2016-02-26,0.158156723,0.390961707,0.206803501,0.000903252
2016-02-28,1.117013097,0.001136043,0.07261312,0.045664508
2016-02-29,1.635550022,0.317705631,0.847103119,0.03212741
2016-03-01,0.291036963,0.000751314,0.093376912,0.014216545
2016-03-02,0.001300777,0.000650388,0.000650388,0.06777437
2016-03-03,0.81327045,0.001027172,0.353990614,0.010748953
2016-03-04,0.612918556,0.388120592,0.28112933,0.706549227
2016-03-05,0.050288051,0.000430249,0.55402261,0.000430249
2016-03-07,0.191547424,0.106400155,1.306104302,0.367882639
2016-03-08,1.067529678,0.25746718,0.209990829,0.001510234
2016-03-09,0.292255312,0.009935978,0.08312016,0.009741425
2016-03-10,0.460016817,0.082954526,0.766106069,0.023045098
2016-03-11,0.573981345,0.053099789,0.018963231,0.378953278
2016-03-13,0.000198715,9.93574E-05,9.93574E-05,0.035705596
2016-03-14,0.087188832,0.096127726,0.274127364,0.274728596
2016-03-15,0.709994197,0.000961144,0.000961144,0.350770742
2016-03-16,0.120895296,0.06474299,0.791525066,0.235529914
2016-03-17,0.007108633,4.36942E-05,4.36942E-05,0.004277161
2016-03-18,0.001407398,0.000703699,0.000703699,0.177172214
2016-03-19,0.000559809,0.138467878,0.103064515,0.120626777
2016-03-21,0.281901151,0.46009177,0.578597069,0.113212422
2016-03-22,0.145348415,0.000522105,0.124897227,0.374228925
2016-03-23,0.757038534,0.24818255,0.463436157,0.00492183
2016-03-24,0.001414665,0.111656308,0.064692102,0.000707333
2016-03-28,0.000394371,0.007355932,0.522937417,0.000197185
2016-03-29,0.766550004,0.044945102,0.01943893,0.00115179
2016-03-30,0.449663699,0.372436374,0.137961805,0.014135337
2016-03-31,0.003911729,0.681378603,1.128026605,0.001955865
2016-04-01,0.124565408,0.051007021,0.2220736,0.192695946
2016-04-03,0.063318685,0.000276054,0.000276054,0.000276054
2016-04-04,0.13554731,0.065431483,0.260919333,0.225641161
2016-04-05,0.394366801,0.000663637,0.000663637,0.056966178
2016-04-06,0.0006013,0.00030065,0.096807033,0.00030065
2016-04-07,0.308469087,0.682983279,0.104889259,0.002828099
2016-04-08,0.113031752,0.309934735,0.222037792,0.002171607
2016-04-10,0.14119035,0.57390523,0.020756245,0.000125157
2016-04-11,0.116877064,0.270715266,0.152201056,0.066480234
2016-04-12,0.516759515,0.09111847,0.274841338,0.000708744
2016-04-13,0.674385428,0.001366571,0.178966448,0.09042719
2016-04-14,0.316188097,0.559503615,0.706928015,0.550631404
2016-04-15,0.52616936,0.001067563,0.232942954,0.026561016
2016-04-17,0.130282804,0.000371497,0.000371497,0.444344968
2016-04-18,0.828645468,0.053192347,0.094579868,0.387276471
2016-04-19,0.011960712,0.000232667,0.091369271,0.000232667
2016-04-20,1.892451048,0.518916249,0.192876458,0.059356719
2016-04-21,0.170315921,0.160307676,0.224285379,0.000317396
2016-04-22,0.676734686,2.693425655,0.268752217,0.677184761
2016-04-24,0.406647652,0.000212932,0.000212932,0.455827266
2016-04-25,1.428355813,0.000996995,0.29229942,0.163077965
2016-04-26,0.027240561,0.000457235,0.489245147,0.021084426
2016-04-28,0.000485252,0.000242626,0.06759157,0.000242626
2016-04-29,0.001404522,0.000702261,0.000702261,0.000702261
2016-04-30,0.094057478,0.000109714,0.008932893,0.016905488
2016-05-01,0.000690792,0.000345396,0.038138021,0.000345396
2016-05-02,0.000537178,0.000268589,0.000268589,0.672633827
2016-05-03,0.067116879,0.500556171,0.078396037,0.000294399
2016-05-04,0.656801164,0.044608455,0.227695286,0.538489163
2016-05-05,0.787198722,0.144756526,0.374745131,0.558950245
2016-05-06,0.025837487,0.001069273,0.001069273,0.138796479
2016-05-08,0.457626492,0.000141003,0.000141003,0.000141003
2016-05-09,0.00096058,0.078579135,0.111873634,0.00048029
2016-05-10,0.316125065,0.221886083,0.001281066,0.001281066
2016-05-11,0.230653778,0.000611145,0.000611145,0.014100676
2016-05-12,0.825902343,0.039956994,1.019419432,0.121978946
2016-05-13,1.251690388,0.130427346,0.086501427,0.049000442
2016-05-14,0.089770943,0.086245365,0.000447971,0.199653417
2016-05-15,0.00113268,0.00056634,0.117324725,0.00056634
2016-05-16,1.077749848,0.456006408,0.095906615,0.216914371
2016-05-17,0.318194091,0.977512002,0.169318557,0.000719243
2016-05-18,0.478197753,0.605080247,0.201498181,0.221294284
2016-05-19,0.059680428,0.63129878,0.094070502,0.000206382
2016-05-20,0.365856826,0.000772394,0.43416509,0.016298663
2016-05-23,0.001608707,0.000804354,0.000804354,0.442902803
2016-05-24,0.324777514,0.099212103,0.583604813,0.079680406
2016-05-25,1.142807961,1.338372707,0.890388668,0.147245154
2016-05-26,0.749589562,1.067082524,0.024093507,0.301509887
2016-05-27,0.259842366,0.019312751,0.310223401,0.080542907
2016-05-29,0.000426005,0.019421045,0.095251292,0.065080278
2016-05-30,0.031133058,0.000533024,0.038012944,0.157145739
2016-05-31,0.197820202,0.00060636,0.214073613,0.282261163
2016-06-01,0.544645965,0.130046427,0.000642629,0.186454639
2016-06-02,0.001869294,0.134737,0.234712407,0.807029188
2016-06-03,0.296432823,0.06129083,0.001043328,0.001043328
2016-06-04,0.851556718,0.05667543,0.05218114,0.084343351
2016-06-05,0.119020663,0.000303207,0.051639412,0.040747933
2016-06-06,0.806396127,0.118527234,0.333486587,0.029412229
2016-06-07,0.504161298,0.793657184,0.523511589,0.022742964
2016-06-08,0.335213095,0.269975871,0.486580282,0.859357417
2016-06-09,0.000270657,0.000135329,0.000135329,0.006195059
2016-06-10,0.579972506,0.873238444,0.123687506,0.030762054
2016-06-12,0.000408442,0.000204221,0.000204221,0.000204221
2016-06-13,0.508078218,0.111929096,0.522692263,0.084718063
2016-06-14,0.000404259,0.00020213,0.00020213,0.030031871
2016-06-15,1.231476903,0.928854644,0.42230612,0.172935814
2016-06-16,0.12667264,0.000616303,0.154966384,0.062045492
2016-06-17,0.269195139,0.255809814,0.321653455,0.165139452
2016-06-18,0.409911186,0.110751301,0.069066696,0.000352899
2016-06-19,0.000930813,0.000465406,0.000465406,0.000465406
2016-06-20,0.052818205,0.076484874,0.282592595,0.000238216
2016-06-21,0.341621041,0.060908359,0.335659474,0.013235546
2016-06-22,0.364639699,0.000353136,0.000353136,0.060301844
2016-06-23,0.001347645,0.000673823,0.11526721,0.051581889
2016-06-24,1.052948833,0.000405387,0.000405387,0.013534623
2016-06-26,0.000120659,0.037456375,6.03293E-05,0.009787652
2016-06-27,1.010373354,0.001010808,0.399978101,0.007645347
2016-06-28,0.738862276,0.703609943,0.338402987,0.007538696
2016-06-29,0.712884784,0.094163835,0.002504762,0.206131935
2016-06-30,0.077507965,0.279928535,1.160093069,0.22471109
2016-07-01,0.561474264,0.094016381,0.059546236,0.001101302
2016-07-02,0.745273113,0.000132578,0.000132578,0.000132578
2016-07-03,0.653109729,0.000122793,0.000122793,0.000122793
2016-07-04,0.170368463,9.16492E-05,0.008967514,9.16492E-05
2016-07-05,0.468586743,0.007440118,0.000228813,0.032310419
2016-07-06,0.00051667,0.000258335,0.060681034,0.000258335
2016-07-07,0.00048238,0.030669229,0.00024119,0.00024119
2016-07-08,0.031879604,0.002227882,0.002227882,0.002227882
2016-07-09,0.000870008,0.000435004,0.000435004,0.000435004
2016-07-11,0.604766369,0.000459756,0.000459756,0.080478147
2016-07-13,0.925740123,0.001282225,0.274918228,0.313306451
2016-07-14,0.638995826,0.044423513,0.239279225,0.006053643
2016-07-15,0.709183037,0.127207115,0.135172233,0.021867605
2016-07-18,0.365854621,0.000182918,0.100731142,0.000182918
2016-07-19,0.171946362,0.411514431,0.580661893,0.000851075
2016-07-20,0.772797287,0.359319657,0.789952338,0.063362204
2016-07-21,0.431698829,0.333775312,0.218873337,0.043883875
2016-07-22,0.329783082,0.408103496,0.301468998,0.044103764
2016-07-24,0.068110347,0.505386412,0.146853909,0.000190788
2016-07-25,1.123943567,0.181149378,0.478083879,0.050003454
2016-07-26,0.474482596,0.000245582,0.000245582,0.000245582
2016-07-27,0.662806153,0.000456262,0.000456262,0.110513568
2016-07-28,0.123574033,0.000216379,0.219105408,0.063091375
2016-07-30,0.026780415,0.000122094,0.065809011,0.000122094
2016-08-01,0.018373404,0.000330106,0.159000158,0.000330106
2016-08-02,0.463407248,0.016429801,0.155363083,0.046285283
2016-08-03,0.31178844,0.00011739,0.100585341,0.00011739
2016-08-04,0.655968487,0.108494371,0.052361917,0.000424
2016-08-05,0.709529817,0.453534126,0.409754395,0.106245436
2016-08-06,0.017348969,0.000118845,0.000118845,0.000118845
2016-08-08,0.040824335,0.36482507,0.168868572,0.000339242
2016-08-10,0.000541115,0.000270558,0.000270558,0.000270558
2016-08-12,0.183049127,0.261582941,0.210316375,0.017324885
2016-08-14,0.126489848,0.000101705,0.000101705,0.012236022
2016-08-16,0.000855783,0.000427892,0.028543867,0.012646636
2016-08-17,0.001205766,0.058522746,0.097300321,0.113801733
2016-08-18,0.251951426,0.178678408,0.420173496,0.00043906
2016-08-19,0.036015611,0.000148273,0.130208313,0.000148273
2016-08-22,0.087661974,0.000224873,0.000224873,0.000224873
2016-08-23,0.444012761,0.000737343,0.1932026,0.000737343
2016-08-24,1.169423223,0.555117309,0.688647211,0.001824055
2016-08-25,0.268693775,0.000350441,0.035205264,0.193004593
2016-08-26,0.441578895,0.055805229,0.148432389,0.306266516
2016-08-29,0.21981287,0.440759867,0.163020357,0.000633283
2016-08-30,0.002286271,0.625656068,0.001143135,0.001143135
2016-08-31,0.331007004,0.081260249,0.353508413,0.037343379
2016-09-01,0.294303626,0.16958712,0.342330277,0.011544291
2016-09-02,0.22471118,0.000367509,0.015086642,0.078606084
2016-09-03,0.150471956,0.685647011,0.157184675,0.069614559
2016-09-04,0.001013584,0.261965275,0.096247457,0.000506792
2016-09-05,0.018858686,0.433489859,0.112368502,0.001422393
2016-09-06,1.382246852,0.405153722,1.134877205,0.003053664
2016-09-07,0.000462752,0.000231376,0.000231376,0.000231376
2016-09-08,0.78715384,0.172137395,0.820043206,0.024810594
2016-09-09,0.230093449,0.023246974,0.270999789,0.000405224
2016-09-12,0.131312862,0.360747963,0.432860494,0.001237674
2016-09-13,0.001423865,0.000711933,0.000711933,0.297865689
2016-09-14,0.368933558,0.00062742,0.00062742,0.015774446
2016-09-15,1.129932642,0.68698281,0.576982737,0.607541561
2016-09-16,0.256257415,0.300449073,0.002618123,0.015070317
2016-09-17,0.03666795,0.1784821,0.02533962,0.000127517
2016-09-18,0.092297263,0.000245727,0.239697024,0.000245727
2016-09-19,0.216836631,0.011354215,0.370417327,0.10421969
2016-09-20,0.684942544,0.286726743,0.135435164,0.022067077
2016-09-21,0.142629564,1.311377883,0.621252596,0.001866706
2016-09-22,0.033148926,0.086909659,0.157751456,0.117161125
2016-09-23,0.083376534,0.223398685,0.138536498,0.000541572
2016-09-25,0.091836631,0.640012562,0.215761617,0.000567379
2016-09-26,0.348987073,0.41107595,0.559470117,0.001474314
2016-09-27,1.338834763,0.000439241,0.236299068,0.004628969
2016-09-28,0.209618822,0.00081132,0.436054021,0.456364721
2016-09-29,0.015042865,0.357676297,0.348501861,0.267783165
2016-09-30,0.136350945,0.647667825,0.457050592,0.000570344
2016-10-01,0.00121843,0.321482092,0.000609215,0.472993135
2016-10-02,0.088785961,0.596860588,0.148397595,0.000245581
2016-10-03,0.537310779,0.538656175,0.43764329,0.011458687
2016-10-04,0.174304157,0.937947869,0.19322291,0.000348206
2016-10-05,0.913290441,1.654931784,0.237504944,0.009231806
2016-10-06,0.265877068,0.549152792,0.500173628,0.068659708
2016-10-07,0.066912442,0.317677438,0.154036254,0.143614411
2016-10-08,0.095567927,0.000390236,0.040045243,1.718261957
2016-10-09,0.246863589,0.459629685,0.312685788,0.063935257
2016-10-10,0.077780157,0.139596209,0.59457916,0.226531789
2016-10-11,0.061230335,0.044132017,0.002093942,0.206614822
2016-10-12,0.55002892,0.478411049,0.565386236,0.000839413
2016-10-13,0.706234634,0.422702163,0.25933215,0.029445663
2016-10-14,0.078196883,1.09277916,0.214131624,0.000821384
2016-10-15,0.027854403,0.83874923,0.322203338,0.000858453
2016-10-16,0.000366159,0.339603513,0.183864892,0.000183079
2016-10-17,0.676266551,0.441664517,0.315462053,0.203708947
2016-10-18,0.32079035,0.088531628,0.379337877,0.376508683
2016-10-19,0.000537457,0.000268728,0.083216377,0.014846483
2016-10-20,0.001430212,0.157637045,0.287250817,0.000715106
2016-10-21,0.448355108,0.000206453,0.000206453,0.000206453
2016-10-23,0.051515542,0.000117025,0.000117025,0.000117025
2016-10-24,0.692053676,0.137739241,0.589701831,0.131641403
2016-10-25,0.517724276,0.492140174,0.594706357,0.021857822
2016-10-26,1.002269387,0.000584116,0.077388331,0.111111581
2016-10-27,0.001696685,0.081699088,0.1504834,0.084457479
2016-10-28,0.399549901,0.079120688,0.000703,0.129524469
2016-10-31,0.089387603,0.070329912,0.000417509,0.166899309
2016-11-01,0.352483481,0.113829501,0.000462607,0.012515225
2016-11-02,0.001601297,0.205418095,0.344162345,0.000800649
2016-11-03,0.339515984,2.423191071,1.254511476,0.0468821
2016-11-04,0.838534772,1.175010085,0.808238387,0.019021567
2016-11-05,0.751557946,0.078886569,0.037753224,0.12523751
2016-11-06,0.092152663,0.660635591,0.045550924,0.000343522
2016-11-07,0.976481378,1.59750247,0.266673803,0.059253573
2016-11-08,0.013799292,0.777611494,0.940213084,0.04796955
2016-11-09,5.19383955,1.957336783,0.095813602,0.115243033
2016-11-10,1.617522478,0.617574573,0.447531909,0.064002633
2016-11-11,1.369602084,1.848788261,0.315830439,0.297254264
2016-11-12,0.265455842,0.847063959,0.097312264,0.245156065
2016-11-13,1.3031497,0.350623488,0.000719985,0.000719985
2016-11-14,0.964413047,2.469880342,0.689533353,0.096442319
2016-11-15,2.724494457,2.449621201,1.02071774,0.103964292
2016-11-16,1.368744016,4.125507832,0.926654994,0.097744845
2016-11-17,0.638103724,2.601647615,0.215248078,0.034382511
2016-11-18,2.354805946,0.966311514,0.139273375,0.031479884
2016-11-19,0.060052052,0.700502515,0.102713235,0.00017787
2016-11-20,0.24832271,0.055541802,0.000441272,0.15225926
2016-11-21,0.744540334,0.048129387,0.494931996,0.878344595
2016-11-22,0.864735782,0.038953502,0.001931156,0.001931156
2016-11-23,0.153161079,0.29014948,0.113119014,0.000553467
2016-11-24,0.001001241,0.039868508,0.000500621,0.016210107
2016-11-25,0.566098392,0.018801566,0.674098015,0.712369204
2016-11-27,0.054826155,0.046142705,0.000103462,0.040176746
2016-11-28,1.336612225,0.145264089,0.294748038,0.192349553
2016-11-29,0.16851835,0.000635641,0.178905457,0.1367535
2016-11-30,0.391439199,0.12032447,0.031782206,0.016371606
2016-12-01,2.146128654,0.167157114,0.377071649,0.66749841
2016-12-02,0.687468112,0.000615201,0.025889942,0.000615201
2016-12-04,0.145101562,0.262428015,0.123234823,0.000166849
2016-12-05,1.398406267,0.492307633,0.297480166,0.124298468
2016-12-06,1.348102689,0.051140424,0.327606112,0.026953815
2016-12-07,1.606742978,0.150056273,0.330745906,0.020566236
2016-12-08,0.549523354,0.000640076,0.000640076,0.052658617
2016-12-09,4.32450819,0.03628473,0.354481041,0.023736149
2016-12-10,0.104266599,0.000381204,0.139830649,0.000381204
2016-12-11,0.93898654,0.000450318,0.037137181,0.000450318
2016-12-12,1.222156525,0.022765394,0.36838761,0.001032117
2016-12-13,4.170651436,0.106572919,0.166630268,0.022833548
2016-12-14,2.984787941,0.351614445,0.220132932,0.020342998
2016-12-15,1.165116072,0.000571712,0.095629856,0.000571712
2016-12-16,1.074505806,0.057014003,0.119071387,0.000558598
2016-12-17,0.573141992,5.12637E-05,5.12637E-05,5.12637E-05
2016-12-18,1.050230622,0.000482777,0.000482777,0.000482777
2016-12-19,0.221718132,0.000401043,0.08442308,0.023767624
2016-12-20,0.750764132,0.022502502,0.020575644,0.031433318
2016-12-21,1.355170131,0.001757537,0.288418084,0.184567466
2016-12-22,0.000386703,0.000193352,0.044702165,0.022705644
2016-12-24,0.555349112,0.000135663,0.000135663,0.000135663
2016-12-27,0.534422517,4.65603E-05,4.65603E-05,4.65603E-05
2016-12-28,0.717610061,0.000789407,0.000789407,0.862865031
2016-12-29,0.597470462,0.011506489,0.036092937,0.000261583
2016-12-30,0.149211079,0.000232768,0.000232768,0.000232768
2017-01-02,0.751267076,0.000436542,0.01063282,0.026642378
2017-01-03,1.324016809,0.00051625,0.012220636,0.009853596
2017-01-04,1.588540792,0.021474373,0.091931723,0.181424215
2017-01-05,0.276835442,0.197190076,0.000655191,0.009035477
2017-01-06,0.387835234,0.0286237,0.086577892,0.043086722
2017-01-09,0.812901974,0.323648721,0.243964165,0.001008156
2017-01-10,1.006994009,0.06086497,0.089159891,0.104156695
2017-01-11,2.401828051,0.042478673,0.597165406,0.210849866
2017-01-12,1.4127388,0.078712158,0.067935497,0.009806794
2017-01-13,0.806194186,0.045889195,0.055486381,0.011204163
2017-01-14,0.523259938,0.000236855,0.021694738,0.000236855
2017-01-16,0.277670085,0.153505072,0.001029527,0.001029527
2017-01-17,1.873885989,0.340366632,0.22877568,0.002464852
2017-01-18,1.741879463,0.2458276,0.31301266,0.099741451
2017-01-19,1.76009953,0.07339967,0.370457619,0.158593163
2017-01-20,1.411874175,0.038335416,0.741952002,0.069872156
2017-01-21,0.000770507,0.041246966,0.000385253,0.000385253
2017-01-22,0.393381327,0.0681668,0.000360909,0.112626329
2017-01-23,1.091986537,0.000878327,0.000878327,0.190827578
2017-01-24,2.764770746,0.07749676,0.65536356,0.06426423
2017-01-25,2.594469309,0.029846245,0.395161361,0.240651578
2017-01-26,0.410977542,0.030536717,0.176809132,0.018906033
2017-01-27,0.781572342,0.151967958,0.158169404,0.000846556
2017-01-28,0.105246447,0.000258626,0.000258626,0.006847374
2017-01-30,0.849200487,0.442184418,0.027699323,0.063199535
2017-01-31,0.067664593,0.22013776,0.489138395,0.00064049
2017-02-01,1.725619078,0.246057168,0.340450376,0.107789204
2017-02-02,1.045080662,0.289679497,0.350271165,0.604376495
2017-02-03,1.154669046,0.056406289,0.237745926,0.001634816
2017-02-04,0.349293381,0.000571829,0.047749139,0.000571829
2017-02-05,0.087260321,0.058842734,0.052891754,0.000113082
2017-02-06,0.96622622,0.000772992,0.040619481,0.226789907
2017-02-07,0.274149984,0.000551995,0.015961124,0.299283564
2017-02-08,1.179382324,0.001023445,0.095914118,0.001023445
2017-02-10,0.033535291,0.166784421,0.239655271,0.000778019
2017-02-13,0.124004193,0.000910035,0.2236408,0.000910035
2017-02-14,0.000423587,0.000211794,0.000211794,0.000211794
2017-02-15,1.33786118,0.480413586,0.067114525,0.79521966
2017-02-16,1.46800983,0.000423649,0.085436933,0.000423649
2017-02-17,1.531461835,0.012263187,0.148817495,0.482403129
2017-02-20,0.000370899,0.000185449,0.000185449,0.078989521
2017-02-21,1.364257574,0.024586542,0.076398596,0.141807973
2017-02-22,0.548795342,0.000577823,0.024508324,0.104169272
2017-02-23,0.506528735,0.084411629,0.00048859,0.00048859
2017-02-24,0.512613714,0.154620811,0.046198983,0.21993193
2017-02-25,0.441490769,0.000597582,0.150615931,0.129616231
2017-02-28,0.303245604,0.531295776,0.422815889,0.212259367
2017-03-01,1.990762711,0.492848426,0.31533137,0.080500752
2017-03-02,2.324779987,0.041763347,0.476581842,0.061442092
2017-03-03,0.243665218,0.190708399,0.001491599,0.118486896
2017-03-06,0.081142314,0.409760565,0.217604667,0.000817409
2017-03-07,0.080621466,0.025850017,0.175506786,0.017023008
2017-03-08,0.118627913,0.00111934,0.00111934,0.516428411
2017-03-09,0.975088298,0.053753655,1.790995717,0.020382145
2017-03-10,0.12568453,0.000612685,0.220839188,0.018653123
2017-03-12,0.323267847,0.000348031,0.000348031,0.000348031
2017-03-13,0.730144143,0.096195489,0.302497745,0.5140962
2017-03-14,1.823098063,0.046829324,0.811093569,0.015570373
2017-03-15,3.574728489,0.200550869,0.56269598,0.002019839
2017-03-16,4.431156158,0.002965915,0.901990294,0.235490561
2017-03-17,1.884062767,0.314406574,0.054742832,0.644497395
2017-03-18,0.00160293,0.000801465,0.000801465,0.000801465
2017-03-19,0.00032153,0.000160765,0.000160765,0.535820544
2017-03-20,1.707946539,0.033534266,0.584402561,0.00141912
2017-03-21,0.911233783,0.171730593,0.14435111,0.034533571
2017-03-22,0.368796825,0.001312815,0.260716766,0.001312815
2017-03-23,0.937161446,0.165373594,0.391969949,0.221368447
2017-03-24,0.325386375,0.036046311,0.00068319,0.051316563
2017-03-25,0.000656265,0.000328133,0.044864636,0.000328133
2017-03-26,0.678237259,0.000519724,0.071486115,0.000519724
2017-03-27,0.369064748,0.459663004,0.096117929,0.11147283
2017-03-28,2.030513287,0.303478837,0.544265807,0.001126794
2017-03-29,1.234753847,0.977886915,0.550184309,0.002733315
2017-03-30,3.374605417,0.477109462,0.888386071,0.041783661
2017-03-31,1.494148493,0.585860372,0.229679883,0.02173047
2017-04-02,0.189910457,0.225916281,0.222783804,0.787312627
2017-04-03,0.00085164,0.00042582,0.00042582,1.376656532
2017-04-04,0.177918509,0.288581103,0.425960362,0.00121548
2017-04-05,1.389150858,0.000683152,0.175591946,0.049383756
2017-04-06,0.000516414,0.000258207,0.000258207,0.343411982
2017-04-07,0.740066111,0.104674026,0.00105906,0.00105906
2017-04-08,0.025963251,0.080327094,0.000272249,0.000272249
2017-04-09,0.000329471,0.027567705,0.000164735,0.000164735
2017-04-10,0.703981638,0.131953835,0.107113615,0.118172012
2017-04-11,0.326004654,0.882532597,0.171878427,0.001902938
2017-04-12,0.000435055,0.000217527,0.000217527,0.015753465
2017-04-13,0.072901033,0.000228853,0.000228853,0.000228853
2017-04-17,0.900873482,0.356262118,0.415322483,0.000860047
2017-04-18,0.556733787,0.043796442,0.052166838,0.076197386
2017-04-19,1.20521462,0.031602845,0.559597015,0.207797542
2017-04-20,0.872877181,0.001338221,0.121485732,0.001338221
2017-04-21,0.104545407,0.00064124,0.22133711,0.00064124
2017-04-22,0.96461153,0.037146032,0.24372232,0.000799582
2017-04-23,0.574640572,0.000216279,0.030298304,0.000216279
2017-04-25,0.370690852,0.288427591,0.561965346,0.606141567
2017-04-26,1.124340534,0.133632287,0.139476195,0.125461906
2017-04-27,1.237704158,0.507932544,0.672260225,0.009493331
2017-04-28,0.641335607,0.473095179,0.247598678,0.001257362
2017-04-29,1.421921015,0.073542282,0.037555348,0.000726394
2017-04-30,0.245998606,0.000138077,0.000138077,0.038218088
2017-05-03,1.08035183,0.478372037,0.414135844,0.04278978
2017-05-04,0.134787649,0.023757659,0.374813765,0.000782069
2017-05-05,0.538382173,0.000261603,0.000261603,0.009951586
2017-05-06,0.815796793,0.000914944,0.018610813,0.018316342
2017-05-07,0.043797676,0.328290731,0.017716998,0.000285813
2017-05-08,0.259631485,0.523076653,0.196751118,0.593246579
2017-05-09,0.304245293,1.107658863,0.287362903,0.050619498
2017-05-10,0.59465915,0.34065643,0.043990262,0.00042112
2017-05-11,0.032495506,0.273488849,0.017232887,0.011630729
2017-05-12,0.139068529,0.00253596,0.14398481,0.178910181
2017-05-13,0.147007316,0.000513185,0.000513185,0.000513185
2017-05-15,0.095030174,0.165896654,0.318454206,0.012896243
2017-05-16,0.966718316,0.278167933,0.788689733,0.084766403
2017-05-17,1.27144289,0.99376756,0.703878105,0.051472954
2017-05-18,0.715702534,1.423153162,0.915215969,0.003174931
2017-05-19,0.414479971,0.010093631,0.787338793,0.313571095
2017-05-22,0.915670037,0.245418012,0.15714711,0.000616619
2017-05-23,1.022799492,0.213337645,0.112308927,0.198072478
2017-05-24,0.336774111,0.111814506,0.45589301,0.049599133
2017-05-25,0.254760683,0.003358098,0.431999177,0.003358098
2017-05-26,1.062780142,0.324996561,0.310602933,0.039306555
2017-05-27,0.071222357,0.183610246,0.004208012,0.004208012
2017-05-28,0.174057007,0.149735078,0.039945208,0.000620982
2017-05-29,0.969406128,0.090503953,0.352920681,0.139201418
2017-05-30,0.401730299,0.905495226,0.542869329,0.002415335
2017-05-31,2.287813902,2.540713072,1.617720604,0.009393331
2017-06-01,2.461247444,2.618877888,1.071180463,0.343265921
2017-06-02,4.903225899,6.352717876,2.127893209,0.11101111
2017-06-03,0.489249676,0.502904594,0.119366854,0.001597878
2017-06-05,0.988250077,1.026370049,0.408727109,0.233627319
2017-06-06,1.036565065,0.791272104,0.777988017,0.184707791
2017-06-07,0.360008001,0.152454332,0.130580083,0.093481027
2017-06-08,0.470679522,0.083328471,0.459342629,0.01909136
2017-06-09,0.952161431,0.344097078,0.00336797,0.012319688
2017-06-10,0.685848951,0.100061134,0.001401629,0.127768666
2017-06-12,0.221041083,0.721063197,0.297602415,0.327011049
2017-06-13,0.139022037,0.364057124,0.110770039,0.006584421
2017-06-14,0.084082313,0.000414511,0.008780666,0.011277606
2017-06-16,0.345673084,0.20593904,0.047750231,0.000537598
2017-06-17,0.000809318,0.000404659,0.000404659,0.000404659
2017-06-18,0.000400425,0.000200212,0.000200212,0.000200212
2017-06-19,0.253955901,0.327668637,0.484562159,0.455041111
2017-06-20,0.38095969,0.126396418,0.425171912,0.001121276
2017-06-21,0.21117343,0.076165646,0.68072027,0.274806082
2017-06-22,0.289484829,0.014390429,0.238241211,0.000553923
2017-06-23,0.001853607,0.000926804,0.100633897,0.386966914
2017-06-24,0.096061639,0.418481827,0.085442148,0.000354298
2017-06-26,0.068016522,0.104201943,0.41500324,0.174039215
2017-06-27,0.260543793,0.00225153,0.131923333,0.079834394
2017-06-28,0.597361326,0.015984988,0.434657782,0.001030139
2017-06-29,0.140863881,0.497672409,0.927494645,0.130942464
2017-06-30,0.540092468,0.105354831,0.779362977,0.003862626
2017-07-02,0.032902479,0.000167507,0.000167507,0.015745131
2017-07-03,0.06949731,0.000188811,0.000188811,0.000188811
2017-07-04,0.703391254,0.157183364,0.240609244,0.046166372
2017-07-05,0.570883751,0.270206958,0.213280484,0.032483667
2017-07-06,0.29963541,0.311765075,0.295228243,0.153905213
2017-07-07,0.21967411,0.325818509,0.003534824,0.015414719
2017-07-08,0.099521905,0.011341659,0.003039119,0.181423604
2017-07-09,0.14551273,0.000630331,0.000630331,0.083959848
2017-07-10,0.182811499,0.000352928,0.085211344,0.000352928
2017-07-11,0.261053264,0.098034233,0.160779595,0.001956067
2017-07-12,0.944067478,0.179182217,0.154258445,0.099893548
2017-07-13,0.124517232,0.073513485,0.002228088,0.051151495
2017-07-14,0.084612824,0.001234648,0.001234648,0.009088768
2017-07-15,0.082012817,0.329743981,0.346811384,0.000700335
2017-07-17,0.566476107,0.074926563,0.08555878,0.000305527
2017-07-18,0.56894666,0.04726835,0.331097096,0.000411491
2017-07-19,0.129848227,0.000190604,0.000190604,0.000190604
2017-07-20,0.826847315,0.000429066,0.0520312,0.118390776
2017-07-21,0.000494266,0.064281292,0.000247133,0.096792854
2017-07-22,0.000597398,0.000298699,0.035847895,0.522332788
2017-07-23,0.374133438,0.00026341,0.00026341,0.00026341
2017-07-24,0.511847794,0.000688946,0.000688946,0.275410831
2017-07-25,1.093651175,0.041241895,0.349074841,0.000821656
2017-07-26,0.310101271,0.201230973,0.988587976,0.354682982
2017-07-27,0.302514046,0.001020669,0.119546905,0.161768541
2017-07-28,0.345112592,0.000220147,0.043670885,0.000220147
2017-07-31,0.372751713,0.000328063,0.000328063,0.000328063
2017-08-01,0.129697531,0.000559483,0.224586785,0.067762308
2017-08-02,0.162597299,0.000250815,0.149577111,0.000250815
2017-08-03,0.422343105,0.000374189,0.031859212,0.000374189
2017-08-04,0.71641928,0.081994511,0.210933924,0.044383515
2017-08-07,0.618162334,0.000617897,0.000617897,0.147584677
2017-08-08,0.202835605,0.422023952,0.129407883,0.000827237
2017-08-09,0.028324695,0.000139993,0.047974858,0.000139993
2017-08-10,0.084319711,0.002036683,0.21940966,0.251372159
2017-08-11,0.259769052,0.219674155,0.000709956,0.101656288
2017-08-12,0.152268693,0.00029903,0.093165964,0.00029903
2017-08-14,0.329915673,0.000692808,0.007980438,0.000692808
2017-08-15,0.651814938,0.000941803,0.046618573,0.184612855
2017-08-16,0.000567642,0.000283821,0.10983339,0.000283821
2017-08-17,0.000576149,0.000288075,0.000288075,0.221492112
2017-08-18,0.009510372,0.000102162,0.000102162,0.000102162
2017-08-20,0.597573459,0.000561226,0.202054277,0.039046749
2017-08-21,0.450367093,0.0001879,0.0001879,0.006993511
2017-08-23,0.872991085,0.036080454,0.146522224,0.000696793
2017-08-24,0.825668156,0.024509313,0.094857171,0.002174058
2017-08-25,0.950137258,0.000624796,0.09170457,0.007605713
2017-08-26,0.03815591,0.000185414,0.000185414,0.61086911
2017-08-28,0.546845853,0.000815418,0.000815418,0.576858103
2017-08-29,0.84627068,0.022012038,0.036643572,2.667950153
2017-08-30,0.098153636,0.001960683,0.001960683,0.447733343
2017-08-31,0.998456776,0.000822734,0.04765917,0.449480712
2017-09-01,0.299902737,0.001100671,0.106080122,0.492564321
2017-09-03,0.236633599,0.000263548,0.000263548,0.037840292
2017-09-04,0.058326155,0.066352345,0.122903876,0.000705521
2017-09-05,0.169657111,0.124266952,0.000359573,0.533515811
2017-09-06,0.620776653,0.143571407,0.253983229,0.000708546
2017-09-07,0.528855264,0.039940823,0.780828357,0.388441801
2017-09-08,1.456249237,0.307270408,0.001385634,0.628301382
2017-09-09,0.000513295,0.000256648,0.000256648,0.704260767
2017-09-11,0.88785398,1.100498319,0.199937612,1.161148071
2017-09-12,0.70386368,0.03671281,0.024270879,0.53163147
2017-09-13,1.088435292,0.027707089,0.098621838,0.552049816
2017-09-14,0.577542067,0.000469983,0.004558577,0.028094893
2017-09-16,0.042734668,0.382077724,0.029457014,0.41152209
2017-09-17,0.316871345,0.489780456,0.045531914,0.109974973
2017-09-18,0.603754938,0.165528193,0.057070557,0.057481863
2017-09-19,0.464627296,0.000563849,0.000563849,0.119329251
2017-09-20,2.090960503,0.489558369,0.494213432,0.100924641
2017-09-21,0.618635178,0.000543156,0.000543156,0.008333719
2017-09-22,0.513272583,0.000220102,0.004309989,0.030375434
2017-09-23,0.022156373,0.00014307,0.00014307,0.025863862
2017-09-24,0.455810636,7.59661E-05,7.59661E-05,7.59661E-05
2017-09-25,0.988700092,0.002833177,0.255709231,0.050153363
2017-09-26,0.471288919,0.00062818,0.109360673,0.00062818
2017-09-27,0.089570388,0.049619582,0.000202209,0.000202209
2017-09-28,0.506203711,7.12619E-05,7.12619E-05,7.12619E-05
2017-09-29,0.436584234,0.000729009,0.018011937,0.440888524
2017-10-02,0.000330805,0.195971936,0.073617518,0.016444489
2017-10-03,0.362432301,0.014309166,0.010264139,0.00055966
2017-10-04,1.271171689,0.169814229,0.301067054,0.009170853
2017-10-05,0.312419593,0.000770537,0.874141872,0.000770537
2017-10-06,1.855194569,0.001251876,0.43825829,0.001251876
2017-10-07,0.104668066,0.035461288,0.000270416,0.000270416
2017-10-09,2.138260841,0.002747736,0.208498999,0.042799592
2017-10-10,0.522410452,0.000777215,0.040337529,0.000777215
2017-10-11,0.089698233,0.069238044,0.335553586,0.039902348
2017-10-12,0.810788095,0.001849678,1.064369082,0.184973896
2017-10-13,0.549386859,0.316049069,0.416378915,0.000529876
2017-10-15,0.474232018,0.000429047,0.035403587,0.000429047
2017-10-16,0.056828044,0.348091096,0.740606725,0.666857898
2017-10-17,0.84689945,0.560126901,0.309105575,0.343922257
2017-10-18,1.348385334,0.595872104,0.837761104,0.031079216
2017-10-19,0.068491653,0.000517891,0.342955589,0.000517891
2017-10-20,0.841820896,0.048702922,0.016262809,0.120941833
2017-10-21,0.601046443,0.008108964,0.000162177,0.000162177
2017-10-22,0.555689991,9.5586E-05,9.5586E-05,0.028119903
2017-10-23,1.691546202,0.149445936,0.516472876,0.763651431
2017-10-24,0.302030951,0.000353477,0.000353477,0.026601583
2017-10-25,2.012217045,0.000919398,0.244123295,0.264868319
2017-10-26,1.214529634,0.039399486,0.030175496,0.017538108
2017-10-27,0.15310064,0.019208984,0.247122675,0.022047509
2017-10-30,0.43001014,0.439871281,1.160086751,0.010023055
2017-10-31,0.936939776,0.683048248,1.32581377,0.04776565
2017-11-01,0.229312509,0.04879839,0.039248209,0.000221151
2017-11-02,0.130477577,0.388419181,0.329920053,0.170154229
2017-11-03,0.771634579,0.019210104,0.502140522,0.001076733
2017-11-05,0.000334897,0.524746835,0.082479142,0.000167448
2017-11-06,1.188227415,1.999176741,0.221934944,0.103232317
2017-11-07,0.466158241,1.139680266,0.116117693,0.087449193
2017-11-08,0.558838367,0.693319023,0.308724821,0.042137709
2017-11-09,0.145731047,0.902823627,0.542517304,0.07883583
2017-11-10,0.001483998,0.475813687,0.141277984,0.252810657
2017-11-11,0.567266345,1.157090187,0.828053117,0.083658382
2017-11-12,0.618802309,0.31648919,0.099108785,0.184291869
2017-11-13,0.372074991,0.683933973,0.412255913,0.338195562
2017-11-14,0.370174706,1.136229873,0.216064513,0.001668425
2017-11-15,0.817338347,3.453524351,1.22690165,0.348346651
2017-11-16,0.300400615,1.659361243,0.651951671,0.661843836
2017-11-17,1.078545094,1.33569181,0.227030933,0.315746933
2017-11-18,0.465866596,0.60107094,0.092611402,0.017309256
2017-11-20,0.50766921,0.022750655,0.059704613,0.249197304
2017-11-23,0.000731433,0.108066022,0.10208223,0.027392216
2017-11-24,0.000597741,0.00029887,0.00029887,0.216526315
2017-11-27,0.001978593,0.146402821,0.000989296,0.032828189
2017-11-28,1.058411479,0.000980499,0.186184809,0.04715541
2017-11-29,0.000257614,0.000128807,0.000128807,0.072754748
2017-11-30,0.464726031,0.121824503,0.821844518,0.109338865
2017-12-01,0.000457405,0.213663816,0.000228703,0.000228703
2017-12-02,0.027586589,0.00026693,0.00026693,0.00026693
2017-12-03,0.184429631,0.000112799,0.000112799,0.000112799
2017-12-04,0.002230561,0.00111528,0.00111528,0.00111528
2017-12-05,1.098887205,0.001134654,0.001134654,0.10198462
2017-12-06,0.142323613,0.072656289,0.499393493,0.000592519
2017-12-07,1.037414312,0.018366719,0.358665496,0.889408708
2017-12-08,0.001805953,0.41058588,0.158412218,0.000902976
2017-12-10,0.00097173,0.09075278,0.000485865,0.893600225
2017-12-11,0.903517663,0.211204678,0.398146212,0.019075954
2017-12-12,0.72531414,2.04041028,1.412458897,0.070908219
2017-12-13,0.168462902,0.000991826,0.14021267,0.026306482
2017-12-14,0.838070631,0.001670484,0.207672954,0.001670484
2017-12-15,0.221622884,0.068878546,0.000912004,0.09627258
2017-12-16,0.154950604,0.0004882,0.0004882,0.0004882
2017-12-17,0.038318112,0.067643583,0.08137574,0.000284089
2017-12-18,0.486242592,0.167245552,0.216610014,0.338367701
2017-12-19,0.479204863,0.084432326,1.021976352,0.002976869
2017-12-20,0.001356213,0.000678106,0.19603546,0.000678106
2017-12-21,0.297692031,0.001456794,0.700882912,0.080726333
2017-12-22,0.461817384,0.000488253,0.109476462,0.000488253
2017-12-23,0.271624506,0.000279919,0.000279919,0.048509352
2017-12-28,0.000755994,0.000377997,0.138963073,0.184732661
2017-12-29,0.029314382,0.000401865,0.067138337,0.153249979
2017-12-31,0.000650826,0.000325413,0.000325413,0.000325413
2018-01-03,0.127711952,0.300809979,0.251532376,0.030342324
2018-01-04,0.002385488,0.207896784,0.109649122,0.371978849
2018-01-05,0.423558831,0.000699448,0.087793902,0.170553192
2018-01-06,0.708473742,0.000182729,0.000182729,0.023349209
2018-01-07,0.054610077,0.000145639,0.000145639,0.000145639
2018-01-08,0.213424057,0.155929849,0.150241941,0.039847609
2018-01-09,0.089496031,0.000529135,0.533285797,0.098054685
2018-01-10,1.622283578,0.001877515,0.263190031,0.36124891
2018-01-11,0.520788968,0.236572564,0.401114911,0.08237379
2018-01-12,1.3671453,0.060387604,0.09917672,0.06723503
2018-01-15,0.053424906,0.0479264,0.049502052,0.000585457
2018-01-17,0.56184113,0.126643091,1.085548997,0.071897477
2018-01-18,0.106238782,0.222037151,0.733700931,0.044323597
2018-01-19,0.309811711,0.000903688,0.000903688,0.324880004
2018-01-20,0.064813316,0.00050699,0.099583082,0.31314221
2018-01-21,0.036840312,0.000149368,0.187625811,0.000149368
2018-01-22,0.727488875,0.067902192,0.001181744,0.037893228
2018-01-23,0.818547606,0.079041198,0.123421066,0.037406642
2018-01-24,0.08485391,0.160299689,0.001215865,0.001215865
2018-01-25,0.401958466,0.024433266,0.001991626,0.056713082
2018-01-26,0.105020903,0.147910625,0.132877067,0.04076419
2018-01-29,0.414551526,0.00131782,0.161867619,0.026962096
2018-01-30,0.7075454,0.000266978,0.021731051,0.024872484
2018-01-31,0.001497406,0.000748703,0.628104866,0.063488908
2018-02-01,0.024115866,0.000197158,0.000197158,0.000197158
2018-02-02,0.001538696,0.000769348,0.211289793,0.000769348
2018-02-03,0.000603447,0.000301724,0.000301724,0.393485069
2018-02-05,0.360646904,0.000675648,0.154294267,0.000675648
2018-02-06,0.397315741,0.049638327,0.158906087,1.609167933
2018-02-07,0.725550294,0.000921649,0.188216195,0.092899509
2018-02-08,0.003590121,0.000147195,0.000147195,0.021696176
2018-02-09,0.19340311,0.000478958,0.075415775,0.000478958
2018-02-13,0.492581248,0.001591678,0.060531184,1.422515869
2018-02-14,0.362450123,0.000795844,0.388703585,0.220539704
2018-02-15,0.453383476,0.000208536,0.000208536,0.000208536
2018-02-16,0.280519485,0.105935082,0.000508333,0.275648266
2018-02-18,0.044439759,0.00029965,0.00029965,0.010626232
2018-02-19,0.028061332,0.000257652,0.000257652,0.010584232
2018-02-20,0.000354273,0.195667952,0.212739229,0.000177136
2018-02-21,0.10511525,0.261059433,0.388964087,0.114719324
2018-02-22,0.14527449,0.021090517,0.212269783,0.054200877
2018-02-23,0.162176758,0.218879476,0.2286378,0.225808978
2018-02-24,0.146366492,0.000168872,0.064966679,0.000168872
2018-02-26,0.155062988,0.032543156,0.000403227,0.050177187
2018-02-27,0.190818384,0.025411386,0.062198691,0.204227984
2018-02-28,0.772102535,0.001928889,0.091390774,0.134631649
2018-03-01,0.024801662,0.00028184,0.497814506,0.00028184
2018-03-02,0.12454994,0.000863669,0.171218678,0.000863669
2018-03-04,0.000468458,0.000234229,0.245316282,0.044877291
2018-03-05,0.001482066,0.056615908,0.268185467,0.021429105
2018-03-06,0.518399835,0.056438405,0.000559863,0.19557099
2018-03-07,0.855133116,0.147420287,0.592622936,0.634765089
2018-03-08,0.001286864,0.007375854,0.221288681,0.037733849
2018-03-09,0.020689301,0.03184827,0.000722084,0.052813102
2018-03-10,0.000447333,0.031700045,0.000223667,0.000223667
2018-03-12,0.000870308,0.000435154,0.000435154,0.000435154
2018-03-13,1.044683456,0.164649382,0.102655008,0.090074167
2018-03-14,0.169137314,0.041970931,0.050382175,0.000573148
2018-03-15,0.398204684,0.379448175,0.000144803,0.000144803
2018-03-16,0.00067261,0.044529729,0.031857494,0.000336305
2018-03-17,0.205631495,0.000765213,0.262148172,0.134556755
2018-03-19,0.531883359,0.06504266,0.001206858,0.672343552
2018-03-20,0.532070756,0.000674472,0.397380203,0.000674472
2018-03-21,0.575334251,0.197701171,0.264520586,0.151205212
2018-03-22,0.055942304,0.037314016,0.6056692,0.056092706
2018-03-23,0.076646827,0.045288067,0.345853955,0.052371617
2018-03-26,0.126838312,0.000476674,0.000476674,0.26904273
2018-03-27,0.049525999,0.020039644,0.307768822,0.09907233
2018-03-28,0.680777192,0.00084927,0.077113487,0.00084927
2018-03-29,1.399772286,0.002670835,0.920321822,0.089653768
2018-04-01,0.000988299,0.00049415,0.198889688,0.00049415
2018-04-03,0.000867816,0.000433908,0.413693964,0.000433908
2018-04-04,0.00072598,0.237873808,0.11250098,0.088640526
2018-04-05,1.689629078,0.17501612,0.762356877,0.080056578
2018-04-06,1.237911105,0.000840257,0.174000949,0.000840257
2018-04-07,0.541385531,0.00026339,0.00026339,0.00026339
2018-04-08,0.503017485,0.000187083,0.000187083,0.000187083
2018-04-09,0.000635316,0.000317658,0.000317658,0.389921993
2018-04-10,0.074862331,0.267383397,0.001863115,0.001863115
2018-04-11,0.896108747,0.00061094,0.055666506,0.024424346
2018-04-12,0.464003325,0.000851228,0.102985159,0.348647237
2018-04-13,0.994695544,0.001318344,0.031132519,0.008943507
2018-04-16,0.001063364,0.000531682,0.811042786,0.000531682
2018-04-17,0.02414014,0.254569918,0.333564639,0.001127803
2018-04-18,0.107570492,0.000684911,0.294905424,0.213882774
2018-04-19,0.314993709,0.068642281,0.407573491,0.002326886
2018-04-20,0.131882071,0.000500127,0.033829208,0.068129763
2018-04-22,0.130868167,0.000108532,0.000108532,0.000108532
2018-04-23,0.000523783,0.092259832,0.142456472,0.551252604
2018-04-24,1.060707331,0.040830739,0.105935611,0.00096185
2018-04-25,0.002096041,0.001048021,0.001048021,0.001048021
2018-04-26,0.553036273,0.000126288,0.020770982,0.000126288
2018-04-27,0.102865644,0.631262124,0.133356735,0.054418888
2018-04-30,0.111971959,0.000896657,0.000896657,0.031369098
2018-05-01,0.035386391,0.000279856,0.000279856,0.000279856
2018-05-02,0.518714964,0.584807992,0.050829642,0.035595361
2018-05-03,0.253890604,0.000568141,0.000568141,0.000568141
2018-05-04,0.03501267,0.001166374,0.786168873,0.001166374
2018-05-05,0.026575757,0.000294293,0.000294293,0.000294293
2018-05-06,0.098523945,0.00054839,0.00054839,0.091868751
2018-05-07,0.000417031,0.10586784,0.372265905,0.000208515
2018-05-08,0.000506764,0.000253382,0.000253382,0.236303777
2018-05-09,0.055119738,0.361106664,0.131258562,0.006692484
2018-05-10,0.353134364,1.226596951,0.040544953,0.000644155
2018-05-11,0.219766304,0.013366665,0.161386982,0.041719276
2018-05-14,0.130260736,0.001025881,0.164507329,0.001025881
2018-05-15,0.068391874,0.147521555,0.183355153,0.001011671
2018-05-16,0.563975096,0.023012729,0.67719394,0.035668422
2018-05-17,0.000351442,0.108686931,0.000175721,0.013210613
2018-05-18,0.458609194,0.000747937,0.38789624,0.134600073
2018-05-20,0.000645521,0.000322761,0.227271676,0.000322761
2018-05-21,0.30439949,0.000694828,0.040314384,0.058483958
2018-05-22,0.001113446,0.04075513,0.730128407,0.000556723
2018-05-23,0.055092644,0.44938314,0.618819237,0.002503418
2018-05-24,0.553866148,0.000822976,0.151070565,0.000822976
2018-05-25,0.078252777,0.000274676,0.000274676,0.008535536
2018-05-29,0.199859843,0.001079839,0.285334408,0.147813588
2018-05-30,0.638435781,0.000764684,0.335312724,0.000764684
2018-06-01,0.043149326,0.235904306,0.329632699,0.02211125
2018-06-03,0.000406324,0.28057763,0.162100583,0.000203162
2018-06-04,0.001703125,0.000851563,0.000851563,0.000851563
2018-06-05,0.015648838,0.00153128,0.040121641,0.00153128
2018-06-06,0.554126441,0.00044503,0.00044503,0.00044503
2018-06-07,0.004241243,0.002120622,0.598437071,0.023106845
2018-06-08,0.058951065,0.060763489,0.11653778,0.031305209
2018-06-09,0.081811845,0.020355005,0.006613585,0.132547408
2018-06-10,0.052496031,0.000350888,0.123485826,0.013308486
2018-06-11,0.218369514,0.000270364,0.000270364,0.000270364
2018-06-12,0.449966818,0.000385227,0.0063318,0.000385227
2018-06-13,0.340927482,0.091392159,0.823090255,0.025579106
2018-06-14,0.097606339,0.438134015,0.724336088,0.023890555
2018-06-15,0.002493939,0.142217174,0.410247922,0.001246969
2018-06-20,0.837526262,0.078222819,0.383972645,0.060118571
2018-06-21,0.333133221,0.402117074,1.011919022,0.001352124
2018-06-23,0.031107692,0.000214116,0.000214116,0.000214116
2018-06-25,0.423542202,0.061537534,0.00054099,0.082356863
2018-06-26,1.468183994,0.103872597,0.396320701,0.346965671
2018-06-27,0.76020658,0.000679408,0.62293911,0.000679408
2018-06-28,0.077042483,0.00061166,0.115977421,0.151416451
2018-06-29,0.009580933,0.024520673,0.292610556,0.000104781
2018-07-02,0.520397842,0.001461542,0.403030127,0.064022876
2018-07-03,0.000607291,0.000303645,0.000303645,0.000303645
2018-07-04,0.000713362,0.279470205,0.000356681,0.000356681
2018-07-05,0.000958871,0.000479436,0.551349342,0.000479436
2018-07-06,0.533663273,0.156239524,0.111453608,0.001113477
2018-07-07,0.0010969,0.00054845,0.00054845,0.00054845
2018-07-09,0.058052208,6.56324E-05,6.56324E-05,0.074266709
2018-07-10,2.647588253,0.000478858,0.259979218,0.000478858
2018-07-11,0.000835306,0.000417653,0.000417653,0.975688815
2018-07-12,0.269607276,0.03342342,0.109351382,1.31938684
2018-07-13,0.155189008,0.000466697,0.214273289,0.736956894
2018-07-15,0.010909205,0.007196755,0.000299497,0.374404669
2018-07-16,0.001226357,0.452235401,0.000613179,0.103750549
2018-07-17,0.047916908,0.000447486,0.000447486,0.000447486
2018-07-18,0.001698697,0.060027868,0.08631108,0.000849349
2018-07-19,1.521537781,0.000877901,0.306619495,0.168028489
2018-07-20,1.290870905,0.001127693,0.109237313,0.119847387
2018-07-23,1.044477463,0.000546928,0.40413782,0.071155965
2018-07-24,0.000197706,9.88529E-05,9.88529E-05,0.625439584
2018-07-25,0.053766683,0.001302402,0.001302402,0.008529755
2018-07-31,0.015910519,0.007394667,0.170413896,0.000414344
2018-08-01,0.224476963,0.000803774,0.165755659,0.388564199
2018-08-02,0.379987091,0.168537796,0.224556416,0.051190425
2018-08-03,0.233265191,0.007151415,0.073184296,0.130647629
2018-08-05,0.000910053,0.147172019,0.000455027,0.000455027
2018-08-07,0.480262518,0.000747189,0.023769584,1.458103061
2018-08-08,0.394721717,0.083322316,0.117170602,2.038790703
2018-08-09,0.203520417,0.023348259,0.060185228,0.061926946
2018-08-10,0.000910531,0.052636106,0.579400778,0.000455266
2018-08-14,0.059622157,0.016892822,0.000226397,0.000226397
2018-08-15,1.080245376,0.01802144,0.083479062,0.410208762
2018-08-16,2.023666382,0.001199403,0.338293076,0.327350676
2018-08-17,0.221252471,0.00027799,0.00027799,0.00027799
2018-08-20,1.011205554,0.000605232,0.484263331,0.178059042
2018-08-21,1.25867033,0.002137162,0.195055857,0.649729133
2018-08-22,0.445091009,0.000370199,0.074929982,0.157445341
2018-08-23,0.328455895,0.06168849,0.341593802,0.104024321
2018-08-24,0.177455872,0.000746841,0.000746841,0.172897756
2018-08-25,0.399818748,0.000492407,0.000492407,0.083794281
2018-08-26,0.793741822,0.000818005,0.37995863,0.000818005
2018-08-28,0.429971993,0.246242464,0.535093188,0.085925035
2018-08-29,0.215973318,0.000107659,0.007300322,0.026822252
2018-08-30,1.368852615,0.017658625,0.000758171,0.543011665
2018-08-31,0.064344347,0.000109103,0.000109103,0.101948768
2018-09-01,0.000748212,0.113946125,0.000374106,0.000374106
2018-09-02,0.000414756,0.648122609,0.000207378,0.027717318
2018-09-03,0.000400335,0.078540049,0.000200167,0.138348117
2018-09-04,0.000497274,0.501734436,0.000248637,0.000248637
2018-09-05,0.045532994,0.569891274,0.248958245,0.000697207
2018-09-06,0.507503808,0.27504757,0.023253689,0.023068374
2018-09-07,0.755978346,0.608947694,0.016488289,0.002320653
2018-09-08,0.284421682,0.065574348,0.140653938,0.031100931
2018-09-09,0.574150145,0.5049389,0.014683719,0.000423471
2018-09-10,1.463178277,0.002380037,0.56067121,0.078193448
2018-09-11,0.297798932,0.0010474,0.0010474,0.226128921
2018-09-12,0.02491801,0.000346222,0.000346222,0.557142794
2018-09-13,0.337473959,0.000904992,0.037079595,0.557698965
2018-09-14,0.198775887,0.000322841,0.073328719,0.000322841
2018-09-17,0.000620751,0.096302718,0.046810132,0.000310376
2018-09-18,0.440754712,0.00081151,0.370633364,0.00081151
2018-09-19,0.331606477,0.127628431,0.131285414,0.088901535
2018-09-20,0.142412901,0.001533339,0.59684509,2.067900181
2018-09-21,0.266095608,0.000670439,0.529427469,0.062951863
2018-09-23,0.000423629,0.000211815,0.000211815,0.000211815
2018-09-24,0.00962599,0.025063165,0.559284806,0.000730922
2018-09-25,0.336968362,0.113390818,0.392115802,0.001445896
2018-09-26,0.003661488,0.001830744,0.096222073,0.001830744
2018-09-27,0.380674511,0.000264364,0.034704234,0.000264364
2018-09-28,0.418876827,0.067894027,0.122720666,0.000705326
2018-10-01,0.464296252,0.00778772,0.097390085,0.247358188
2018-10-02,0.021281036,0.02751085,0.111409664,0.031843986
2018-10-03,0.141568035,0.000719221,0.904379606,0.000719221
2018-10-04,0.000895008,0.000447504,0.095047936,0.000447504
2018-10-05,0.562127352,0.000437889,0.055675685,0.261644423
2018-10-07,0.000482312,0.034707848,0.193837643,0.000241156
2018-10-08,0.032273442,0.707290053,1.557268739,0.02310699
2018-10-09,1.882145047,0.526064515,1.398043156,0.044864159
2018-10-10,1.048674345,0.138222367,0.690601528,0.32471478
2018-10-11,0.000657164,0.083367281,0.219968021,0.234198108
2018-10-12,0.001033992,0.126672909,0.042091824,0.000516996
2018-10-15,0.587816477,0.306687027,0.489774942,0.73162508
2018-10-16,0.49189496,0.021101039,0.325723469,0.000551073
2018-10-17,1.206191182,0.356690973,0.550012171,0.033255674
2018-10-18,0.934003592,0.039200526,0.356041968,0.292714685
2018-10-19,0.191742614,0.000634262,0.090636648,0.000634262
2018-10-20,0.704811096,0.030252293,0.000778426,0.266976446
2018-10-21,0.56856364,0.000232936,0.000232936,0.100081407
2018-10-23,0.462332159,0.000696744,0.254076004,0.073390462
2018-10-24,0.615856528,0.098263904,0.093544185,0.157007739
2018-10-25,0.391516924,0.099180259,0.583895564,0.002052179
2018-10-26,1.348777056,0.000781718,0.404030889,0.009435611
2018-10-27,0.000548278,0.000274139,0.069726758,0.141153082
2018-10-28,0.637182832,0.000238551,0.000238551,0.052693501
2018-10-29,0.014899157,0.000839589,0.000839589,0.095574617
2018-10-30,1.303312778,0.01689457,0.316649437,0.580237329
2018-10-31,0.752067804,0.030535508,1.050188065,0.135537699
2018-11-01,0.001425341,0.53297168,0.266480744,0.000712671
2018-11-02,1.412675619,0.001750334,0.122591712,0.001750334
2018-11-04,0.165938571,0.000110291,0.000110291,0.000110291
2018-11-05,0.039324239,0.000577383,0.000577383,0.195207343
2018-11-06,0.111091129,0.000502096,0.199472368,0.000502096
2018-11-07,0.878685057,0.000468676,0.192669019,0.000468676
2018-11-08,0.050751183,0.016219221,0.051063698,0.00013214
2018-11-09,1.052495837,0.058598798,0.145801082,0.100748345
2018-11-12,0.034050908,0.00029813,0.329166561,0.00029813
2018-11-13,0.174941197,0.124824829,1.144353747,0.647896588
2018-11-14,0.591428339,0.043605324,0.761597514,1.437041044
2018-11-15,0.268971056,0.320771277,0.303462595,1.276653409
2018-11-16,0.723888576,0.009420268,0.417230546,2.066979647
2018-11-17,0.148714975,0.000679714,0.227833316,2.028070927
2018-11-18,0.35660553,0.00032241,0.00032241,0.693056881
2018-11-19,0.035103381,0.08642669,0.000284791,0.039087363
2018-11-20,0.000812697,0.000406348,0.102396116,0.190282181
2018-11-21,0.001958476,0.784060836,0.700642109,0.019933794
2018-11-22,0.230194956,0.589760065,0.645983934,0.099620044
2018-11-23,0.607349515,0.161845714,0.492031366,0.121477179
2018-11-24,0.945107698,0.045958035,0.106100313,0.121410348
2018-11-25,0.374901593,0.000481169,0.000481169,0.000481169
2018-11-26,0.508532047,0.364861757,1.757540822,0.080620907
2018-11-27,0.028387181,1.28615737,0.92458868,0.037698559
2018-11-28,0.163810223,0.066860922,0.720851779,0.175252035
2018-11-29,0.617234826,0.138988271,0.413567036,0.805957437
2018-11-30,0.231617734,0.048557457,0.349378884,0.214046627
2018-12-01,0.02507613,0.049218185,0.004222565,0.004222565
2018-12-02,0.541192174,0.790307045,0.323858917,0.553624809
2018-12-03,0.536206663,1.789448857,1.318026662,0.167259783
2018-12-04,0.59374994,0.62049228,0.971355617,0.002218131
2018-12-05,0.516724825,0.976130724,0.674434721,0.001983806
2018-12-06,1.895058393,0.34902662,0.858192742,0.002809429
2018-12-07,0.387218893,0.353004724,0.198065877,0.000488464
2018-12-08,0.182419613,0.928773224,0.20956561,0.122912452
2018-12-09,0.416387945,0.593809962,0.304794788,0.000728923
2018-12-10,0.316460371,0.42490387,0.504756927,0.158605114
2018-12-11,0.396765739,2.739150047,1.497738957,0.01843245
2018-12-12,0.172661111,2.016167402,0.728667021,0.024290301
2018-12-13,0.579879344,3.574110031,0.704500437,0.273645759
2018-12-14,1.480587959,2.903089046,0.582459986,0.14545235
2018-12-15,0.796764493,2.534182787,0.228136122,0.035329245
2018-12-16,0.036088213,1.296306729,0.507570267,0.047710508
2018-12-17,0.781159401,0.370503604,0.101916663,0.0932886
2018-12-18,0.67137748,0.001418744,0.154641107,0.049208723
2018-12-19,0.330736041,0.133350983,0.659764946,0.152942806
2018-12-26,0.000116685,5.83426E-05,5.83426E-05,0.057037182
2018-12-30,0.257210612,0.000268735,0.000268735,0.000268735
2019-01-01,0.554191947,0.01535354,0.000235253,0.022873327
2019-01-02,0.134941906,0.000107178,0.000107178,0.000107178
2019-01-04,0.046247445,0.000320247,0.000320247,0.000320247
2019-01-07,1.633461952,0.14232479,0.141382575,0.030444998
2019-01-08,0.144821733,0.000207538,0.297750592,0.000207538
2019-01-09,0.26668334,0.001894619,0.392408192,0.544374824
2019-01-10,0.457178712,0.093211628,0.101691164,0.452414393
2019-01-11,0.485337287,0.000655024,0.000655024,0.072714493
2019-01-14,0.656480253,0.000941793,0.52801317,0.000941793
2019-01-15,0.500288963,0.000575871,0.024218632,0.203365773
2019-01-16,1.358792782,0.009191316,0.159591883,0.083943732
2019-01-17,0.045465272,0.000326291,0.052628778,0.222777113
2019-01-18,1.316856146,0.001321208,0.268179446,0.018745868
2019-01-19,0.608161092,0.000396461,0.000396461,0.000396461
2019-01-21,0.000433609,0.048126265,0.03425312,0.000216805
2019-01-22,0.309584737,0.097169124,0.217686787,0.061667148
2019-01-23,0.768122613,0.09726797,0.001369282,0.001369282
2019-01-24,0.522017002,0.145428061,0.082500741,0.018041395
2019-01-25,0.873262167,0.002074753,0.59870559,0.068276994
2019-01-26,0.07286422,0.000136201,0.052924477,0.000136201
2019-01-27,0.204803899,0.000547196,0.000547196,0.000547196
2019-01-28,0.141695842,0.001116215,0.31058526,0.053787973
2019-01-29,0.239525676,0.000356202,0.109179795,0.282678813
2019-01-30,0.619923472,0.00071706,0.671092689,0.253669024
2019-01-31,0.001440524,0.183985993,0.303885311,0.000720262
2019-02-01,1.081618071,0.032875683,0.236206681,0.144035935
2019-02-04,0.000483846,0.000241923,0.000241923,0.184433848
2019-02-05,1.932906628,0.078937873,0.134854317,0.230882138
2019-02-06,0.750160456,0.199649736,0.127538711,0.236331224
2019-02-07,1.122582436,0.113783464,1.71544528,0.036858886
2019-02-08,0.001283709,0.000641855,0.319215417,0.000641855
2019-02-09,0.122871704,0.000270729,0.000270729,0.000270729
2019-02-10,0.137169555,0.000520957,0.000520957,0.015325272
2019-02-11,0.000697197,0.000348598,0.000348598,0.010127546
2019-02-12,1.084331274,0.076874092,0.953793764,0.117075235
2019-02-13,0.467252195,0.000777685,0.000777685,0.000777685
2019-02-14,0.173109531,0.001071253,0.148533061,0.149871215
2019-02-15,0.65166229,0.09116105,0.030475168,0.044321168
2019-02-17,0.085634738,0.000111542,0.000111542,0.000111542
2019-02-18,0.0856307,0.000111542,0.000111542,0.000111542
2019-02-19,0.331697851,0.000733179,0.153557166,0.159089863
2019-02-20,1.146315813,0.001120375,0.109317057,0.001120375
2019-02-21,0.504093289,0.076594569,0.344233274,0.000772439
2019-02-22,0.270738006,0.028517382,0.123497337,0.001813161
2019-02-23,0.587524652,9.51624E-05,0.017876886,0.012790306
2019-02-25,0.224375337,0.416061938,0.000755295,0.0390701
2019-02-27,1.459256172,0.035855543,0.193738759,0.173806041
2019-02-28,1.09023869,0.000751667,0.52178067,0.000751667
2019-03-01,1.046227574,0.001145453,0.511885226,0.062635198
2019-03-02,0.818527877,0.000269551,0.036407158,0.02787705
2019-03-04,0.006889193,0.067298971,0.32950291,0.57293129
2019-03-05,2.676478386,0.058659606,1.077353835,0.102051795
2019-03-06,0.26262942,0.000667387,0.000667387,0.016152641
2019-03-07,0.119408168,0.069486104,0.196044594,0.096058369
2019-03-08,0.015302544,0.000231356,0.053858165,0.000231356
2019-03-10,1.388217688,0.04221195,0.553628206,0.007685713
2019-03-11,0.048318908,0.100811951,0.00051388,0.00051388
2019-03-12,0.158718988,0.079489641,0.419821709,0.125361368
2019-03-13,0.329906702,0.112251878,0.927652717,1.222907066
2019-03-14,1.025732398,0.001503445,0.510535359,0.056452628
2019-03-15,0.362058222,0.144082561,0.177797243,0.167213187
2019-03-16,0.113876909,0.032405112,0.067802407,0.14410755
2019-03-18,0.450815797,0.052383278,0.66846174,0.173034191
2019-03-19,0.148902684,0.00139471,0.363632172,0.00139471
2019-03-20,1.755050063,0.005366813,0.629984319,0.002343528
2019-03-21,1.850643635,0.023026951,0.283946693,0.718809545
2019-03-22,0.132325873,0.000435546,0.058205117,0.254422128
2019-03-24,0.007201197,0.000209712,0.000209712,0.000209712
2019-03-25,0.848159552,0.000230845,0.000230845,0.000230845
2019-03-26,2.638772249,0.219584078,0.581239104,0.570982397
2019-03-27,1.445080042,0.001476983,0.122516729,1.677452803
2019-03-28,1.217618227,0.060173508,0.756674051,0.068512574
2019-03-29,0.398193717,0.000297316,0.030253587,0.112822965
2019-03-30,0.001601935,0.129187211,0.229810074,0.075471438
2019-04-01,0.323963583,0.000442497,0.134157956,0.000442497
2019-04-02,0.580740333,0.095119558,0.399564862,0.394498199
2019-04-03,0.054457806,0.037483819,0.152055815,0.369456768
2019-04-04,0.389064401,0.001341831,0.204748645,0.548424244
2019-04-05,0.314781427,0.100978859,0.766439557,0.166236266
2019-04-07,0.000555922,0.000277961,0.000277961,0.000277961
2019-04-08,0.336545706,0.425783336,0.001000243,0.10264302
2019-04-09,1.176855326,0.000928462,0.05098968,0.053548343
2019-04-10,1.26938343,0.001241944,0.01402948,0.506848037
2019-04-11,1.955891371,0.056844253,0.21108368,0.110126741
2019-04-12,1.916892767,0.360231727,0.473639667,0.718497038
2019-04-13,0.60942775,0.000284628,0.000284628,0.000284628
2019-04-14,0.517039061,0.000123928,0.017534632,0.000123928
2019-04-15,1.179184675,0.022320287,0.301106364,0.370321989
2019-04-16,0.596362412,0.375247478,0.822752297,0.29551208
2019-04-17,1.909692526,0.165218383,0.421269238,0.214035511
2019-04-18,0.995218813,0.013544939,0.03843103,0.039272327
2019-04-19,0.002558624,0.001279312,0.225702763,0.132067725
2019-04-20,0.016495606,0.000488776,0.115426742,0.000488776
2019-04-21,0.457098246,0.000286049,0.000286049,0.000286049
2019-04-22,1.147496343,0.001561192,0.54852587,0.807393134
2019-04-23,0.496954322,0.067392215,0.11580956,0.257196218
2019-04-24,0.485462189,0.087555692,0.770121574,0.872156024
2019-04-25,2.274177551,0.003081401,0.550186396,1.043882132
2019-04-26,0.61799401,0.201362222,0.435314387,1.61737752
2019-04-28,0.133242622,0.000287865,0.133899778,0.000287865
2019-04-29,2.390370846,0.001560535,0.162980244,0.010200489
2019-04-30,2.066743374,0.002201425,0.357690364,0.006211438
2019-05-01,0.407060564,0.182867005,0.620030701,0.148538217
2019-05-02,1.137726784,0.399224907,0.684480011,0.016544372
2019-05-03,0.972744465,0.001344756,0.617411733,0.073496766
2019-05-04,0.015251577,0.000370636,0.154565141,0.000370636
2019-05-05,0.673421443,0.019958485,0.000497969,0.000497969
2019-05-06,0.472028732,0.454994798,0.455530107,0.049250886
2019-05-07,0.000997876,0.122863047,0.000498938,0.000498938
2019-05-08,1.332581758,0.002113547,1.693780422,0.198740721
2019-05-09,0.515544832,0.002102236,0.18801859,0.087058268
2019-05-10,1.914690018,0.028066428,0.319792211,0.056391913
2019-05-12,0.583518922,0.166360959,0.000714981,0.000714981
2019-05-13,1.351555943,0.136853099,1.098681569,0.120037101
2019-05-14,1.491618752,0.14780812,0.853317142,0.151059911
2019-05-15,0.867007852,0.027564457,0.420666158,0.071243912
2019-05-16,4.83016634,0.001779029,0.073802978,0.776446342
2019-05-17,4.401131153,0.018983779,1.137286544,0.171890542
2019-05-18,0.574773312,0.000546792,0.149422735,0.01636301
2019-05-19,2.96934104,0.000842804,0.162727371,0.096021369
2019-05-20,2.315437555,0.026535962,0.548794031,0.001048341
2019-05-21,0.059372637,0.182590023,0.327274233,0.076729156
2019-05-22,2.020072699,0.036140643,0.154042095,0.733925581
2019-05-23,1.483925581,0.001543805,0.125482365,0.0566172
2019-05-24,0.288821846,0.100083858,0.376986116,0.057457402
2019-05-25,1.674491405,0.000692964,0.276926428,0.210111737
2019-05-26,1.293881297,0.001426719,0.1400664,0.001426719
2019-05-27,2.357209682,0.0013908,0.078982316,0.0013908
2019-05-28,0.639181077,0.091958299,0.034682892,0.662108123
2019-05-29,0.599713087,0.000903694,0.078473657,0.066063583
2019-05-30,0.296163917,0.064433783,0.058279373,0.074505225
2019-05-31,0.513260543,0.001045991,0.001045991,0.03172829
2019-06-01,0.024212798,0.000143494,0.000143494,0.120507456
2019-06-02,1.258110046,0.000547011,0.000547011,0.032126695
2019-06-03,0.336332649,0.059699729,0.291094869,0.114693582
2019-06-04,1.880342841,0.02422036,0.843080819,0.282852262
2019-06-05,1.378518581,0.088102795,0.479359746,0.091446623
2019-06-06,1.251085997,0.017979944,0.482599437,0.078491434
2019-06-07,0.463007718,0.000648556,0.016889174,0.107302547
2019-06-08,0.575423956,0.000235509,0.000235509,0.025640555
2019-06-09,0.555616915,0.134235725,0.398300856,0.008730472
2019-06-10,0.229194477,0.001455984,0.001455984,0.343864232
2019-06-11,0.218513787,0.061637446,1.233412266,0.002025668
2019-06-12,0.885465562,0.063808151,0.747361422,0.033137877
2019-06-13,0.184540972,0.001353926,0.447063893,0.074496672
2019-06-14,1.064438581,0.114084303,0.143022388,0.327859491
2019-06-15,0.987051129,0.240161777,0.273969859,0.015790107
2019-06-16,0.7488814,0.000510409,0.000510409,0.085307747
2019-06-17,0.380110562,0.177590266,0.233349264,0.138076454
2019-06-18,0.753491819,0.556933761,1.478675008,0.413498849
2019-06-19,2.102906227,0.980160892,1.575291038,0.370699137
2019-06-20,1.909629464,0.576922357,1.097067237,0.225472733
2019-06-21,1.414035678,0.001659787,0.702968299,0.469148278
2019-06-22,0.032834012,0.000305494,0.000305494,0.000305494
2019-06-24,0.362282455,0.024308572,0.088349834,0.325377852
2019-06-25,0.153054744,0.523386061,0.557843745,0.503953695
2019-06-26,1.572300196,0.004484887,0.46141547,0.239280462
2019-06-27,0.79865396,1.27830267,2.073792934,0.128332019
2019-06-28,2.11694932,0.003850423,0.225704446,0.365739822
2019-06-29,0.019539233,0.330525637,0.022191921,0.035787053
2019-06-30,0.265643328,0.000406823,0.035120774,0.772479296
2019-07-01,0.410357416,0.133365467,0.757788062,0.416678101
2019-07-02,0.282155484,0.160666853,0.545206845,0.000963987
2019-07-03,0.439213514,0.295981854,0.068938695,0.346898019
2019-07-04,0.169397235,0.107892089,0.21534355,1.314237475
2019-07-05,0.001437515,0.000718758,0.07543239,0.059608497
2019-07-06,0.477710754,0.000236968,0.069651231,0.000236968
2019-07-08,0.795018792,0.09599071,0.220539361,0.048185907
2019-07-09,1.823226571,0.240577221,1.203411937,0.042229552
2019-07-10,0.676045835,0.002582972,0.002582972,0.002582972
2019-07-11,0.943709075,0.005471109,0.261939645,0.635062277
2019-07-12,1.207918167,0.08155679,0.14331077,1.909712434
2019-07-13,0.534882843,0.000358677,0.000358677,1.458818078
2019-07-15,0.325319558,0.045137253,0.675256431,0.002326898
2019-07-16,0.41138196,0.034317937,0.001081325,0.001081325
2019-07-17,0.847741187,0.116870329,0.043045327,0.10638503
2019-07-18,1.248356819,0.077924825,0.312552661,0.023707164
2019-07-19,0.551457882,0.000460096,0.016548607,0.018295052
2019-07-20,0.547084212,0.000330835,0.000330835,0.045903388
2019-07-22,1.52824533,0.001045929,0.325353116,0.061194848
2019-07-23,0.958918929,0.074278623,0.354927421,0.030734332
2019-07-24,0.550488114,0.000911707,0.238683254,0.680124283
2019-07-25,0.611149311,0.024448901,0.479582131,1.20260179
2019-07-26,0.855319917,0.001024723,0.001024723,0.334101409
2019-07-28,0.058487475,0.23504214,0.148257717,0.000499125
2019-07-29,1.360559344,0.039139256,0.318913847,0.002212767
2019-07-30,0.035906278,0.000904928,0.119498193,0.000904928
2019-07-31,0.791179836,0.000886695,0.000886695,0.009647786
2019-08-01,1.586879134,0.027161444,0.068567485,0.464265704
2019-08-02,0.777945399,0.0070853,0.001330271,0.001330271
2019-08-03,0.000479749,0.000239874,0.049566716,0.000239874
2019-08-05,0.000731491,0.116746977,0.267069519,0.000365745
2019-08-06,0.053465873,0.000762845,0.351561874,0.728317142
2019-08-07,0.321595252,0.000788764,0.346366167,0.294066191
2019-08-08,0.019644354,0.011155121,0.301887572,0.357024997
2019-08-09,0.643198073,0.203227431,0.116453625,0.034890883
2019-08-10,0.001296068,0.000648034,0.087986857,0.000648034
2019-08-12,1.073572159,0.190221235,0.19026342,0.81124866
2019-08-13,0.200169683,0.11053329,0.234745666,0.864103675
2019-08-14,0.491302639,0.314822078,0.767403424,1.636005521
2019-08-15,0.63284415,0.430427432,0.237504303,0.167067364
2019-08-16,0.190673441,0.312852412,0.348408312,0.000603117
2019-08-17,0.051846143,0.076051638,0.000221378,0.000221378
2019-08-18,0.202066451,0.043324057,0.000591819,0.057222702
2019-08-19,0.367680073,0.00073981,0.00073981,0.118910581
2019-08-20,0.025776457,0.317308426,0.283363551,0.241737485
2019-08-21,1.259611368,0.078688093,0.001090674,0.112061314
2019-08-22,1.062233686,0.111465424,0.17097038,0.391777754
2019-08-23,0.805793345,0.196355432,0.276786,0.788862944
2019-08-24,0.230555788,0.002828574,0.002828574,0.567666709
2019-08-25,1.09452486,0.024840152,0.208802909,0.925391018
2019-08-26,0.883412421,0.143368751,0.074471988,0.709064305
2019-08-27,0.038093682,0.000836798,0.000836798,0.118981652
2019-08-28,0.667292893,0.11147622,0.242616355,0.506557822
2019-08-29,1.427988291,0.113762595,1.250383258,0.572591126
2019-08-30,0.032448817,0.134211361,1.246379495,0.189540252
2019-08-31,0.007078544,9.40439E-05,9.40439E-05,0.001864465
2019-09-01,0.00083411,0.097115122,0.072989516,0.000417055
2019-09-03,0.979968727,0.031810429,0.559596956,1.464495897
2019-09-04,1.362785578,0.453275979,0.411554486,0.203848138
2019-09-05,1.18756187,0.211678609,0.944497705,0.814837694
2019-09-06,1.174381375,0.036307517,0.110370904,0.346918732
2019-09-07,0.068332069,0.000595945,0.014144398,0.065209121
2019-09-08,0.574560583,0.000370598,0.000370598,0.000370598
2019-09-09,0.913311899,0.001980865,0.537273586,1.271289349
2019-09-10,0.857076764,0.137977794,0.593783796,0.171334013
2019-09-11,2.097973824,0.041394185,0.475759268,0.057692882
2019-09-12,1.283863425,0.02504262,0.324288249,0.023509579
2019-09-13,1.309370399,0.28958714,0.255604118,0.301998943
2019-09-14,0.127284661,0.093825921,0.07731051,0.797013402
2019-09-15,0.681845486,0.001125023,0.045624524,0.237809643
2019-09-16,1.238266706,0.27986303,0.097216852,0.292027205
2019-09-17,1.398431301,0.220950186,0.370280385,0.043804016
2019-09-18,1.165350318,1.148183703,1.122117162,0.136441842
2019-09-19,1.888258457,0.465904981,0.744940102,0.320295125
2019-09-20,1.789688349,0.176482052,1.017052412,0.254006147
2019-09-21,0.937865078,0.117526256,0.107197471,0.113702983
2019-09-22,0.113490492,0.499997586,0.777033746,0.001139867
2019-09-23,0.578992188,1.443546414,3.122783899,0.321290404
2019-09-24,1.554601312,0.476596266,0.831722677,0.827861726
2019-09-25,0.859400332,0.776438355,0.938026547,0.084484331
2019-09-26,1.197571397,0.052480325,0.217505679,0.502846658
2019-09-27,1.222937942,0.133348003,0.654067934,0.406457335
2019-09-28,0.164442435,0.000219899,0.000219899,0.000219899
2019-09-29,0.104058884,0.062000774,0.027520359,0.729382038
2019-09-30,1.528441906,0.030823085,0.711658716,0.027527317
2019-10-01,0.483091503,0.000344763,0.000344763,0.866532624
2019-10-02,0.835451007,0.036375497,0.249601379,0.210355818
2019-10-03,0.028370962,0.160371587,1.345328093,0.046519745
2019-10-04,0.61554867,0.680074573,0.941124558,0.5177688
2019-10-05,0.170129538,0.000417024,0.000417024,0.14013043
2019-10-06,0.06006312,0.000450224,0.156973869,0.041293189
2019-10-07,0.655395091,0.004172723,0.4492535,0.200383574
2019-10-08,0.894489348,0.002932543,0.495968729,0.046853088
2019-10-09,1.39619112,0.06079733,2.265948296,0.484508336
2019-10-10,0.631763041,0.189959228,0.85855341,0.491960943
2019-10-11,1.418148398,0.001164759,0.196512863,0.11440108
2019-10-12,0.002918033,0.001459017,0.328240454,0.028650725
2019-10-13,0.088329151,0.107326061,0.042300127,0.383753151
2019-10-14,1.030238628,0.194894806,0.332623988,0.655501008
2019-10-15,1.441844702,0.542325616,0.972621024,0.046830513
2019-10-16,1.1443398,0.166574657,0.396328449,0.25982371
2019-10-17,0.095985562,0.002392365,0.094863147,0.412677914
2019-10-18,0.481673688,0.202614889,0.73285234,0.025452379
2019-10-19,1.112960219,0.001047046,0.001047046,0.290387481
2019-10-20,0.645134449,0.000166844,0.000166844,0.016651457
2019-10-21,2.389739752,0.007009759,0.209546924,0.082288221
2019-10-22,2.276017189,0.029720284,0.437676668,0.211500078
2019-10-23,1.027537584,0.001168357,0.255267113,0.046197407
2019-10-24,1.624894381,0.048241489,0.003275773,0.237187758
2019-10-25,0.831095219,0.421471059,0.421745449,0.044520903
2019-10-26,0.000206632,0.000103316,0.004113724,0.713178754
2019-10-27,0.019171014,0.000232734,0.000232734,0.000232734
2019-10-28,0.036681116,0.002038591,0.08030279,0.801660478
2019-10-29,1.195828915,0.208927721,0.404028326,0.563349128
2019-10-30,1.445177078,0.294160068,0.551737785,0.660010874
2019-10-31,1.204981804,0.197523996,1.495139956,0.793540597
2019-11-01,0.79500258,0.26944381,1.008337259,0.756243348
2019-11-02,0.001379895,0.000689948,0.000689948,0.000689948
2019-11-03,0.089907654,0.000386985,0.046422746,0.002517169
2019-11-04,1.857290387,0.451230228,0.118227139,0.278447837
2019-11-05,1.920406103,1.261657476,1.566627145,0.215625688
2019-11-06,0.564684868,0.449774295,0.413149685,0.859220207
2019-11-07,1.503104448,0.375137419,1.841915965,0.476496726
2019-11-08,2.095561028,0.100594386,0.618125141,0.64948231
2019-11-10,0.531359911,0.035465408,0.436865062,0.259600043
2019-11-11,0.477139235,0.186675549,0.02727928,0.581731915
2019-11-12,1.623296738,0.09822274,0.209418401,2.391248703
2019-11-13,1.338775873,0.223795027,0.65587306,1.226577282
2019-11-14,2.421103001,0.162997335,1.042586207,2.109228611
2019-11-15,0.593806386,0.001702374,0.001702374,1.505551338
2019-11-16,0.000702536,0.000351268,0.116797246,0.000351268
2019-11-17,0.000620578,0.000310289,0.000310289,0.232856244
2019-11-18,0.833901763,0.182475492,0.239149988,1.195208549
2019-11-19,0.30459094,0.086018436,0.00277742,0.746909142
2019-11-20,0.670661688,1.1375103,1.137687922,0.296536565
2019-11-21,0.308066726,0.087211534,0.085992038,0.790859878
2019-11-22,0.089199066,0.041147172,0.500280857,0.490230441
2019-11-23,0.079451859,0.000392404,0.000392404,0.000392404
2019-11-24,0.733710825,0.000644249,0.000644249,0.004702327
2019-11-25,0.704845846,0.410150379,0.776797295,0.171093151
2019-11-26,0.250410646,0.560277283,1.305824161,0.116837509
2019-11-27,0.63034451,0.875219822,1.091858625,0.318283141
2019-11-28,0.321878105,0.186256632,0.587612033,0.421879023
2019-11-29,0.137522519,0.191465899,0.408459216,0.706160009
2019-11-30,1.370603442,0.0222723,0.000579016,0.421347111
2019-12-01,0.024178399,0.520195365,0.378435493,0.396220744
2019-12-02,1.005940795,2.035921574,1.112694621,0.24638319
2019-12-03,0.004762896,0.621513665,0.504542947,0.748042107
2019-12-04,0.094390355,0.100841828,0.608494222,0.001130878
2019-12-05,3.204022408,0.00512254,0.447019786,1.443237543
2019-12-06,0.700259089,0.285758555,0.240629584,1.473904729
2019-12-07,0.001506408,0.121136874,0.000753204,0.000753204
2019-12-08,0.079405241,0.000880282,0.114419438,0.532420158
2019-12-09,0.776864469,1.465137959,0.568675995,2.385244846
2019-12-10,1.661535859,1.394154668,1.589375734,0.942598999
2019-12-11,1.666208982,2.139360189,1.106072187,0.879362404
2019-12-12,0.573757946,0.842278481,0.435673743,1.311683774
2019-12-13,0.191105932,1.139094949,0.933293164,0.573689342
2019-12-14,0.002326212,1.815580368,0.29148221,0.135607257
2019-12-15,0.034572158,1.363029122,0.384034097,0.032742701
2019-12-16,0.317080617,0.78250885,0.568919539,0.659995437
2019-12-17,0.544425607,0.072763376,0.58530724,0.785605311
2019-12-18,0.739611089,0.127656072,0.381887019,0.437891275
2019-12-19,0.694136202,0.435395122,0.199962303,1.237047911
2019-12-20,2.707104206,0.500504732,1.216460705,0.826886714
2019-12-22,0.076438889,0.00014092,0.071533613,0.554545701
2019-12-23,0.141823456,0.000843282,0.101622358,0.199656561
2019-12-24,0.490466118,0.01770266,0.12222071,0.223478124
2019-12-25,0.001231418,0.000615709,0.000615709,0.000615709
2019-12-26,0.015273704,0.000181314,0.000181314,0.080947995
2019-12-27,0.419092596,0.000986172,0.000986172,0.307010323
2019-12-29,0.122017175,0.000296696,0.000296696,0.620263338
2019-12-30,0.002849832,0.200490326,0.001424916,0.563198388
2019-12-31,0.699259341,0.042355299,0.042355299,0.339731365
2020-01-01,0.555341125,0.000268582,0.000268582,0.158762649
2020-01-02,1.178319216,0.000813321,0.046078164,1.732200384
2020-01-03,0.928044081,0.001386544,0.09846998,1.372789741
2020-01-04,2.563920498,0.12706548,0.001554702,0.890542686
2020-01-05,0.596134841,0.000547427,0.218551472,1.409704447
2020-01-06,1.622137666,0.060202967,0.519491196,0.695176601
2020-01-07,2.485159636,0.078528635,1.27283287,1.20214057
2020-01-08,0.004122807,0.139989123,0.20579955,1.816863894
2020-01-09,1.168680191,0.143503904,0.286104441,1.895065784
2020-01-10,0.485176891,0.001453765,0.216713861,2.525264978
2020-01-11,0.08490812,0.000860499,0.055284217,1.123140574
2020-01-12,0.761804223,0.000635492,0.060135469,0.998087883
2020-01-13,1.317679882,0.041846436,0.934750676,0.498932511
2020-01-14,0.554445267,0.004181672,0.544771552,2.126251459
2020-01-15,0.953457534,0.067364186,0.961386681,1.176270366
2020-01-16,0.615508258,0.179362684,0.629943788,2.200167656
2020-01-17,0.585761368,0.437211454,0.410004407,1.882377148
2020-01-18,0.000727622,0.000363811,0.052207567,0.000363811
2020-01-19,0.00215101,0.001075505,0.001075505,0.533519506
2020-01-20,0.269834161,0.099760771,1.007341027,1.14523828
2020-01-21,0.731576622,0.234258905,0.309772462,1.744566202
2020-01-22,0.742855549,0.056505643,0.383517444,0.367576599
2020-01-23,1.088948369,0.183661848,0.97035408,1.121386766
2020-01-24,0.967066288,0.243837044,0.721415222,0.278082192
2020-01-26,0.515390754,9.9882E-05,9.9882E-05,0.020473165
2020-01-27,0.994222343,0.163410038,0.237466633,0.053652078
2020-01-28,1.16973269,0.001485887,0.81733793,0.103057645
2020-01-29,0.965278089,0.027669674,0.090831846,0.278372467
2020-01-30,0.519179285,0.009953463,0.744123518,0.699277937
2020-01-31,0.611603022,0.207639754,0.177556932,0.960075498
2020-02-01,0.18733938,0.000174039,0.000174039,0.067914069
2020-02-02,0.736354411,0.000316643,0.000316643,0.015291076
2020-02-03,1.263811231,0.045929365,0.973797321,0.703661144
2020-02-04,0.137793526,0.159364745,0.420475096,0.391682535
2020-02-05,0.778363943,0.00256451,0.207329467,0.027253635
2020-02-06,0.001295491,0.000647745,0.032409642,0.361145616
2020-02-07,0.113010176,0.215466768,0.475437045,0.621632814
2020-02-08,0.000435457,0.000217729,0.000217729,0.000217729
2020-02-09,0.102892175,0.000218696,0.000218696,0.000218696
2020-02-10,0.543365896,0.002928206,0.095114157,0.527847826
2020-02-11,0.626720846,0.075778857,0.145511687,1.853450537
2020-02-12,1.957885981,0.110335574,1.122611046,0.295513034
2020-02-13,1.24661243,0.002835946,0.688126028,1.121153712
2020-02-14,0.107751764,0.048567511,0.048338294,0.001641436
2020-02-15,0.598606944,0.000551049,0.000551049,0.049299911
2020-02-17,0.328988731,0.115721785,0.950666428,0.04433104
2020-02-18,0.943362892,0.025879873,0.6413427,0.05454791
2020-02-19,0.616279185,0.022745019,0.382624388,0.861466765
2020-02-20,1.250670791,0.123549365,0.832218766,1.140269756
2020-02-21,1.242219329,0.203150749,0.722088337,0.282176793
2020-02-23,1.886072397,0.001087619,0.001087619,0.67600286
2020-02-24,0.136020944,0.118009895,0.334447265,0.084426932
2020-02-25,0.793576837,0.02653908,0.415711552,0.221117273
2020-02-26,1.152628779,0.037443817,0.609557033,0.073565654
2020-02-27,1.960965633,0.135280564,0.62551403,0.606919169
2020-02-28,0.685869753,0.001056973,0.080077536,0.045110445
2020-02-29,1.319246411,0.000471383,0.000471383,0.010753141
2020-03-01,0.025888989,0.000357374,0.125151634,0.240339532
2020-03-02,1.410651922,0.211016536,1.200519443,0.196887761
2020-03-03,0.204732597,0.299721777,0.848562837,0.151218936
2020-03-04,1.896105409,0.217493594,1.104684114,0.166889906
2020-03-05,1.130744338,0.121316992,0.884497344,0.1126206
2020-03-06,0.50177902,0.605208278,0.530338049,0.111297481
2020-03-08,0.585960209,9.98745E-05,9.98745E-05,0.100473002
2020-03-09,0.56071955,0.027045269,0.447682738,0.03011037
2020-03-10,0.800235093,0.011707342,0.116931327,0.001094126
2020-03-11,0.236482948,0.000235525,0.044276547,0.000235525
2020-03-12,0.03634169,0.065692686,0.639346778,0.062050261
2020-03-13,0.893019259,0.002721272,0.500632107,0.084739968
2020-03-14,0.001739879,0.00086994,0.00086994,0.00086994
2020-03-15,0.019592514,0.000146644,0.000146644,0.224393591
2020-03-16,0.906546593,0.069462061,0.409070492,0.291794062
2020-03-17,0.061042283,0.000754187,0.042523164,0.094938919
2020-03-18,2.288899899,0.314745963,0.282756925,0.051178295
2020-03-19,0.230036497,0.000425263,0.060792148,0.000425263
2020-03-20,0.000975952,0.060707074,0.000487976,0.000487976
2020-03-22,0.000223746,0.000111873,0.000111873,0.000111873
2020-03-23,0.000223746,0.000111873,0.000111873,0.000111873
2020-03-24,0.046382073,0.198170796,0.26552847,0.033909637
2020-03-25,0.043062471,0.000238147,0.047256481,0.000238147
2020-03-26,0.312275231,0.195565894,0.78236115,0.136416107
2020-03-27,0.171236798,0.035460785,0.735476136,0.038107451
2020-03-30,0.000816646,0.053590115,0.545107484,0.000408323
2020-03-31,0.630150199,0.001498557,0.739298463,0.530270219
2020-04-01,0.067045078,0.000446462,0.639005303,0.057165638
2020-04-03,0.066616327,0.082163595,0.378463507,0.302725583
2020-04-06,0.707962513,0.000549707,0.028085295,0.000549707
2020-04-07,0.000830877,0.000415438,0.115641519,0.076993532
2020-04-08,0.483051926,0.089171186,0.000703982,0.247030407
2020-04-09,0.017940108,0.153470874,0.251170039,0.09980154
2020-04-13,0.725499094,0.160847113,0.220329285,0.232558697
2020-04-14,0.045209236,0.000778792,0.07848499,0.089718722
2020-04-15,0.834456682,0.001938235,0.503028512,0.0629673
2020-04-16,0.389903516,0.00073169,0.605700195,0.016939795
2020-04-17,0.697703481,0.001057756,0.025335832,0.032031398
2020-04-20,0.371329397,0.001233893,0.220449746,0.183572173
2020-04-21,0.554843962,0.001584881,0.098729782,0.46402204
2020-04-22,1.498198032,0.219574004,1.835623622,0.161624745
2020-04-23,0.2036708,0.000749703,0.495310873,0.000749703
2020-04-24,0.335423201,0.028503777,0.283094525,0.00084071
2020-04-25,0.000667084,0.000333542,0.000333542,0.563089669
2020-04-26,0.000396255,0.000198127,0.000198127,0.000198127
2020-04-27,0.051522993,0.000300944,0.152741492,0.000300944
2020-04-28,0.859214246,0.173162386,0.065142401,0.009364647
2020-04-29,0.000421299,0.044394512,0.122668818,0.00021065
2020-04-30,0.056119964,0.007417852,0.037467722,0.000408808
2020-05-01,0.278575838,0.040980883,0.371299267,0.002885276
2020-05-04,0.044064056,0.1405157,0.656569958,0.000674667
2020-05-05,0.128851458,0.000543888,0.317981899,0.011591618
2020-05-06,0.127021059,0.037776735,1.046605945,0.11860764
2020-05-07,0.646376014,0.044127587,0.494979084,0.064226888
2020-05-08,0.779141963,0.12827979,0.412129968,0.037224233
2020-05-11,0.00071956,0.00035978,0.653283,0.027357228
2020-05-12,1.200749159,0.042728085,0.139781192,0.121581264
2020-05-13,0.711116672,0.001782975,0.731440723,0.163257524
2020-05-14,0.417935222,0.119614094,0.374813974,0.057235211
2020-05-15,0.43271786,0.160239786,0.331097722,0.027157869
2020-05-18,0.506731212,0.087015539,0.335676014,0.240824759
2020-05-19,0.404166818,0.046708509,1.212932706,0.016004115
2020-05-20,0.080101661,0.002292003,0.863649368,0.750848651
2020-05-21,0.000568024,0.000284012,0.323406011,0.000284012
2020-05-24,0.049527947,0.122467577,0.000303334,0.000303334
2020-05-25,0.116700381,0.1163496,0.121929057,0.553595722
2020-05-26,0.269800007,0.001234508,0.001234508,0.21400848
2020-05-27,0.582587302,0.347941905,0.702063143,0.31780681
2020-05-28,0.40686202,0.33701843,0.175987497,0.140145421
2020-05-29,0.248713821,0.05128355,0.335665554,0.403085023
2020-05-31,0.115032919,0.000348148,0.000348148,0.000348148
2020-06-01,0.13982591,0.00061294,0.00061294,0.189579025
2020-06-02,0.086089969,0.002249219,0.59969151,0.370931298
2020-06-03,0.001196523,0.000598261,0.112884045,0.000598261
2020-06-04,0.528636992,0.029271018,0.89504534,0.34914574
2020-06-05,0.041353628,0.136049554,0.270950764,0.306753516
2020-06-08,0.612030149,0.000250055,0.183471039,0.021972686
2020-06-09,0.428833425,0.000760224,0.29009828,0.07083258
2020-06-10,0.290556073,0.000925405,0.760834873,0.021519702
2020-06-11,0.103993863,0.084294267,0.04847578,0.023232603
2020-06-12,0.057401758,0.000707954,0.054102141,0.008772608
2020-06-14,0.000185845,9.29225E-05,0.188809529,9.29225E-05
2020-06-15,0.791513383,0.000719269,0.559134305,0.007055092
2020-06-16,0.049076099,0.00062047,0.297985405,0.00062047
2020-06-17,0.274630964,0.025411103,0.323449731,0.090485483
2020-06-18,0.250631958,0.089709215,1.00193572,0.037282851
2020-06-19,0.00055997,0.000279985,0.000279985,0.009583969
2020-06-22,0.575172424,0.003494414,0.683842838,0.054332785
2020-06-23,0.000580495,0.000290247,0.294239998,0.000290247
2020-06-24,0.5859465,0.129579768,0.475970805,0.190293789
2020-06-25,1.379409432,0.134327888,0.914628148,0.535911858
2020-06-26,0.041185323,0.084667258,0.527718425,0.016084049
2020-06-27,0.001741359,0.000870679,0.000870679,0.000870679
2020-06-28,0.580373526,0.00015637,0.00015637,0.00015637
2020-06-29,0.030928662,0.001572078,0.001572078,0.011827421
2020-06-30,0.814366102,0.026006963,0.51799041,0.000459143
2020-07-01,0.635817945,0.028659927,0.065267429,0.0849507
2020-07-02,0.04001344,0.04299061,1.430442095,0.103734471
2020-07-03,0.034646999,0.001987106,0.419038296,0.646506071
2020-07-06,0.359370112,0.045346055,0.309707135,0.079010412
2020-07-07,0.45218122,0.065998025,0.09076637,0.241758585
2020-07-08,1.256806374,0.024577864,0.273696899,0.084720097
2020-07-09,1.381609797,0.369235963,0.28927508,0.23900719
2020-07-10,0.402167082,0.002275756,0.438007176,1.150168777
2020-07-12,0.00082539,0.000412695,0.000412695,0.722971737
2020-07-13,0.223786086,0.001342228,0.280186564,0.499250382
2020-07-14,1.291658521,0.059289776,1.854354143,0.020468403
2020-07-15,0.639926374,0.00027451,0.00027451,0.024423871
2020-07-16,0.411107898,0.564521313,1.307730675,0.146349445
2020-07-17,0.353523701,0.229798794,0.57324928,0.302241713
2020-07-20,0.00045789,0.000228945,0.128108755,0.000228945
2020-07-21,0.001906074,0.132266119,0.130765021,0.000953037
2020-07-22,0.57638526,0.017678078,0.643772483,0.686740935
2020-07-23,0.001558156,0.043954242,0.210222796,0.231509909
2020-07-28,0.647620142,0.001049914,0.169548929,0.112132721
2020-07-29,0.145096555,0.000731116,0.60240382,0.000731116
2020-07-30,0.743477106,0.024274699,0.116882354,0.3179847
2020-07-31,0.334058642,0.000265115,0.178251043,0.012922295
2020-08-03,0.035313372,0.000602543,0.000602543,0.836153984
2020-08-05,0.054462712,0.001970991,0.271895945,0.001970991
2020-08-06,0.697342396,0.001189008,0.274909139,0.519095123
2020-08-07,0.000851062,0.000425531,0.037651554,0.177778021
2020-08-11,0.001641566,0.000820783,0.261424661,0.204030126
2020-08-12,0.588844121,0.152657002,0.947818518,0.002606071
2020-08-13,1.082934976,0.040181514,0.327361673,0.56914866
2020-08-14,0.01985459,0.002022742,0.234357744,0.490374863
2020-08-15,0.000606331,0.000303165,0.000303165,0.446000725
2020-08-16,0.000317671,0.000158836,0.452770323,0.000158836
2020-08-17,0.275525242,0.000444707,0.453065455,0.000444707
2020-08-18,0.484954596,0.002245727,1.343060374,0.135645613
2020-08-19,0.329040796,0.00090437,0.251449227,0.00090437
2020-08-20,0.306857616,0.000843283,0.206163689,0.166342646
2020-08-21,0.920635104,0.001735886,0.743906438,0.991808891
2020-08-24,0.584899843,0.000758729,0.000758729,0.000758729
2020-08-25,1.250412822,0.236179397,0.266245693,3.277384281
2020-08-26,1.068504095,0.002312504,0.530261517,0.779399991
2020-08-27,0.076303057,0.03257357,0.589542449,0.081124306
2020-08-28,0.051349297,0.07245405,0.191312462,0.61187458
2020-08-30,0.64859724,0.000166474,0.000166474,0.005501091
2020-08-31,1.035671473,0.001923745,0.056741133,0.823951483
2020-09-01,1.018697381,0.441704214,0.723134279,0.162370339
2020-09-02,1.41869247,0.002481676,0.197147906,0.234959021
2020-09-03,0.858323812,0.056513667,0.341008008,0.069055773
2020-09-04,0.852285445,0.135401368,0.783227563,0.13498117
2020-09-05,0.001817961,0.00090898,0.00090898,0.050981034
2020-09-06,0.111387014,0.000348106,0.107866734,0.105071321
2020-09-07,0.103289649,0.000294336,0.19749625,0.000294336
2020-09-08,1.002794623,0.032192469,0.787854135,0.076492868
2020-09-09,0.938489377,0.384670913,1.289839029,0.98730123
2020-09-10,1.468180656,0.0177666,0.831327915,1.934227943
2020-09-11,1.237181425,0.110562861,0.801116526,2.333222389
2020-09-12,0.06212372,0.001046537,0.391102314,2.621510744
2020-09-13,0.275842965,0.000474344,0.136730298,1.446569085
2020-09-14,2.275435686,0.15494898,0.741527379,2.997163534
2020-09-15,1.385054111,0.481826782,1.254382253,2.413474083
2020-09-16,0.955709696,0.114134058,1.335247159,3.007184744
2020-09-17,0.798119426,0.030324997,0.459314972,2.941442251
2020-09-18,0.591384649,0.114800386,0.112973489,0.832781136
2020-09-19,1.210985184,0.000218807,0.000218807,0.041284245
2020-09-20,0.001807397,0.162326068,0.000903699,1.603745699
2020-09-21,1.334890008,0.048505623,1.942754626,2.123012781
2020-09-22,0.70379132,0.507716,1.307384491,1.335579634
2020-09-23,1.971543789,0.215428129,1.916536808,0.583737016
2020-09-24,1.644219995,0.445582032,1.38505125,0.857687116
2020-09-25,0.113944568,0.340099066,0.980469644,1.071933389
2020-09-26,0.000294422,0.083044246,0.000147211,0.022648696
2020-09-27,0.000552189,0.021697082,0.000276094,0.054505274
2020-09-28,0.182645321,0.241074845,0.24004674,1.127713084
2020-09-29,0.453316838,0.003250579,0.560460269,1.358859658
2020-09-30,1.393821716,0.542662799,0.221739694,0.185144484
2020-10-01,0.294309616,0.058592089,0.721638799,0.204097882
2020-10-02,0.895430088,0.001004115,0.001004115,1.512647748
2020-10-03,0.038520351,0.000525671,0.000525671,0.923408866
2020-10-04,0.001500566,0.000750283,0.000750283,0.735747993
2020-10-05,2.16078496,0.016765015,0.081242852,0.37877515
2020-10-06,0.740818024,0.206839368,1.134488344,0.765292108
2020-10-07,1.012783408,0.315336734,1.280918241,0.132798135
2020-10-08,1.597110868,0.030674513,1.461001277,0.648669958
2020-10-09,0.39479816,0.001323116,0.651985466,0.001323116
2020-10-10,0.439392835,0.075040132,0.000934213,0.578992903
2020-10-11,0.58336693,0.000824403,0.000824403,0.047281917
2020-10-12,0.383872062,0.7494151,1.800866365,0.193375155
2020-10-13,0.314891428,0.252983063,0.50796622,0.316363722
2020-10-14,0.28113699,0.002299192,1.044865727,0.700161457
2020-10-15,2.039422512,0.090896524,0.51020968,0.383083731
2020-10-16,1.201796174,0.01225876,0.069618158,0.023302192
2020-10-17,1.074848771,0.043561965,0.00058368,0.00058368
2020-10-18,1.530727506,0.022270005,0.060316622,0.000495421
2020-10-19,1.094549298,0.081717767,0.263378471,0.372362733
2020-10-20,0.068052664,0.129927561,0.107150443,0.928909481
2020-10-21,0.057361659,0.089988321,0.928293407,0.019950425
2020-10-22,4.011978149,0.415652215,0.910423458,0.00184697
2020-10-23,3.570478916,0.185304627,0.624261975,0.281598061
2020-10-25,1.767218947,0.000471721,0.279936463,0.046347979
2020-10-26,1.2885952,0.252449334,0.966451943,0.58102572
2020-10-27,2.151294231,0.071340315,0.398451746,0.08976765
2020-10-28,0.587353885,0.13470763,0.526492059,0.024719357
2020-10-29,1.488916993,0.253329903,1.43394196,0.637430131
2020-10-30,1.624783516,0.225046441,0.422083706,0.987715065
2020-10-31,0.506449401,0.019628536,0.00034251,0.00034251
2020-11-01,0.534585357,8.69093E-05,8.69093E-05,0.00841003
2020-11-02,1.040202856,0.026716202,0.065231621,0.000489577
2020-11-03,1.031096578,0.00233551,0.087661423,0.061255813
2020-11-04,3.819988728,0.986940801,0.508999944,0.031487718
2020-11-05,4.535704613,0.245482579,0.58333683,0.185125962
2020-11-06,1.088661671,0.346743017,0.481134146,0.002277523
2020-11-07,5.326860428,0.232995212,0.778609216,0.65300709
2020-11-08,2.507984638,0.060387708,0.000949276,0.011571523
2020-11-09,3.047561646,0.20542255,0.287506431,0.355109602
2020-11-10,1.981990576,0.119242296,0.385480314,0.708546162
2020-11-11,2.509599447,0.506358981,0.781106412,0.037924945
2020-11-12,4.620341301,0.132135153,0.744955778,0.186759487
2020-11-13,2.570789337,0.395318687,0.951731145,0.148037896
2020-11-14,0.075772494,0.337675244,0.237843335,0.000303125
2020-11-15,0.000378646,0.000189323,0.003624641,0.000189323
2020-11-16,1.446905494,0.097030424,0.744953752,0.703122139
2020-11-17,3.247326612,0.429573357,1.34021771,1.330163836
2020-11-18,0.909107089,0.048621438,0.659492135,0.081840411
2020-11-19,0.95735836,0.344010383,2.485063791,0.242455959
2020-11-20,1.357590556,0.107130997,0.886868715,0.049564146
2020-11-21,0.265221328,0.093225405,0.156478316,0.000275577
2020-11-22,0.255052567,0.001842735,0.324967504,0.025189776
2020-11-23,1.948489189,0.565292239,0.688492715,0.248841986
2020-11-24,1.100843906,0.159250498,0.550325155,0.020270847
2020-11-25,0.478306562,0.146937057,0.801873028,0.007310339
2020-11-26,0.458388865,0.000649104,0.167958617,0.117593981
2020-11-27,0.513347983,0.000897122,0.33402133,0.000897122
2020-11-29,0.002884174,0.001442087,0.001442087,0.001442087
2020-11-30,0.816860378,0.0184137,0.154450476,0.146885216
2020-12-01,1.982011318,0.052831121,0.74486649,0.434732437
2020-12-02,0.837366998,0.648110211,1.279435039,0.374599338
2020-12-03,1.814996004,0.211195365,1.818814278,0.417573452
2020-12-04,0.159638256,0.251938492,0.194675922,0.107408568
2020-12-06,1.086820006,0.080856338,0.056858715,0.016892713
2020-12-07,0.685560107,0.000763022,0.341706276,0.038707107
2020-12-08,0.863492191,0.807039857,1.42786479,0.612206638
2020-12-09,2.461847067,0.646248341,2.528377533,0.081467323
2020-12-10,2.426525593,0.87152791,2.052473307,0.27356559
2020-12-11,1.044905663,0.981351078,3.559044838,0.522690058
2020-12-12,0.666757286,0.430539787,0.768606126,0.041177399
2020-12-13,0.015694128,0.263761431,0.606350601,1.675405264
2020-12-14,1.110545397,0.054873008,1.446282148,0.625666797
2020-12-15,5.618122101,0.158531979,0.338814437,0.464448601
2020-12-16,1.970859766,0.043160088,0.215825975,0.029874763
2020-12-17,2.842926264,0.010774504,0.725990355,0.025005635
2020-12-18,1.768960238,0.003209202,0.144870177,0.02077988
2020-12-19,0.790032327,0.000200226,0.023555825,0.000200226
2020-12-20,0.583117545,0.000171933,0.088510461,0.007660536
2020-12-21,0.280753613,0.001233507,0.477663875,0.385200143
2020-12-22,0.344228625,0.001528208,0.058120538,0.150745004
2020-12-23,0.428644836,0.00109311,0.214393988,0.097806379
2020-12-24,0.650523841,0.02310027,0.000814928,0.048005611
2020-12-27,0.516058385,0.001383775,0.001383775,0.102067068
2020-12-29,0.099944159,0.015074358,0.000369006,0.031230502
2020-12-30,0.340981573,0.173944712,0.026497554,0.039907373
2021-01-02,0.001600911,0.000800456,0.000800456,0.000800456
2021-01-04,0.806880891,0.001230397,0.001230397,0.424591273
2021-01-05,0.756172955,0.169975787,0.50921309,0.00039088
2021-01-06,2.234119892,0.260096043,0.516197026,0.027014218
2021-01-07,1.20125401,0.00789097,0.272478074,0.281808674
2021-01-08,0.567537963,0.104952835,0.382381797,0.17142795
2021-01-10,0.434294224,0.000811846,0.344224215,0.000811846
2021-01-11,0.272566736,0.046098772,0.876879275,0.170573011
2021-01-12,0.760908663,0.84070766,0.40412432,0.02227572
2021-01-13,1.720564961,0.130637303,0.538676322,0.3595002
2021-01-14,0.860532761,0.487754643,0.768689871,0.036235981
2021-01-15,0.701801419,0.002068196,0.323947638,0.002068196
2021-01-16,0.665170431,0.000549646,0.000549646,0.131920651
2021-01-17,0.000193907,9.69537E-05,0.068537109,9.69537E-05
2021-01-18,1.428503275,0.007893294,0.78684032,0.099409118
2021-01-19,3.911759138,0.065142997,0.451817572,0.481267095
2021-01-20,5.109255791,0.839149535,0.745256186,0.285022199
2021-01-21,3.754352331,1.316270351,2.208784342,0.149388582
2021-01-22,0.760032415,0.340036452,0.610288978,0.84130913
2021-01-23,0.620722711,0.001314293,0.001314293,0.03536883
2021-01-24,0.25836283,0.128045604,0.326908559,0.007763241
2021-01-25,1.016687512,0.559189618,0.880953312,0.401851952
2021-01-26,1.290451765,0.003519804,0.711649299,0.119740471
2021-01-27,5.893446445,0.613493443,2.083744287,0.118799642
2021-01-28,2.920001984,0.054666143,0.716567993,0.155229583
2021-01-29,2.03801465,0.002825105,0.620608091,0.604810715
2021-01-30,0.028150754,0.000816706,0.000816706,0.000816706
2021-02-01,0.018275952,0.00163487,0.361742318,0.567809522
2021-02-02,0.467799038,0.001998413,0.719757378,0.722707331
2021-02-03,1.873756766,0.073688716,1.259361744,0.034262393
2021-02-04,1.472266316,0.340829521,0.526597381,0.328896761
2021-02-05,0.633133769,0.433552563,0.225016907,0.002109446
2021-02-07,0.59838295,0.000604326,0.000604326,0.099561773
2021-02-08,0.705316067,0.003133532,0.369548053,0.022365483
2021-02-09,1.878394961,0.139826596,0.471967399,0.534269512
2021-02-10,0.581396878,0.002037579,0.219569415,0.002037579
2021-02-11,2.06882,0.006060689,2.065103054,0.029046403
2021-02-12,1.391315222,0.057829652,0.552962482,0.809699059
2021-02-13,0.028355554,0.30713281,0.000930741,0.051151503
2021-02-14,0.051588409,0.000123181,0.098299846,0.000123181
2021-02-15,0.2908113,0.272160262,0.386674672,0.010286512
2021-02-16,0.820267022,0.285440624,0.317679226,0.002516923
2021-02-17,1.232973337,0.092726946,0.45556891,0.823236108
2021-02-18,2.624856472,0.346645594,0.383886456,0.584095299
2021-02-19,1.693169832,0.491919219,0.331483305,0.207003728
2021-02-20,0.256741673,0.065698549,0.062681936,0.038680423
2021-02-21,0.65995729,0.000105353,0.000105353,0.000105353
2021-02-22,0.694268763,0.000901318,0.000901318,0.542813659
2021-02-23,1.507989168,0.336124867,0.219941214,0.126355365
2021-02-24,0.518233418,0.001340221,0.398829371,0.257102162
2021-02-25,0.780877471,0.098590292,1.14525485,0.410327256
2021-02-26,1.284772992,0.582568109,1.159324169,0.739206851
2021-03-01,0.324661016,0.270655483,0.893047333,0.036932588
2021-03-02,1.071021914,0.293759286,0.78159368,0.057537332
2021-03-03,1.317273378,0.029511966,0.82458818,0.353793919
2021-03-04,1.048622608,0.362563491,0.645967305,0.091013536
2021-03-05,0.237606376,0.127281487,0.344455004,0.017240435
2021-03-06,0.708351493,0.000737265,0.000737265,0.010256443
2021-03-08,0.174709216,0.001613408,0.688014746,0.468904883
2021-03-09,0.46625635,1.253200054,1.756248832,0.16262649
2021-03-10,1.294231892,0.837933302,0.944279432,0.006473028
2021-03-11,2.107004642,0.228898779,1.083290219,1.17790401
2021-03-12,0.481661797,0.034572799,0.725292265,0.09374398
2021-03-13,0.025131058,0.000253407,0.000253407,0.000253407
2021-03-14,0.476105958,0.000234106,0.000234106,0.000234106
2021-03-15,1.368062019,0.11467997,0.802945018,0.157984212
2021-03-16,3.082120895,0.092802919,1.60369432,0.065444268
2021-03-17,1.619324684,0.004955039,0.330629021,0.513663173
2021-03-18,1.014847755,0.211412326,2.266396999,0.170455903
2021-03-19,1.300516367,0.481926322,1.817724466,0.041570503
2021-03-20,0.459550053,0.000317605,0.141987696,0.000317605
2021-03-21,0.043075416,0.000501006,0.168005779,0.000501006
2021-03-22,1.406147003,0.148979262,1.39007628,0.192302734
2021-03-23,0.317449421,0.035676625,0.09507446,0.154164419
2021-03-24,2.649652004,0.164565176,0.166927144,0.359446824
2021-03-25,3.235848904,0.005921816,2.111004591,0.146490812
2021-03-26,1.634716988,0.076636702,0.336650282,0.002078496
2021-03-27,0.000645537,0.000322768,0.183945969,0.050137233
2021-03-28,0.018581728,0.045385409,0.226247743,0.000200216
2021-03-29,1.148566604,0.134196386,1.148945928,0.003817147
2021-03-30,0.337376088,0.270349979,1.194983959,0.167753398
2021-03-31,1.877643466,1.001281857,0.91656971,0.18216379
2021-04-01,3.923935413,0.393628627,1.132081866,0.132216692
2021-04-02,0.347409338,0.00077554,0.291834772,0.100573979
2021-04-03,0.192032129,0.174629703,0.075759441,0.032157205
2021-04-04,0.000555961,0.00027798,0.00027798,0.00027798
2021-04-05,1.544205189,0.264357448,0.157955512,0.081212997
2021-04-06,0.646449447,0.595606863,0.67299062,1.594230533
2021-04-07,1.184273958,0.517496645,0.975616515,0.133435383
2021-04-08,0.543094635,0.145230711,2.008666754,0.476823121
2021-04-09,1.54667747,0.323462427,1.290737271,0.038688615
2021-04-10,0.034709953,0.000278029,0.000278029,0.172946975
2021-04-11,0.290789396,0.000328242,0.132748619,0.000328242
2021-04-12,1.37311697,0.091366179,0.557819426,0.056975663
2021-04-13,0.754977763,0.202955276,0.533830941,0.362605006
2021-04-14,2.568614006,0.733040988,0.725431561,0.317610323
2021-04-15,3.160963058,1.129668951,3.497638941,0.294491947
2021-04-16,1.529421926,0.565860987,1.977102757,0.016869705
2021-04-17,0.310311675,0.000226078,0.3259238,0.000226078
2021-04-18,0.692812204,0.492837787,0.887333095,0.050347563
2021-04-19,2.058717966,0.879617214,1.058564425,1.523331761
2021-04-20,1.878021955,0.5884974,2.479680538,0.941712022
2021-04-21,1.325959444,0.877884567,4.899050236,0.339149922
2021-04-22,3.576177359,1.532372355,5.258492947,1.516617537
2021-04-23,2.015717745,0.375122637,0.921539605,0.086914852
2021-04-24,0.086583793,0.000191478,0.000191478,0.000191478
2021-04-25,0.326504111,0.030286549,0.11994946,0.052777726
2021-04-26,1.512705803,0.250547051,0.755670309,0.184562996
2021-04-27,1.238546848,0.267916888,1.45569253,0.220654011
2021-04-28,1.281948447,0.002716521,1.110147238,0.186093852
2021-04-29,1.386218071,0.097416066,0.909150779,0.14251177
2021-04-30,1.39892602,0.166410804,0.752487838,0.00547031
2021-05-01,0.187404022,0.000828065,0.013047021,0.000828065
2021-05-02,0.287993819,0.001257412,0.987422526,0.001257412
2021-05-03,1.634649158,0.003661296,0.445928395,0.102950409
2021-05-04,0.86783427,0.736020565,1.188898802,0.014510678
2021-05-05,0.911067009,0.307232767,1.823812366,0.108697861
2021-05-06,1.028580189,0.846125245,0.912513494,0.123545542
2021-05-07,0.997640252,0.002168108,0.863016844,0.149052113
2021-05-08,0.002738868,0.001369434,0.001369434,0.001369434
2021-05-09,0.000656153,0.153598934,0.039293732,0.000328077
2021-05-10,0.593452692,0.026816325,0.57290715,0.84397459
2021-05-11,1.873210311,0.120123267,0.923650324,0.445664555
2021-05-12,0.365846992,0.00171432,0.18722108,0.00171432
2021-05-13,0.67373687,0.48062408,1.318036556,0.374468297
2021-05-14,0.830024481,0.63020277,0.951111674,0.080965325
2021-05-15,0.115579166,0.456311435,0.396872401,0.000987669
2021-05-17,0.502294838,0.164964259,1.268536329,0.920949757
2021-05-18,1.339511871,0.0931096,1.658383727,0.329253405
2021-05-19,1.726703405,0.845267534,0.351340085,0.619502544
2021-05-20,1.578390241,0.027724626,1.51658082,0.220326066
2021-05-21,1.235804081,1.361914396,0.510803223,1.623881817
2021-05-22,0.354314446,0.001788784,0.085380308,0.001788784
2021-05-23,0.54715991,0.013518495,0.000138639,0.035535425
2021-05-24,1.057516813,0.003254894,0.533272803,0.215798721
2021-05-25,1.6629287,0.368011773,1.881146431,0.595309079
2021-05-26,1.706323147,0.177074313,1.386777878,1.077212572
2021-05-27,2.404650927,0.085630685,1.414043784,0.748325527
2021-05-28,2.27502799,0.02749555,1.695291281,0.83412379
2021-05-29,0.113561101,0.000570231,0.000570231,0.000570231
2021-05-30,0.506292522,0.218638301,0.240144938,0.000839979
2021-05-31,0.574533224,0.220138073,1.020169258,0.148353338
2021-06-01,0.913332582,0.157484472,1.450537086,0.376839489
2021-06-02,0.546520948,0.086971559,0.984611392,0.542355597
2021-06-03,0.512200117,0.002558717,1.196321964,0.121059075
2021-06-04,2.552801132,0.209741503,0.130508438,0.574810505
2021-06-05,0.540259957,0.275889337,0.283974439,0.001197268
2021-06-06,0.342053026,0.070283525,0.209422871,0.135700911
2021-06-07,0.945153594,0.222644031,1.548136473,0.085591108
2021-06-08,0.569633782,0.217184633,0.302086771,0.454458714
2021-06-09,2.272725344,0.294884533,0.490066409,0.127343535
2021-06-10,1.298341155,0.422153145,1.835823655,0.921011209
2021-06-11,2.12189579,0.56128341,0.246941894,0.609356165
2021-06-12,0.026378095,0.366046041,0.065388918,0.012649455
2021-06-13,1.045426607,0.773781478,0.646205246,0.051498946
2021-06-14,0.867980123,0.18056497,0.385351062,0.616147459
2021-06-15,2.886075974,0.524022698,0.975139678,0.033756301
2021-06-16,2.459589958,0.002803026,0.263221502,0.002803026
2021-06-17,1.347204089,0.559836864,1.383842468,0.638518453
2021-06-18,0.1900426,0.2415075,0.751282692,0.04738415
2021-06-20,0.638685405,0.000148291,0.034356713,0.005870146
2021-06-21,1.298638344,0.001987125,0.001987125,0.175258324
2021-06-22,1.17287302,0.463472009,1.626461864,0.118807636
2021-06-23,3.06728816,0.507990003,1.579651237,1.088445187
2021-06-24,1.831592798,1.605907798,2.611647844,0.347989768
2021-06-25,1.195236564,0.224144503,0.508388579,0.199753016
2021-06-26,1.487602949,0.016456783,0.000977305,0.448701769
2021-06-27,0.173400715,0.146842003,0.000410945,0.000410945
2021-06-28,0.731133461,0.548514903,0.716483772,1.10712707
2021-06-29,0.222058102,0.639686823,1.732137322,1.20806241
2021-06-30,2.070029974,0.208765432,0.59385556,1.736263633
2021-07-01,1.297527075,0.34471482,0.843559444,1.107688427
2021-07-02,0.0283683,0.001881609,0.929616988,1.046420217
2021-07-03,0.745122194,0.000516921,0.000516921,0.000516921
2021-07-04,0.071822904,0.000170433,0.136706814,0.000170433
2021-07-05,0.559930086,0.182055697,0.614460468,0.002352748
2021-07-06,0.543048143,0.308224738,1.417420268,0.144091681
2021-07-07,0.078703456,0.334514767,0.248365074,0.149839208
2021-07-08,1.082770228,0.02108735,1.363382936,0.531659305
2021-07-09,0.450868875,0.297092974,0.560468256,0.467683285
2021-07-10,0.249007791,0.076309614,0.106340058,0.001146041
2021-07-11,0.001935786,0.039199088,0.134939253,0.053230561
2021-07-12,0.775375485,0.696227551,1.103744745,0.48217079
2021-07-13,0.731248856,0.068697765,1.074242353,0.558981299
2021-07-14,1.965491652,0.498387188,2.276824951,1.941141248
2021-07-15,1.844731092,0.408635229,1.207856297,1.408019423
2021-07-16,0.992783129,0.401984602,0.609251976,3.623806953
2021-07-17,0.160731494,0.001111735,0.033664305,3.20344305
2021-07-18,0.055032812,0.002428059,0.039620284,2.646713257
2021-07-19,0.884155989,0.052696809,0.365311712,2.261221647
2021-07-20,0.645193696,0.457480609,1.318209291,2.825255871
2021-07-21,1.964343309,0.671978652,0.853252411,0.842372775
2021-07-22,1.087453127,0.611671209,0.97729826,3.015026808
2021-07-23,0.888115585,1.281289458,0.463146567,1.137368679
2021-07-24,0.001046277,0.000523139,0.000523139,1.559512496
2021-07-25,0.48954019,0.001230962,0.856089771,0.898650229
2021-07-26,0.161149189,0.151318669,0.469344735,0.063458003
2021-07-27,1.090530157,0.181768388,1.744649529,0.198619366
2021-07-28,2.161207199,0.354347676,1.053889275,0.527931869
2021-07-29,0.25973317,0.126287669,0.326969147,0.341329575
2021-07-30,2.104516268,0.263029099,0.395711333,1.446520567
2021-07-31,0.732650399,0.622268081,0.119587332,0.208683372
2021-08-01,1.35404253,0.076467343,0.001029236,1.716384172
2021-08-02,0.937232673,0.110815294,0.252827972,0.059250567
2021-08-03,1.198051572,0.116256736,0.260699749,0.603751719
2021-08-04,2.182395935,0.096400745,0.794876218,0.634663582
2021-08-05,1.812900066,0.831597328,0.995653749,1.576010466
2021-08-06,0.772316635,0.048117705,0.245566398,2.123277903
2021-08-09,0.873668373,1.048755407,2.395580769,2.434071302
2021-08-10,1.466405869,0.635642648,0.977893531,2.046656609
2021-08-11,2.683134079,0.021004766,1.231914997,0.671085417
2021-08-12,0.31545639,0.35171172,0.734145463,2.145980835
2021-08-13,0.837092459,0.46725738,0.468050241,4.622409821
2021-08-15,1.34690237,0.000594649,0.000594649,0.000594649
2021-08-16,1.8678267,0.032712568,0.528872848,0.787110448
2021-08-17,1.085740447,0.140880331,0.320807159,1.997359276
2021-08-18,0.360570878,0.063685991,0.271092117,3.901671171
2021-08-19,0.766072989,0.454216361,0.299895376,0.237780958
2021-08-20,0.604497135,0.621573627,0.798362374,0.671460629
2021-08-22,0.037968557,0.00032821,0.069401227,0.19272542
2021-08-23,0.407982379,0.001208563,0.001208563,0.273381114
2021-08-24,0.043899413,0.301157534,0.090796985,0.258755147
2021-08-25,0.568524182,0.31507796,1.018072605,1.105628014
2021-08-26,1.132130742,0.121993199,0.250431448,0.220480025
2021-08-27,0.001700806,0.062571183,0.167911708,0.390473068
2021-08-29,0.10962867,0.00028398,0.00028398,0.678430498
2021-08-30,0.731038094,0.211223409,0.283833563,1.757921457
2021-08-31,2.432883501,1.327769876,0.760030687,1.949293613
2021-09-01,1.407047033,0.0907747,0.286443412,1.980283499
2021-09-02,2.913633585,1.407665491,0.62717706,2.695732355
2021-09-03,1.394194365,0.524014056,0.754072487,1.150799513
2021-09-04,0.122497551,0.21920377,0.028280729,0.389445454
2021-09-05,0.082235523,0.139639705,0.32868126,0.337462872
2021-09-06,0.689950109,0.377308637,0.850709736,0.451355308
2021-09-07,2.668370724,0.312508792,0.122297078,1.139950633
2021-09-08,1.660917759,0.452915788,0.822971463,0.056880422
2021-09-09,3.188746214,0.401043028,0.937994897,2.847652197
2021-09-10,1.482304573,0.770656884,0.316476643,0.110804841
2021-09-11,0.028063381,0.000536032,0.393203139,0.000536032
2021-09-12,1.000289559,0.17723766,0.095695399,0.001688923
2021-09-13,4.516832352,0.26518932,0.741856098,1.522498131
2021-09-14,4.428994179,0.611535072,1.473630905,0.701788485
2021-09-15,1.369900346,0.932206511,2.43647337,0.725667298
2021-09-16,1.501120687,1.000608325,3.188620329,0.061877549
2021-09-17,2.506016016,1.902798176,1.034820557,1.385847211
2021-09-18,0.020241577,0.000157618,0.000157618,0.022502331
2021-09-19,1.837420821,0.080422163,0.094816163,0.944451332
2021-09-20,2.318419456,1.851567268,1.541546822,0.290570706
2021-09-21,2.990556955,0.826200843,0.911483824,0.795959651
2021-09-22,1.582712173,0.634148598,1.915295959,0.322130799
2021-09-23,2.576971531,1.477851987,1.207263112,0.261689186
2021-09-24,1.280071378,0.502752066,1.03266108,0.599533081
2021-09-25,1.481315136,0.727080464,0.464004517,0.002823395
2021-09-26,0.274727881,0.416882217,0.362559408,0.077861443
2021-09-27,3.568799257,0.444793135,1.220588565,0.469661862
2021-09-28,3.285102367,1.586546063,1.460315108,0.056659348
2021-09-29,3.718154192,1.215445518,2.003005266,0.95742178
2021-09-30,3.714159012,2.774375439,0.69239831,0.799074113
2021-10-01,4.449091434,0.045538038,1.125169992,0.166580558
2021-10-02,0.620031357,0.685279489,0.138404429,0.009334624
2021-10-03,2.519765377,0.143938109,0.025006607,0.102866307
2021-10-04,3.009026766,1.537169814,2.244207382,0.373188436
2021-10-05,0.673110425,2.263399601,4.512137413,1.850233674
2021-10-06,2.541165829,1.835981727,2.664165497,1.135299802
2021-10-07,4.373821259,0.737175226,2.639730453,0.441668332
2021-10-08,1.563045263,1.318492413,1.544606209,0.076314591
2021-10-09,0.26048854,0.000197359,0.000197359,0.000197359
2021-10-10,0.244865745,0.303093731,0.000442062,0.000442062
2021-10-11,0.702216029,2.081135988,3.647147894,0.574749172
2021-10-12,4.761553288,1.963896751,2.989280224,0.245432392
2021-10-13,3.844342232,0.44342953,1.683664083,0.265794277
2021-10-14,3.974346876,1.098707557,3.858253956,1.142948389
2021-10-15,3.311463356,0.690318227,1.01852119,0.726663828
2021-10-17,1.389910221,0.000644809,0.000644809,0.01448417
2021-10-18,1.542105913,0.434924632,2.162579775,0.494990021
2021-10-19,3.807067871,2.21641016,3.646522045,1.165454984
2021-10-20,3.198718548,0.984906852,2.412804365,0.150717095
2021-10-21,5.533779144,2.394171715,2.273692131,0.551646233
2021-10-22,2.613443375,1.741630793,2.668635607,0.749749482
2021-10-23,2.432114363,0.342041701,0.632222652,0.001681876
2021-10-25,4.531127453,2.973770142,4.875247955,0.342748851
2021-10-26,5.104232311,4.595889091,6.689309597,0.612365067
2021-10-27,4.059482574,3.835041523,4.986957073,1.712759972
2021-10-28,6.628234386,3.693574429,8.770148277,0.342275023
2021-10-29,4.239688396,3.524577618,2.936739206,0.777679801
2021-10-30,0.413937509,1.443253636,0.791534066,0.158355087
2021-10-31,0.963398278,2.237257957,0.710604548,0.455244869
2021-11-01,5.111655712,6.320129395,5.270740032,1.418705106
2021-11-02,4.841789246,4.060599804,5.996332645,0.767404616
2021-11-03,2.982793808,3.051476002,3.92000699,1.40564692
2021-11-04,3.742197037,4.011301994,6.064241886,1.655093312
2021-11-05,1.056846857,2.994743586,2.092671871,0.228339761
2021-11-06,0.956138015,1.414882779,0.55788666,0.139735192
2021-11-07,0.052618578,0.000250166,0.414488345,0.043271374
2021-11-08,2.594267845,4.084872723,2.119405508,0.512784004
2021-11-09,1.72544682,2.769553661,2.932272673,0.444988549
2021-11-10,1.805812955,2.426230669,2.462477446,0.023459008
2021-11-11,2.639465809,4.23270607,2.744094133,0.502992153
2021-11-12,1.360090733,3.334932327,1.055839658,0.039882358
2021-11-13,0.214598075,2.714915752,0.342907637,0.089054897
2021-11-14,0.285987556,1.122164488,0.176484466,0.00620792
2021-11-15,2.497125864,7.78194809,2.846102238,0.276453853
2021-11-16,0.276093811,0.733268023,0.198125929,0.442914486
2021-11-17,2.468557358,0.716612399,0.773850262,1.847858429
2021-11-18,2.047570229,0.625934005,1.156490207,1.993532896
2021-11-19,3.692103148,0.289867789,1.14234376,1.710158229
2021-11-20,0.008677703,0.000448094,0.000448094,0.449620903
2021-11-22,2.12126565,0.122372456,0.547364771,0.151124373
2021-11-23,1.876427531,0.142777756,0.886316657,0.905241966
2021-11-24,4.184828281,0.28956145,0.172042906,0.823118031
2021-11-25,0.349984348,0.189334214,1.022729158,0.071713194
2021-11-26,0.678305387,0.043022767,0.754889965,0.516046107
2021-11-27,0.283437073,0.000327883,0.063916564,0.000327883
2021-11-29,2.428919792,0.051231444,0.09629111,0.038246419
2021-11-30,2.144628048,0.047704503,0.447648078,0.022837264
2021-12-01,1.051780939,1.237104177,0.763700128,0.170683518
2021-12-02,0.382863462,0.083594903,1.094977498,0.190632805
2021-12-03,1.843723536,0.095487475,0.551801383,0.856132865
2021-12-04,0.933140695,0.148010164,0.158486262,0.022948867
2021-12-06,1.449427128,0.11832457,0.33301264,0.700867057
2021-12-07,0.334419638,0.061724328,0.92690587,0.00328767
2021-12-08,0.953755558,0.833814859,0.89012742,0.111681417
2021-12-09,1.013810039,0.158682823,0.233392,0.086322844
2021-12-10,0.373140365,0.08903458,0.48272559,0.662056506
2021-12-12,0.491142571,0.000381492,0.000381492,1.02549386
2021-12-13,2.201961517,0.052429542,0.553911865,3.177886009
2021-12-14,2.588472843,0.146034047,0.878101707,1.64177835
2021-12-15,3.050748348,0.36827752,1.741249681,0.826406538
2021-12-16,0.589956284,0.211681008,1.879122257,0.592315137
2021-12-17,1.772229195,0.288871646,0.281768531,0.386208266
2021-12-18,0.820761979,0.000760285,0.000760285,0.275797635
2021-12-19,0.418222725,0.000101345,0.000101345,0.000101345
2021-12-20,4.589623928,0.248250514,0.665638447,0.097930297
2021-12-21,1.775982022,0.04983253,0.598429143,0.623953521
2021-12-22,0.978855371,0.129349828,0.489090532,0.027643185
2021-12-23,1.357076406,0.031111797,0.043298621,0.145624027
2021-12-24,0.287078619,0.001133858,0.116768755,0.078057908
2021-12-26,0.917564988,0.000495511,0.000495511,0.000495511
2021-12-27,0.913602054,0.00093963,0.00093963,0.732245743
2021-12-28,0.949247241,0.000302715,0.000302715,0.000302715
2021-12-29,0.124813259,0.000446104,0.063523024,0.290365845
2021-12-30,0.594354689,0.000126286,0.054252449,0.000126286
2021-12-31,1.479005337,0.001407044,0.073081285,0.708301187
2022-01-01,0.000306784,0.000153392,0.238251954,0.000153392
2022-01-02,0.242375001,0.000513218,0.000513218,0.000513218
2022-01-03,0.146533772,0.001613763,0.192765176,1.481510639
2022-01-04,0.000340728,0.026755542,0.054802686,0.000170364
2022-01-05,0.05393859,9.76779E-05,9.76779E-05,0.052136853
2022-01-06,1.262295723,0.04983053,0.44158563,0.063387059
2022-01-07,0.234280199,0.00114345,0.024868032,1.018234015
2022-01-08,0.620071352,0.000235716,0.015518207,0.703083277
2022-01-10,0.419672966,0.104833156,0.278100818,1.208412528
2022-01-11,0.793905079,0.152740791,0.583448708,0.358942032
2022-01-12,1.672948241,0.011842776,2.166424274,0.401165426
2022-01-13,2.061841488,0.297138959,1.785216331,0.010207919
2022-01-14,1.525460124,0.001919343,0.179321408,0.137544528
2022-01-15,0.001160155,0.117549397,0.000580077,0.000580077
2022-01-16,0.142149433,0.000282,0.000282,0.100685611
2022-01-17,0.012574079,0.001779302,0.546069384,0.187363714
2022-01-18,2.389321089,0.002585479,0.811476529,1.035610199
2022-01-19,2.474013329,0.002706457,0.814059734,0.857307792
2022-01-20,1.242871761,0.001254403,0.265631944,0.045737319
2022-01-21,1.373601198,0.023902301,0.917712748,0.245251507
2022-01-22,0.102478653,0.000623796,0.090141714,0.951132953
2022-01-23,0.017592361,0.000347918,0.000347918,0.908027887
2022-01-24,0.492465764,0.631094813,0.463610619,1.711871743
2022-01-25,1.041566253,0.428184897,1.958106995,2.355199575
2022-01-26,1.089358807,0.01230233,0.223059908,0.353844702
2022-01-27,1.904702425,0.029095832,0.427511424,0.852256417
2022-01-28,3.653580666,0.08186955,0.220257685,1.976617217
2022-01-29,1.414157033,0.000432299,0.000432299,0.258397341
2022-01-30,0.411207259,9.41921E-05,9.41921E-05,0.196522743
2022-01-31,1.691544652,0.101357497,0.396494061,0.070135266
2022-02-01,2.235075951,0.225401953,0.561985075,0.078983732
2022-02-02,1.703931212,0.003221323,0.851446092,0.190817267
2022-02-03,1.988109231,0.088100776,0.364074826,0.072535448
2022-02-04,2.095118523,0.145769715,0.761093736,0.868425548
2022-02-05,0.247569457,0.000286423,0.000286423,0.068235397
2022-02-07,1.294741869,0.451156944,0.799581885,1.665719151
2022-02-08,3.069391012,0.253776938,0.409727186,0.207835376
2022-02-09,0.156231359,0.291698813,0.142621577,0.001285395
2022-02-10,1.83324039,0.057328917,0.304007411,0.539926529
2022-02-11,3.557624102,0.170665741,0.194037378,1.768524647
2022-02-12,0.041144025,9.76405E-05,9.76405E-05,0.103521317
2022-02-13,0.029374238,0.000144174,0.000144174,0.000144174
2022-02-14,1.374220014,0.072340369,0.169919714,0.02001838
2022-02-15,1.086330056,0.056202061,0.09499643,0.001522242
2022-02-16,1.60748601,0.045136217,0.235551476,0.002299871
2022-02-17,1.054227591,0.002150651,0.570470929,0.002150651
2022-02-18,0.944367886,0.336539626,0.669743061,0.575101912
2022-02-19,0.016941203,0.062797025,0.000118874,0.014050718
2022-02-20,0.419948608,0.000289975,0.032922816,0.000289975
2022-02-21,0.377795964,1.076539636,0.498954922,0.442355543
2022-02-22,0.142054632,0.354559153,0.334098518,0.016190916
2022-02-23,1.573979974,0.315723211,1.492281079,1.356555104
2022-02-24,1.073155284,0.039756134,1.168967128,1.510490179
2022-02-25,1.537688971,0.316213071,0.575267196,0.320930749
2022-02-26,0.186726704,0.000230501,0.000230501,0.000230501
2022-02-28,1.67040205,0.416563451,0.999162376,0.536430895
2022-03-01,1.33523953,0.420289546,0.328579158,0.637655675
2022-03-02,0.858748555,0.340196401,0.074978538,1.000150919
2022-03-03,0.230474323,0.018704999,0.501676321,0.236677215
2022-03-04,0.521624565,0.044963051,0.072274059,0.459399045
2022-03-05,1.241842985,0.000500711,0.000500711,0.176258281
2022-03-06,0.541613936,0.000368446,0.000368446,0.228903204
2022-03-07,1.560340524,0.549397051,0.742016196,0.296591133
2022-03-08,0.709261835,0.664448798,1.201295257,0.161511183
2022-03-09,1.044887781,0.07377252,0.274782956,0.01843534
2022-03-10,1.727963686,0.227708489,1.391218305,0.585598469
2022-03-11,1.308776259,0.336502075,0.744284332,0.06424807
2022-03-12,0.252905697,0.000138029,0.000138029,0.000138029
2022-03-14,0.221433893,0.153614819,0.087877952,0.000437156
2022-03-15,1.700536966,0.033611588,0.46085152,0.541698515
2022-03-16,2.430923223,0.365757912,1.625691533,1.223409653
2022-03-17,1.769794703,0.222716838,1.206844449,1.860072374
2022-03-18,1.886385918,0.288701177,0.893493652,0.047746554
2022-03-19,0.831248045,0.000203487,0.000203487,0.000203487
2022-03-20,0.366368651,0.00010188,0.00010188,0.091133393
2022-03-21,0.825274169,0.000630565,0.461714774,0.072432108
2022-03-22,1.334316969,0.228867471,0.601612151,0.161604837
2022-03-23,0.341322064,0.161177278,1.648221016,0.466246545
2022-03-24,0.711783528,0.001702551,0.075098492,0.052296251
2022-03-25,0.530924022,0.027446,0.291324794,0.108941108
2022-03-28,0.16712454,0.001627003,0.178466082,0.123370953
2022-03-29,0.4568744,0.193680614,0.726965308,0.002111094
2022-03-30,0.483881295,0.089687757,1.520421743,0.079791524
2022-03-31,0.837373435,0.17041032,0.620319843,0.138015181
2022-04-01,0.411211312,0.627519786,1.440989852,0.962692857
2022-04-02,0.000392385,0.000196193,0.000196193,0.000196193
2022-04-04,1.049955964,0.363561124,1.532422304,0.23169218
2022-04-05,1.198210955,0.148820519,1.504594445,0.612326503
2022-04-06,0.803812444,0.031865258,0.554974914,0.591638744
2022-04-07,1.206104159,0.124696404,2.131213188,1.623254299
2022-04-08,1.480239034,0.183712885,1.052934289,0.244146332
2022-04-10,0.778709114,0.001301799,0.013327684,0.021708464
2022-04-11,0.942176342,0.001908046,0.101188228,0.643579543
2022-04-12,0.120843008,0.082938015,0.348640442,0.35335362
2022-04-13,0.797460198,0.175260618,0.231776953,1.373371601
2022-04-14,0.039155237,0.000275849,0.000275849,0.000275849
2022-04-15,1.604231954,0.121820666,1.061447144,3.039949417
2022-04-16,0.082667187,0.00010188,0.00010188,0.11846178
2022-04-17,0.403687686,0.000323961,0.014970122,0.78150326
2022-04-18,2.46050024,0.021913636,0.146800697,0.050928604
2022-04-19,1.221735597,0.29898873,0.517098725,0.904599011
2022-04-20,1.323584795,0.003213094,0.783954442,0.93645674
2022-04-21,1.005195141,0.004128083,0.912335873,0.820766866
2022-04-22,3.037621021,0.626496375,1.399228215,1.473970175
2022-04-23,0.91471076,0.000683975,0.000683975,1.942365766
2022-04-24,0.000656367,0.000328184,0.000328184,0.88091594
2022-04-25,0.018515702,0.063662276,0.27802223,1.683338761
2022-04-29,0.939440548,0.019309606,0.316243917,3.242026567
2022-04-30,0.019420113,0.000320562,0.000320562,0.8399629
2022-05-01,0.135123804,0.000610712,0.000610712,0.470823467
2022-05-02,0.17064406,0.278885841,0.169475392,1.66852963
2022-05-03,2.033456087,0.092151619,0.548758268,1.844946504
2022-05-04,1.594178915,0.024094721,0.216880754,0.598156869
2022-05-05,2.632528782,0.051088057,0.345469385,1.379757047
2022-05-06,0.787631154,0.00280016,0.816533506,1.425047755
2022-05-07,0.082693368,0.000343127,0.027971212,0.76651895
2022-05-09,2.595146894,0.6758039,0.674797118,1.620427728
2022-05-10,0.584512174,0.281294703,0.560939908,0.851410747
2022-05-11,0.599844992,0.00240066,0.451362938,1.462434888
2022-05-12,1.552888393,0.091227032,0.365506798,0.454481363
2022-05-13,0.749563158,0.09653046,0.543229342,0.526830137
2022-05-14,0.135056779,0.369555831,0.30513972,0.0003862
2022-05-15,1.529371619,0.000627887,0.005972301,0.052178551
2022-05-16,1.633795738,0.003426729,0.85979569,2.212800503
2022-05-17,2.225366354,0.047933053,0.797357798,0.328041643
2022-05-18,0.998839557,0.202309564,1.18012619,0.320551872
2022-05-19,1.467476487,0.159776658,1.52428174,1.06506741
2022-05-20,4.696685791,0.058958575,0.444953114,0.317193955
2022-05-21,1.511780381,0.000954239,0.012959234,0.191667512
2022-05-22,1.295500517,0.000638026,0.000638026,0.050002739
2022-05-23,3.475875854,0.060401484,0.976591706,0.22131291
2022-05-24,1.639806628,0.458487272,1.497915268,0.476448178
2022-05-25,1.125656009,0.473887235,1.068317771,0.43271029
2022-05-26,1.76845932,0.325659633,1.686500311,0.615636706
2022-05-27,0.47488004,0.724845588,0.511187494,0.028079733
2022-05-28,0.212454975,0.000553388,0.000553388,0.703670263
2022-05-29,0.218890131,0.000308575,0.000308575,0.086348027
2022-05-30,0.16884014,0.172742784,0.251857638,0.011430806
2022-05-31,1.298740029,0.016966665,1.040233731,0.089985058
2022-06-01,0.807076871,0.07156118,0.485556006,0.431627601
2022-06-02,2.370245457,0.015665084,0.246209487,0.552856266
2022-06-03,0.569650292,0.001274931,0.128325909,0.018634411
2022-06-04,0.029421575,0.000100869,0.012492071,0.000100869
2022-06-06,2.208672762,0.001452387,0.123395003,0.021911418
2022-06-07,1.143988013,0.031471509,0.380258828,0.039172173
2022-06-08,0.874154985,0.057423811,1.369584799,0.001630149
2022-06-09,1.356449604,0.183557034,0.516212702,0.224216238
2022-06-10,0.310626954,0.000527637,0.289710969,0.198471516
2022-06-11,0.138921246,0.000231448,0.000231448,0.578892946
2022-06-13,0.606117368,0.196632415,1.103471637,1.460543513
2022-06-14,0.644229472,0.307120085,1.233831644,0.815011621
2022-06-15,0.718756557,0.06960509,0.001334851,0.058111917
2022-06-16,0.509028494,0.119994685,0.319694966,0.150059357
2022-06-17,1.098417521,0.32847333,1.324754,2.412863493
2022-06-18,0.165644005,0.001372561,0.001372561,3.099350929
2022-06-19,0.632687449,0.000456101,0.000456101,0.928596675
2022-06-20,0.706434906,0.001714434,0.33363688,4.544859409
2022-06-21,1.414964676,0.470766664,0.17819038,2.190176249
2022-06-22,0.732549846,0.51689738,1.792928457,3.822736263
2022-06-23,1.159905314,0.733137071,0.585507095,3.341691971
2022-06-24,0.617245078,0.666887462,0.94811511,2.975833654
2022-06-25,0.1792081,0.066234604,0.069957592,0.065593638
2022-06-26,0.164142996,0.000392272,0.000392272,0.039714415
2022-06-27,0.096136369,1.113519073,0.775204659,1.716950893
2022-06-28,0.430551916,0.95405668,1.653360963,0.664365351
2022-06-29,1.550464749,0.586758077,1.750540257,0.664102077
2022-06-30,5.04830265,0.103321463,0.894659758,0.17645371
2022-07-01,5.054506779,0.498635441,1.686903715,0.101280347
2022-07-04,0.005497999,0.002749,0.251026154,2.068525314
2022-07-05,0.346975625,0.041692216,0.445484132,2.347963333
2022-07-06,2.264837503,0.12803787,0.600101233,0.7892524
2022-07-07,3.014141083,0.099812046,1.011016607,1.48062849
2022-07-08,0.760328233,0.003415704,0.239504531,4.015974522
2022-07-09,0.37403062,0.00036991,0.042112209,0.050441507
2022-07-10,0.084869839,0.000660166,0.000660166,0.547468305
2022-07-11,0.319233477,0.158722758,0.246218726,1.497656822
2022-07-12,1.110171556,0.00201583,0.057284385,2.267282486
2022-07-13,0.991889238,0.071606047,0.100545436,0.002151551
2022-07-14,0.228830501,0.186734021,0.135840401,2.552196264
2022-07-15,2.091479063,0.05130861,0.275185704,1.072133303
2022-07-16,1.827565908,0.674076021,0.299868792,3.021564484
2022-07-17,0.776528001,0.297985047,0.288419008,3.104744196
2022-07-18,0.917925239,0.232476875,0.678257346,2.968486547
2022-07-19,2.892377138,0.004147228,0.77321279,4.52613163
2022-07-20,3.833690882,0.242947653,0.931961894,2.014981747
2022-07-21,1.220511913,0.001313823,0.443820238,0.456816912
2022-07-22,0.424162328,0.326772213,0.400448024,4.955097675
2022-07-23,0.188937083,0.038454264,0.07120464,0.870503545
2022-07-24,0.013047614,0.009993584,0.008484364,0.000166768
2022-07-25,1.166666508,0.019486733,0.164200738,0.838837028
2022-07-26,1.059020996,0.051028762,0.176638275,1.586844563
2022-07-27,1.908686638,0.134597093,0.534912109,0.572227895
2022-07-28,1.627107859,0.013201714,0.451402813,0.491528183
2022-07-29,4.799597263,0.651671827,1.086762905,2.851991415
2022-07-30,1.385740638,0.019331096,0.000961766,1.884610057
2022-07-31,0.000909491,0.000454745,0.000454745,0.873510838
2022-08-01,0.525939286,0.001489192,0.001489192,2.165937662
2022-08-02,1.469708204,0.241300091,0.02423851,2.320132494
2022-08-03,2.427087784,0.020649394,0.2781066,3.236594915
2022-08-04,1.976089358,0.346910387,0.514157116,0.438494384
2022-08-05,2.111325026,0.206382036,0.477854043,1.976041913
2022-08-06,1.317940474,0.000752581,0.075483501,0.413242072
2022-08-07,3.235250473,0.001106561,0.090820819,0.231436372
2022-08-08,4.101813793,0.556207955,0.364288121,1.615010142
2022-08-09,3.722064018,0.047218923,0.055725895,2.109863758
2022-08-10,1.598495722,0.000894375,0.319604874,0.695626318
2022-08-11,2.525348425,0.098020874,1.087923169,5.002256393
2022-08-12,5.421443939,0.456589162,0.360793859,2.253667355
2022-08-13,1.274647474,0.001422074,0.033253465,2.100337744
2022-08-14,0.200998306,0.026399195,0.000208646,0.010301627
2022-08-15,0.846066117,0.397484004,0.000901529,0.445890367
2022-08-16,3.217291832,0.445820332,0.40455243,2.069155693
2022-08-17,2.178927422,0.041574094,0.113918655,2.089887619
2022-08-18,0.748526931,0.219023511,0.193659246,2.537555695
2022-08-19,0.376946867,0.215223148,0.52391243,2.751657486
2022-08-22,1.110334158,0.003287151,0.216067195,2.13590312
2022-08-23,0.583322287,0.000472387,0.049607057,0.835932255
2022-08-24,0.472558796,0.035313159,0.055384945,1.810555935
2022-08-25,0.566289544,1.021351933,0.744751334,2.728988171
2022-08-26,1.64992559,0.017480953,0.416155517,1.897983193
2022-08-27,0.064755969,0.000285851,0.000285851,0.000285851
2022-08-28,0.030881345,0.00052669,0.00052669,0.00052669
2022-08-29,0.431383222,0.002245973,0.326507986,1.544414878
2022-08-30,0.234724939,0.100030631,0.717821658,2.280272484
2022-08-31,0.941445768,0.900399089,0.206223875,0.278650612
2022-09-01,1.306319118,0.239747912,0.565438509,3.496038914
2022-09-02,2.076838255,0.40909341,0.716525793,2.408467293
2022-09-03,0.928958297,0.034202427,0.000404035,0.201419532
2022-09-04,0.598783195,0.000854688,0.000854688,2.410741329
2022-09-05,0.805283844,0.245354593,0.213620469,4.412799835
2022-09-06,1.925313711,0.815843582,1.090455413,4.022962093
2022-09-07,2.140591145,0.511535823,0.434630871,4.108498573
2022-09-08,1.362256527,0.193754777,1.480437517,1.409889102
2022-09-09,0.343699634,0.051948123,0.283688515,2.29362607
2022-09-10,0.0139704,0.00025985,0.035679795,0.454611003
2022-09-12,0.647162974,0.025752461,0.112766169,3.802651644
2022-09-13,5.22771883,0.524368584,2.208593845,0.289841324
2022-09-14,1.663914442,0.002061889,0.728931844,0.048056148
2022-09-15,1.641513348,0.560454011,1.634934664,2.235313892
2022-09-16,0.530447483,0.490999848,1.348679662,3.306471109
2022-09-17,0.027068574,0.000131709,0.000131709,0.025439167
2022-09-19,0.721452296,0.132251918,0.36594981,0.720380068
2022-09-20,0.569179237,1.128820777,1.695067286,0.361895323
2022-09-21,1.732296228,0.881608784,2.012640238,1.948843837
2022-09-22,2.346893311,0.793063343,0.951274633,0.530265987
2022-09-23,2.314405203,1.542163372,0.902901947,0.589119613
2022-09-24,0.000238328,0.000119164,0.000119164,0.639413476
2022-09-26,1.25022316,0.044894241,0.31535247,1.665863037
2022-09-27,1.846163034,0.589267075,1.441561937,4.805099964
2022-09-28,2.277833462,0.591008663,2.220066071,5.594491482
2022-09-29,2.570355415,0.278767765,0.540463805,3.407269955
2022-09-30,0.471715987,0.038092181,0.014186241,0.957134962
2022-10-01,0.000597359,0.074759893,0.000298679,0.000298679
2022-10-02,0.000801059,0.000400529,0.000400529,0.000400529
2022-10-03,1.419321775,0.0024506,0.01499219,1.700015664
2022-10-04,1.753658533,0.969608426,0.624333799,0.273975372
2022-10-05,1.019598126,0.249273643,0.723497152,1.130300999
2022-10-06,1.612521172,0.469755679,0.957261741,0.678786159
2022-10-07,1.18056345,0.103769809,0.106556252,0.075139098
2022-10-10,1.05353868,0.124064885,0.08087565,0.943144977
2022-10-11,1.789462566,0.488827825,0.946169496,0.061415348
2022-10-12,1.285433412,0.199015185,0.70287472,0.223427922
2022-10-13,0.748504043,0.200982392,0.57332176,0.655462444
2022-10-14,1.412002683,0.642929912,0.017300893,0.003328484
2022-10-15,0.465029955,0.00037223,0.00037223,0.00037223
2022-10-17,0.910817981,0.002640693,0.045919105,1.833016157
2022-10-18,1.133947372,0.035386205,0.148354188,0.537301302
2022-10-19,0.095296815,0.567546964,0.655379951,1.255574465
2022-10-20,0.342897564,0.646362364,0.471202344,1.659567475
2022-10-21,0.985681057,0.635716856,0.237059623,0.002004679
2022-10-22,0.000254131,0.03371508,0.035394523,0.000127065
2022-10-24,0.214837,1.789867759,0.738840401,2.644298315
2022-10-25,0.927478015,0.864521801,0.729264081,1.609384298
2022-10-26,1.989652634,0.210635409,0.888354957,1.107368827
2022-10-27,0.672723532,1.247613788,1.709791899,1.405768156
2022-10-28,1.374025345,0.738743007,0.806192636,1.582895756
2022-10-29,0.18469207,0.000261534,0.000261534,0.000261534
2022-10-31,0.811049581,0.513393641,0.432350576,0.868777275
2022-11-01,3.86752367,1.711915255,0.810441792,1.322082043
2022-11-02,0.582070768,1.34028244,1.525669336,0.48807019
2022-11-03,0.931760192,1.044629693,2.780723572,0.939347565
2022-11-04,0.661528826,1.909157038,0.591177702,0.294857383
2022-11-05,0.538437486,0.272428274,0.266313165,0.156584814
2022-11-06,0.042515595,1.253500938,0.147189647,0.191744134
2022-11-07,2.550323963,6.546597481,1.323333502,1.2396878
2022-11-08,2.817658663,5.952111721,2.061833858,1.664361
2022-11-09,1.31607759,2.333980799,3.068028212,0.178197607
2022-11-10,2.602581024,2.728341103,1.600898147,0.788871646
2022-11-11,1.444071531,3.259157181,3.077645779,0.583054125
2022-11-12,0.906707048,0.253654808,0.251294911,0.37280193
2022-11-13,1.79705143,0.058321606,0.197544336,0.06456618
2022-11-14,1.757522225,5.669816494,1.07776773,1.571897388
2022-11-15,1.443330407,4.572307587,2.857288361,1.094210982
2022-11-16,1.834681034,4.308333397,2.276365995,0.694254279
2022-11-17,1.172154188,5.896560669,0.714458585,0.592805326
2022-11-18,1.484320045,5.992872715,0.911251187,0.325012743
2022-11-19,0.526220918,3.844567776,0.141246885,0.12635003
2022-11-20,0.230433673,0.463185042,0.047365155,0.005165555
2022-11-21,0.556025684,4.320457935,1.399331093,0.256244689
2022-11-22,0.724034846,0.755419731,0.865952134,0.945513487
2022-11-23,0.188694596,0.001281371,0.301487356,0.092149809
2022-11-24,0.256216168,0.001520848,0.230786473,0.224872231
2022-11-25,0.200878605,0.001236477,0.480932057,0.053862151
2022-11-27,0.024735888,0.000161482,0.000161482,0.000161482
2022-11-28,0.124479637,1.024819851,0.327671021,0.642495394
2022-11-29,0.983301282,0.364950359,0.176298007,0.231445655
2022-11-30,2.795306444,0.766022861,0.467395574,0.00780081
2022-12-01,1.110502481,0.743503213,1.178053021,0.262600154
2022-12-02,0.74646765,0.256777585,0.349090517,0.061234996
2022-12-03,0.603112817,0.000193433,0.000193433,0.049990214
2022-12-05,1.374070287,0.110714331,0.199607551,0.293263584
2022-12-06,0.883604109,0.822455525,0.122591794,0.309328794
2022-12-07,1.573747993,1.307901144,1.22688961,1.029640675
2022-12-08,1.566860676,0.128095001,0.907443643,1.049811482
2022-12-09,2.576370239,0.088452794,0.336344987,0.07715103
2022-12-10,0.363047183,0.000367894,0.109275363,0.000367894
2022-12-11,0.000533902,0.000266951,0.257710367,0.000266951
2022-12-12,0.641800284,0.309620589,0.624156952,0.013933158
2022-12-13,1.429385662,0.49814868,1.077191591,1.015110016
2022-12-14,1.331827641,0.844096303,1.081620216,0.99303323
2022-12-15,0.900987625,0.736273348,1.01559341,0.237665713
2022-12-16,1.448056936,0.036779676,0.697644114,0.985076785
2022-12-17,0.00071256,0.068177857,0.128796116,0.502273798
2022-12-18,0.000468099,0.105396442,0.222505644,0.000234049
2022-12-19,0.873571694,0.453329235,1.350467563,0.696199834
2022-12-20,1.034129381,0.43075043,0.19443503,0.038939331
2022-12-21,0.516942978,0.010675582,0.016643856,1.321383953
2022-12-22,0.623527825,0.001075958,0.063639447,0.179903045
2022-12-23,0.423379779,0.023661446,0.670376956,0.981793702
2022-12-24,0.674512386,0.063599043,0.001090177,0.393090338
2022-12-25,0.001778256,0.219256908,0.000889128,0.000889128
2022-12-26,0.060713377,0.000413417,0.044022281,0.400566578
2022-12-27,0.152825519,0.024817435,0.096709497,0.079708211
2022-12-29,0.079979494,0.000325537,0.057218023,0.023490621
2022-12-30,0.398882687,0.00089952,0.084584065,0.00089952
2022-12-31,0.123315513,0.000306816,0.014573876,0.123969071
2023-01-01,0.055692535,0.000205928,0.035412207,0.028822249
2023-01-02,0.570822001,0.000575028,0.037877847,0.121591307
2023-01-03,0.478392243,0.017452771,0.016052866,0.109873444
2023-01-04,0.362372458,0.018880479,0.748991013,0.497111708
2023-01-05,0.957650065,0.25013271,0.388377428,1.307179093
2023-01-06,1.345975041,0.266670078,0.479727447,2.301832199
2023-01-07,0.254815102,0.000269258,0.143171519,0.877194822
2023-01-08,0.015434971,9.74036E-05,0.012046129,0.161425129
2023-01-09,0.542079747,0.162190676,0.336729765,2.029491901
2023-01-10,1.111214757,0.121579506,1.591099739,1.921805978
2023-01-11,1.563845634,0.212128177,0.003971534,3.450006247
2023-01-12,0.754482269,0.52344662,0.232157484,1.884679675
2023-01-13,1.135044575,0.393967479,0.18997027,0.061717428
2023-01-14,0.087589763,0.000312737,0.000312737,0.000312737
2023-01-15,0.006776021,9.91015E-05,9.91015E-05,0.189489067
2023-01-16,1.072141767,0.497542053,0.360818714,0.102354944
2023-01-17,0.325993806,0.297684491,0.309798837,0.73599118
2023-01-18,0.882515252,0.627777219,0.160058811,0.115678787
2023-01-19,1.431845665,0.254513949,0.804423749,0.868506968
2023-01-20,1.91706109,0.409631163,0.93389672,0.787679136
2023-01-21,0.028594013,0.000410856,0.000410856,0.06629096
2023-01-23,0.081866421,0.00145944,0.180411488,0.030413739
2023-01-24,0.746630073,0.188357621,0.435935855,0.213732317
2023-01-25,0.096860483,0.002684791,1.337658644,0.165448397
2023-01-26,0.617474616,0.231364608,0.306395471,0.414443851
2023-01-27,2.577170372,0.002800032,0.508377194,0.028454691
2023-01-29,0.008561363,0.000678586,0.000678586,1.567268372
2023-01-30,1.122570515,0.147475183,0.126163453,1.496906519
2023-01-31,0.792400897,0.001867025,0.118747175,0.096070044
2023-02-01,0.72231853,0.153604105,0.358090043,1.467077613
2023-02-02,1.110313535,0.002031097,0.249242902,0.938871741
2023-02-03,0.85807246,0.063964546,0.541602433,0.091094889
2023-02-04,0.650061965,0.000353524,0.000353524,0.033472773
2023-02-05,0.000476397,0.000238198,0.009650392,0.000238198
2023-02-06,0.391529292,0.239265487,0.137540475,0.749191999
2023-02-07,0.560925901,1.323430181,0.617326438,0.424096137
2023-02-08,0.254450709,0.118104152,0.376372337,0.209662557
2023-02-09,0.282874852,0.176668152,0.260346413,0.023838952
2023-02-10,1.287452579,0.001775012,0.753161252,0.822825134
2023-02-11,1.138167977,0.000448297,0.000448297,0.021185817
2023-02-13,0.430420339,0.001443797,0.218225777,0.001443797
2023-02-14,0.857954144,0.43681246,0.697676778,0.085966557
2023-02-15,1.889281869,0.439994097,0.569936454,0.559812844
2023-02-16,1.027315378,0.459236264,0.294127166,0.153707907
2023-02-17,0.580290079,0.622176588,0.289236218,0.764867485
2023-02-18,0.202363491,0.110412888,0.000617492,0.181715578
2023-02-19,0.135102183,0.000232819,0.000232819,0.000232819
2023-02-20,0.110945195,0.301568925,0.030099003,0.28363806
2023-02-21,1.09347415,0.044938624,1.243978143,0.84821105
2023-02-22,0.425868332,0.442993104,0.107376665,1.488718152
2023-02-23,1.921179295,0.152100846,0.877907574,2.301141262
2023-02-24,1.257525444,0.303921759,0.210481718,1.483449697
2023-02-25,0.356788307,0.138260871,0.020139843,0.167540818
2023-02-26,0.13034153,0.018350041,0.000178729,0.000178729
2023-02-27,0.286839962,0.202163145,0.161927626,0.983584583
2023-02-28,1.739689231,0.307372004,0.237511903,0.138713151
2023-03-01,1.683233142,0.017489459,0.312772155,0.562640786
2023-03-02,1.211674333,0.204194993,1.252482891,0.518941641
2023-03-03,0.602536142,0.241005272,0.209040597,0.119376928
2023-03-04,0.037164971,0.103541605,0.173738271,0.000724426
2023-03-06,0.846080303,0.68328321,0.301740378,0.101684026
2023-03-07,2.149339914,0.35310623,0.603134096,0.195697173
2023-03-08,1.33578229,0.003490355,0.447448403,0.049863718
2023-03-09,1.393287182,0.290896744,0.383913368,1.42510736
2023-03-10,2.395453215,0.275358289,0.264357686,2.36860323
2023-03-11,0.336472571,0.000737471,0.050482471,1.365608931
2023-03-12,0.353569627,0.000711114,0.0339064,0.670240998
2023-03-13,0.307945371,0.036322761,0.032537628,3.176843643
2023-03-14,1.196057081,0.022531586,0.576002061,1.241463542
2023-03-15,1.413386464,0.125501543,0.583260119,1.62697053
2023-03-16,0.470307052,0.00236619,1.120662332,1.492751241
2023-03-17,2.005954742,0.183231488,0.692973852,2.056095123
2023-03-18,0.210740045,0.000247245,0.000247245,0.000247245
2023-03-20,0.687491477,0.129548326,0.23132062,0.843974173
2023-03-21,1.607008457,0.887048185,2.203261137,1.158587456
2023-03-22,0.814547062,0.5453462,0.466341048,1.96064949
2023-03-23,0.46141696,0.036620621,0.073455453,0.859736323
2023-03-24,1.082790256,0.430656016,0.691686869,0.863716125
2023-03-26,0.000214251,0.000107125,0.000107125,0.385509551
2023-03-27,0.250053793,0.102708787,0.318384379,1.113860011
2023-03-28,0.881347775,0.164335832,1.3075279,0.104838885
2023-03-29,2.205484867,0.72408849,0.923692346,0.107077368
2023-03-30,1.30999577,0.427848667,0.692150056,0.122418568
2023-03-31,1.044101477,0.182871908,0.911245823,0.765601933
2023-04-01,0.001054543,0.000527272,0.000527272,1.198956728
2023-04-02,0.001066901,0.114664376,0.00053345,0.00053345
2023-04-03,0.226533294,0.024829542,0.880740941,0.151413515
2023-04-04,1.399885893,0.007826697,0.041976906,0.953864634
2023-04-05,0.379305124,0.00232705,0.672681689,0.756243527
2023-04-06,0.697914302,0.191358462,0.540621102,0.447518378
2023-04-07,0.657517016,0.000642323,0.206444472,0.000642323
2023-04-09,0.034981016,5.33104E-05,0.025253978,5.33104E-05
2023-04-10,0.020205915,0.001057314,0.04066366,0.001057314
2023-04-11,0.606542468,0.022578927,0.739765584,0.007620258
2023-04-12,0.10909754,0.207586646,0.312559605,0.186921448
2023-04-13,0.328359932,0.418301702,0.570927858,1.261774063
2023-04-14,0.322087944,0.705504954,0.753786564,0.254120886
2023-04-15,0.16481939,0.073172361,0.116894267,0.000393587
2023-04-16,0.045433491,0.000290034,0.052639741,0.000290034
2023-04-17,0.667800844,0.121309027,0.480695665,0.210979506
2023-04-18,0.65531981,0.724858761,0.61346662,0.344123393
2023-04-19,0.019303223,0.025786079,0.231498137,0.036909379
2023-04-20,1.928511858,0.433133274,1.173141837,0.732263088
2023-04-21,1.511889458,0.347680956,0.768241346,0.382725716
2023-04-22,0.034180127,0.228771746,0.006420863,0.469785988
2023-04-23,0.481079668,0.000219955,0.090221614,0.121860564
2023-04-24,2.018888712,0.173254266,0.461761206,0.231812835
2023-04-25,1.836744189,0.076249443,0.031595234,0.57636261
2023-04-26,1.294545054,0.024590854,0.411927521,0.073475726
2023-04-27,1.031954765,0.117675111,0.17690289,2.925959826
2023-04-28,1.838063002,0.039936192,0.808470249,0.767516375
2023-05-01,0.553879142,0.079787888,0.024506457,0.000801994
2023-05-02,1.346834421,0.405791461,0.160850853,0.091729805
2023-05-03,0.562605321,0.747471333,0.508181691,0.001686483
2023-05-04,1.093518019,0.053688899,0.598988533,0.391219735
2023-05-05,0.404717952,0.326524138,0.513647854,0.470101297
2023-05-08,1.008221149,0.279088169,0.529272735,1.076492548
2023-05-09,0.899328947,0.500495791,0.345890105,0.739329517
2023-05-10,1.312285185,0.929997563,1.319468737,1.785276413
2023-05-11,1.0503335,0.002690476,0.754790902,1.598101854
2023-05-12,1.017424464,0.001894487,0.990847945,0.400734901
2023-05-13,0.000530388,0.108501598,0.000265194,0.011045681
2023-05-15,0.148177356,0.366341621,0.518375516,0.278477907
2023-05-16,0.965733707,0.174235195,0.661877692,0.700224757
2023-05-17,0.056302153,0.582773805,0.499997288,1.774701357
2023-05-18,1.288264632,0.060677551,0.306162238,0.765114546
2023-05-19,1.327235222,0.661041737,0.275736183,2.178985119
2023-05-20,0.000482207,0.112449184,0.000241104,0.000241104
2023-05-21,0.140239477,0.135538667,0.271274447,0.032360826
2023-05-22,0.689233661,0.249699146,0.558221519,0.818828285
2023-05-23,0.425685078,0.31755206,1.329475403,0.178376481
2023-05-24,0.439546764,0.216999516,1.123302102,0.581617057
2023-05-25,1.045506835,0.451975226,0.961271703,0.928331137
2023-05-26,0.586785853,0.246078849,0.511323452,0.515831888
2023-05-27,0.076644801,0.000407114,0.000407114,0.039216403
2023-05-28,0.061516944,0.026503181,0.000353535,0.000353535
2023-05-29,0.249651879,0.200886726,0.075748473,0.977829278
2023-05-30,3.473104,0.073883682,0.454395145,0.427439928
2023-05-31,1.466850638,0.001553435,0.175168797,1.234495163
2023-06-01,1.729592919,0.305190116,0.558399141,0.798022211
2023-06-02,0.825739384,0.175810888,0.163358197,2.089932203
2023-06-03,0.040460218,0.000117162,0.016199708,0.000117162
2023-06-05,1.188782811,0.785893559,0.105148688,0.82085073
2023-06-06,0.794253886,0.885374308,0.578885376,0.504303277
2023-06-07,1.670538187,0.64614141,0.288582593,1.287825942
2023-06-08,0.718196988,0.529631197,0.56629163,3.307278156
2023-06-09,1.277360916,0.103745207,0.255966663,2.679363489
2023-06-11,0.001203758,0.153004512,0.013985999,0.000601879
2023-06-12,0.594857812,0.275649667,0.75914675,0.504220188
2023-06-13,0.799700141,0.507921219,0.856970906,0.940355122
2023-06-14,0.819216251,0.167175412,0.557424843,0.142103299
2023-06-15,2.082719564,0.358835846,1.362417579,5.071160793
2023-06-16,3.026010513,1.298398018,0.220382571,2.739591837
2023-06-18,0.048651148,6.91585E-05,0.021566318,6.91585E-05
2023-06-19,2.332323313,0.291514933,0.240514323,1.438840628
2023-06-20,0.187100336,0.526863933,0.103822179,0.527797282
2023-06-21,1.606880784,0.138284296,0.704006791,0.657651901
2023-06-22,0.665139318,0.504803836,0.623341858,0.575430989
2023-06-23,0.859876573,1.354204416,0.446202755,1.719434738
2023-06-24,0.243736163,0.189846918,0.025249064,1.328020215
2023-06-25,1.172009706,0.124431483,0.000594664,0.000594664
2023-06-26,0.695742905,0.119121656,0.176711053,0.147918656
2023-06-27,0.619527698,0.134371981,0.80576849,1.090031266
2023-06-28,0.979734719,0.320512861,0.979987383,0.593007267
2023-06-29,1.034566641,0.427986085,0.569685936,0.329846591
2023-06-30,1.44621253,0.214372784,0.950238466,0.271027893
2023-07-03,0.589393139,0.363793492,0.496910214,3.690970421
2023-07-04,0.414175689,0.171550989,0.859004617,1.213121295
2023-07-05,1.070106506,0.770872891,0.767111361,0.291092724
2023-07-06,1.14390564,0.449471056,0.398705304,1.024999261
2023-07-07,2.013744116,0.71837312,1.239262581,1.021209121
2023-07-08,0.210597485,0.425259352,0.183816016,0.023681784
2023-07-09,0.255413979,0.018175397,0.000292015,0.000292015
2023-07-10,3.050166368,0.446411401,0.41265288,1.18736732
2023-07-11,2.650662661,0.212971285,1.025594473,0.981245339
2023-07-12,0.74788475,0.888297021,0.381790966,2.259618282
2023-07-13,2.376952648,0.675409973,0.301479965,0.517944813
2023-07-14,1.707768559,0.865471303,0.80219537,0.003586789
2023-07-15,0.00787147,0.188543722,0.000894299,0.365763992
2023-07-16,0.019382849,0.054386478,0.028324196,1.401461601
2023-07-17,1.089760542,1.30378902,1.678986549,3.105771303
2023-07-18,1.11401391,1.249176502,0.76268959,5.963812351
2023-07-19,1.421712399,0.581522703,0.401146621,1.862340093
2023-07-20,1.641228795,1.171789646,1.336819887,2.884038925
2023-07-21,0.452145278,1.057534575,0.403289855,4.089894772
2023-07-22,0.567033529,0.373010188,0.087294161,0.02052181
2023-07-23,1.492666602,0.000626055,0.000626055,0.053255439
2023-07-24,0.738572598,1.258405805,0.938671947,4.686903477
2023-07-25,2.992111206,0.427983731,1.063945293,3.17193222
2023-07-26,0.30079174,0.198296398,0.524971485,5.417976379
2023-07-27,1.100657344,0.721674025,1.020641446,2.383078814
2023-07-28,0.760770559,1.692653537,1.002565861,3.490637779
2023-07-29,0.039897285,0.000238285,0.000238285,0.736980855
2023-07-31,0.367624462,0.062980443,0.002693862,2.481389046
2023-08-01,1.063941956,0.339531422,0.719418168,0.189420417
2023-08-02,1.475721478,1.00372839,1.741141915,2.679895163
2023-08-03,0.410508066,0.085909069,0.515425503,1.773939252
2023-08-04,0.942382693,0.172953591,0.155507371,1.798765779
2023-08-05,0.26031515,0.077286541,0.000668229,0.896651924
2023-08-06,0.002194496,0.249267116,0.001097248,0.842520952
2023-08-07,0.084594391,0.12629801,0.099421151,1.165652156
2023-08-08,1.428748012,0.230531961,0.615952432,4.44505167
2023-08-09,1.427425504,0.115224689,0.399579227,2.741802692
2023-08-10,3.409200907,1.105754495,0.515027881,6.199033737
2023-08-11,0.4854922,0.170471862,0.520812988,4.344717503
2023-08-12,0.063598752,0.030407004,0.112204924,0.126005158
2023-08-14,2.450465441,0.227125928,0.219642743,3.116982698
2023-08-15,0.735156059,0.007916396,0.266772062,3.834651947
2023-08-16,0.426613271,0.001470153,0.001470153,1.416826963
2023-08-17,0.457470357,0.071139745,0.443105996,4.900029659
2023-08-18,0.902061164,0.163987502,0.001823621,3.328673363
2023-08-19,0.050998539,0.06141578,0.000789585,2.432459831
2023-08-20,0.30676651,0.001655154,0.001655154,0.870778322
2023-08-21,0.537121892,0.172088012,0.026495472,5.672765255
2023-08-22,1.065719366,0.464417011,0.026687425,3.96535182
2023-08-23,1.255037904,0.448480695,0.175811797,2.83543849
2023-08-24,1.279600859,0.319644064,1.300755262,0.967023313
2023-08-25,0.796578407,0.468854338,0.294762999,2.843311071
2023-08-26,0.929191828,0.000182319,0.000182319,0.279615641
2023-08-27,0.562773585,0.000190172,0.000190172,0.362876803
2023-08-28,0.707633257,0.162391603,1.289253831,1.765898347
2023-08-29,1.276371717,0.188819647,0.665495217,1.485282898
2023-08-30,0.564917684,0.272548884,0.306554466,1.47713542
2023-08-31,0.314181626,0.127185464,0.222766772,3.062186003
2023-09-01,1.254169941,0.736839175,0.53456527,1.56243968
2023-09-02,0.420396596,0.000221981,0.000221981,1.037729263
2023-09-03,0.259415388,0.000375159,0.000375159,0.780328453
2023-09-04,0.803808093,0.369998246,0.176173687,1.803275585
2023-09-05,0.300945222,0.35473302,0.21226567,0.542049766
2023-09-06,1.342635036,0.838671863,0.941601992,0.027828828
2023-09-07,2.008533478,1.514843464,0.304013282,2.044160128
2023-09-08,0.922094226,2.081118822,1.215059996,1.476374626
2023-09-09,0.348714948,0.001361692,0.001361692,0.891484499
2023-09-10,0.000606319,0.00030316,0.00030316,0.848758578
2023-09-11,0.500797749,0.935231328,0.756575406,0.672945797
2023-09-12,1.099034071,0.284947783,0.786600471,2.520772696
2023-09-13,0.304964542,0.122136891,0.430017233,0.077302501
2023-09-14,1.726963758,0.208465815,0.367402673,0.195141003
2023-09-15,0.735350549,1.102377176,1.280382037,0.835785091
2023-09-17,0.12043006,0.069566265,0.000388759,0.145307392
2023-09-18,1.996090531,1.639841914,0.435188144,1.048298597
2023-09-19,1.293399811,0.647415161,0.582739413,1.274600029
2023-09-20,2.121515512,1.409878135,1.954234004,1.225283504
2023-09-21,1.332638144,0.564216793,1.426074028,0.699790597
2023-09-22,3.063367367,0.92142731,0.943327665,0.695982635
2023-09-24,0.530090332,9.27656E-05,9.27656E-05,0.014505863
2023-09-25,1.431316614,1.006164312,0.329188675,0.706783533
2023-09-26,1.570555687,0.352363527,0.530818999,1.081437349
2023-09-27,2.835436344,0.268519849,0.987184227,0.968711376
2023-09-28,1.703666687,0.071510583,0.265982538,0.9299196
2023-09-29,1.943172216,0.615030706,0.403667569,0.524068058
2023-09-30,0.6171152,0.02502108,0.058258545,1.777195692
2023-10-01,2.034403324,0.012471727,0.004222814,0.253146052
2023-10-02,1.198837757,2.608426332,1.345553279,1.353957415
2023-10-03,0.379134804,0.253647745,0.591093481,0.271698058
2023-10-04,1.414068699,0.315138906,0.23321268,0.091287732
2023-10-05,0.667476654,1.25335145,1.034962893,3.964466095
2023-10-06,0.998760104,0.317752838,0.427877277,3.833323479
2023-10-07,0.280302376,0.000244134,0.000244134,0.068837367
2023-10-08,0.405139804,0.000468139,0.000468139,0.036993466
2023-10-09,0.060817562,0.552906632,0.002556087,2.699096441
2023-10-10,0.195376247,0.452872813,0.111909121,1.124269485
2023-10-11,0.006922526,0.075440399,0.401058137,1.138447762
2023-10-12,0.307482094,0.002995138,1.023949623,1.416975379
2023-10-13,1.838331223,0.012594136,0.340044439,0.231980875
2023-10-14,0.390721887,0.000141969,0.000141969,0.000141969
2023-10-16,2.138636589,1.185832739,0.323195904,0.761336505
2023-10-17,0.633897305,0.200637847,0.141565949,0.354929656
2023-10-18,1.290300012,0.00711982,0.284020364,0.129290342
2023-10-19,1.39683342,0.897259772,0.092798501,0.443699718
2023-10-20,2.216325045,0.051948197,0.198525622,0.840398192
2023-10-23,0.626433313,1.350937605,0.126769498,0.001682801
2023-10-24,0.642897069,0.177486464,0.359034389,0.701932967
2023-10-25,0.289023668,0.400434852,1.686150908,0.156235665
2023-10-26,1.335975885,0.15447253,0.280031651,0.013761372
2023-10-27,0.278178364,0.923123717,0.238200083,1.108810425
2023-10-30,0.582553148,0.611845016,0.044718985,0.287058055
2023-10-31,1.165139318,1.567631364,0.250921369,0.352944821
2023-11-01,1.715229869,1.029742241,0.360163927,0.069640018
2023-11-02,0.455204129,0.970559359,0.7517066,0.043830223
2023-11-03,0.609322131,0.535699129,0.783137798,1.956819534
2023-11-04,0.000571584,0.000285792,0.000285792,0.849814832
2023-11-05,0.396018028,6.49193E-05,6.49193E-05,0.008967513
2023-11-06,0.772951543,0.643363893,0.416223228,1.413368702
2023-11-07,1.719658136,0.047295839,0.773070633,1.053311586
2023-11-08,1.057830811,0.279437631,2.344196081,0.740047216
2023-11-09,0.859177887,0.177670434,1.037576914,0.192238703
2023-11-10,1.816016436,1.213438869,0.657477021,0.759956837
2023-11-11,0.138760358,0.017459441,0.000207937,0.041964062
2023-11-12,0.45804137,0.053300366,0.040473551,0.062518977
2023-11-13,0.986964107,0.381153017,0.491767436,0.300157011
2023-11-14,1.981734633,0.189858124,0.543982863,1.253131151
2023-11-15,0.694477797,0.496070623,1.036300182,1.288643479
2023-11-16,2.251963854,1.692810655,1.568387628,2.334977627
2023-11-17,1.044170976,0.302714318,0.819992423,0.059349332
2023-11-18,0.428407162,0.045146476,0.000394617,0.023416111
2023-11-20,1.044989824,0.646441758,0.350788772,0.03895814
2023-11-21,1.839981318,1.405742288,0.817059219,1.310523748
2023-11-22,1.437562346,0.662123799,0.523043513,0.234489173
2023-11-23,0.631976783,0.350581735,0.442715913,0.168874115
2023-11-24,1.206036329,1.085814357,0.65970993,0.641288161
2023-11-25,0.798579216,0.061639495,0.137574747,0.179105133
2023-11-26,0.370261133,0.000487605,0.000487605,0.000487605
2023-11-27,1.385714173,2.295528173,0.928704202,1.202330947
2023-11-28,1.584809303,1.685788751,0.776934385,0.00204461
2023-11-29,2.492886543,2.82822156,3.357614756,0.497424752
2023-11-30,0.860181093,4.007917404,2.310027361,0.634714961
2023-12-01,2.493172646,4.290844917,1.765810728,0.415859401
2023-12-02,0.102754258,1.323198438,0.382283211,0.360350311
2023-12-03,0.340590954,0.080067977,0.000817871,0.839884996
2023-12-04,2.065496683,5.064521313,2.82498312,3.941406727
2023-12-05,0.866863012,3.499952793,2.348716259,0.690382063
2023-12-06,1.517739773,2.382995844,1.470580101,1.191772819
2023-12-07,0.89781642,2.074649811,0.279196411,0.274265379
2023-12-08,1.203778028,2.766584635,0.571294308,0.844137847
2023-12-09,0.001749494,1.538311958,0.000874747,0.516388416
2023-12-10,0.136675015,1.807185411,0.260026395,0.025341466
2023-12-11,1.045750141,5.319241047,1.320646405,0.467155248
2023-12-12,1.507713318,1.669508696,1.142198563,0.328525782
2023-12-13,0.660370827,4.230465889,0.866400063,0.177653953
2023-12-14,1.877149463,1.694385529,1.110356092,0.599494338
2023-12-15,1.607677698,1.734702349,0.376498729,0.112717815
2023-12-16,0.082896441,0.129813462,0.281856328,0.000476418
2023-12-18,1.073598146,0.330007285,0.800680578,0.635710716
2023-12-19,0.06132159,0.234645799,0.271593571,0.080278791
2023-12-20,0.363794953,0.256599337,0.929620981,0.540981889
2023-12-21,0.646071136,0.077349633,0.50875634,0.433942258
2023-12-22,1.346702337,0.242891267,0.387454927,0.225192994
2023-12-24,0.001312124,0.000656062,0.000656062,0.000656062
2023-12-26,0.001230026,0.000615013,0.000615013,0.261342168
2023-12-27,0.702228069,0.000368845,0.000368845,0.020355335
2023-12-28,0.09569525,0.000566313,0.000566313,0.535226405
2023-12-29,0.363197058,0.000219958,0.000219958,0.000219958
2023-12-31,0.000462988,0.000231494,0.000231494,0.715286911
2024-01-02,0.289877117,0.277236283,0.292823344,0.70921129
2024-01-03,0.628220737,0.030821482,0.07953316,1.416381955
2024-01-04,0.491294533,0.045739453,0.236997724,0.403781176
2024-01-05,0.313911706,0.001548423,0.222499847,0.64619416
2024-01-06,0.379229128,0.005533115,0.000349213,0.641777813
2024-01-07,0.010333111,0.00021766,0.00021766,0.714235365
2024-01-08,1.467159986,0.026595272,0.087974235,1.428526402
2024-01-09,0.313951671,0.222865343,0.78244704,0.264906347
2024-01-10,0.331967801,0.02886907,0.103471331,0.501220226
2024-01-11,0.882014811,0.251146019,0.185646608,1.188994527
2024-01-12,0.703036964,0.624468863,1.675233722,0.200990885
2024-01-13,0.322642773,0.289916784,0.000181923,0.000181923
2024-01-15,0.50141412,0.028799511,0.211427182,0.266364396
2024-01-16,1.994728208,0.02699947,0.774558485,0.28719306
2024-01-17,1.067617416,1.41325736,0.287492216,0.107322596
2024-01-18,0.662017465,0.173877239,1.88164556,1.618159294
2024-01-19,1.097621918,0.387566626,0.853521168,0.403611004
2024-01-20,0.000833797,0.000416898,0.014442488,0.204159945
2024-01-21,0.109248988,0.000285859,0.104416601,0.000285859
2024-01-22,0.507680535,0.086776234,0.312511533,0.206130803
2024-01-23,0.769518971,0.001642592,0.373886138,0.105142228
2024-01-24,0.931347609,0.252280951,0.825081885,1.227177858
2024-01-25,0.785938501,0.02601655,0.475731343,1.705688953
2024-01-26,1.560400009,0.578990579,0.057305876,1.307236791
2024-01-27,0.716834068,0.126621947,0.000445859,0.064062275
2024-01-28,0.000203708,0.000101854,0.000101854,0.072228953
2024-01-29,0.93629545,0.208069488,0.41620627,0.011619831
2024-01-30,0.634019613,0.000956316,0.291757792,0.164408877
2024-01-31,0.934222102,0.003293992,0.305629581,0.968912184
2024-02-01,0.903232753,0.644853771,0.306190193,0.827214837
2024-02-02,1.407506108,1.489777327,0.573033273,3.257315636
2024-02-03,0.203805402,0.000147127,0.056029979,0.000147127
2024-02-04,0.142183512,0.070710927,0.000627444,0.200562522
2024-02-05,0.118103668,0.071848653,0.143320799,3.025945663
2024-02-06,0.528731108,0.086176865,0.36487475,1.752087355
2024-02-07,2.261839628,0.072888099,1.049093962,2.933500528
2024-02-08,0.768706739,0.347255349,0.41203171,0.415772498
2024-02-09,0.33099398,0.788006365,2.045990467,0.465715706
2024-02-10,0.000485276,0.000242638,0.000242638,0.000242638
2024-02-12,0.12780349,1.223770022,0.176816747,0.012382955
2024-02-13,0.541781425,0.745975792,0.028436759,1.664940715
2024-02-14,0.08995457,0.034222178,0.088534564,0.247288316
2024-02-15,0.817008734,0.030729301,0.033900302,0.402800262
2024-02-16,4.432999134,0.161067665,0.210817978,0.457074672
2024-02-17,0.074688166,0.000328085,0.000328085,0.000328085
2024-02-19,0.270780325,0.063220225,0.055000618,0.054125566
2024-02-20,1.025099635,0.002152619,0.206496164,0.830734611
2024-02-21,1.933296204,0.77208674,0.535293221,0.641828179
2024-02-22,1.025667667,0.416174233,1.052215934,0.636636078
2024-02-23,1.184904218,0.002457361,0.584150672,0.689031839
2024-02-24,0.073915519,0.000200009,0.000200009,0.170021504
2024-02-25,0.394939065,0.105185337,0.000357248,0.000357248
2024-02-26,1.243527889,0.318164557,0.276372015,1.430973768
2024-02-27,1.113525152,0.317814887,0.288103104,0.504416883
2024-02-28,0.526743948,0.410437793,0.462727845,1.169110894
2024-02-29,1.812419057,0.603623807,0.926271617,2.599308491
2024-03-01,1.093164802,1.073046327,0.56567663,1.035480738
2024-03-02,0.084035426,0.000396569,0.000396569,0.040314864
2024-03-03,0.682676315,0.000122487,0.009813075,0.000122487
2024-03-04,0.716753721,0.600913405,0.446992815,0.893030524
2024-03-05,3.588625431,0.426677287,0.711623073,0.655943215
2024-03-06,2.89150548,0.002763418,1.229908586,0.13113223
2024-03-07,1.307493329,0.173659518,0.447570235,0.907372892
2024-03-08,0.871302724,0.018799676,1.147366285,0.201420769
2024-03-09,0.153580889,0.197745919,0.001280429,0.289999872
2024-03-10,0.101316988,0.000120684,0.000120684,0.128143057
2024-03-11,0.177672371,0.290637076,0.053776443,0.144386753
2024-03-12,0.102731377,0.049085446,0.115089051,0.433900923
2024-03-13,0.3662799,0.002822531,0.510127008,0.26640594
2024-03-14,1.143628836,1.203390479,1.332086205,0.443187296
2024-03-15,0.886399209,0.001455005,0.150853068,1.24544096
2024-03-16,0.021074263,0.000135281,0.000135281,0.116683744
2024-03-17,0.000246423,0.000123212,0.023764096,0.000123212
2024-03-18,0.787521422,0.673015654,0.223585382,0.307655811
2024-03-19,0.24062103,0.496750116,1.453258872,0.06591367
2024-03-20,0.705175519,0.018734775,1.943291426,0.522206306
2024-03-21,2.372048616,0.008236728,0.19872719,0.989351928
2024-03-22,1.346497059,0.015775353,0.731765211,1.139573693
2024-03-23,0.778360128,0.000703921,0.125796378,0.112343244
2024-03-24,0.341210842,0.000251461,0.012876492,0.000251461
2024-03-25,2.775879622,0.123527855,1.985073924,0.274188876
2024-03-26,2.582404852,0.5495525,0.908370376,0.341783822
2024-03-27,1.312004209,0.358669788,0.09563034,0.302947789
2024-03-28,0.821318567,0.009227849,1.186465621,0.134096727
2024-03-29,0.479255795,0.000128696,0.000128696,0.002850352
2024-03-31,0.362369776,0.000590981,0.148508206,0.024816111
2024-04-01,0.645748258,0.046301376,0.573507071,0.996347606
2024-04-02,3.055406332,0.032352466,0.770843029,0.266114205
2024-04-03,2.411659002,0.043487724,0.970027685,0.267675966
2024-04-04,2.624451399,0.203518882,1.747257113,0.273350477
2024-04-05,1.63060236,0.109638989,1.991336226,0.59256345
2024-04-06,0.043054268,0.001280115,0.590896547,1.032283425
2024-04-08,2.058804274,0.217408836,1.896612883,0.906485021
2024-04-09,4.03260231,0.398024172,1.611196518,2.714698315
2024-04-10,3.079309464,0.763248205,1.558973789,2.739309788
2024-04-11,1.752842188,0.07945852,1.480315804,1.238095284
2024-04-12,5.121182919,0.281909883,1.585921049,0.438925117
2024-04-13,0.658972263,0.0386733,0.193330839,0.299389303
2024-04-14,0.001104334,0.000552167,0.000552167,0.385485947
2024-04-15,1.298307657,0.141983762,0.32589981,1.192497492
2024-04-16,2.17090416,0.234168157,0.443754166,0.276006043
2024-04-17,3.755100727,0.699338913,2.945057154,1.378084302
2024-04-18,3.233866453,1.151570201,3.250860929,3.849152088
2024-04-19,3.411974669,0.248173401,0.776018858,1.990342259
2024-04-20,0.722532749,0.08439891,0.498011738,0.488626182
2024-04-21,0.263616145,0.000679872,0.043921698,1.066124916
2024-04-22,6.202960491,0.307616413,2.04282093,4.095144749
2024-04-23,3.719428539,0.132213831,1.30584693,1.335374236
2024-04-24,1.97850275,0.396880507,1.135586143,2.327617645
2024-04-25,3.622068405,1.48854351,2.09727788,1.844555974
2024-04-26,2.565001965,0.89650768,1.086464763,0.218787715
2024-04-27,0.500952303,0.000478657,0.275143713,0.034712251
2024-04-28,0.664818645,0.000726942,0.01943714,0.384872496
2024-04-29,2.796797037,1.013506651,1.602091908,5.221874714
2024-04-30,2.806450129,0.878316581,0.797554433,3.159263611
2024-05-01,3.92781806,0.564995706,0.945536315,1.399248362
2024-05-02,3.883314133,0.201802671,2.180525064,0.948083341
2024-05-03,1.884804845,0.026396994,1.259962201,1.500192523
2024-05-04,0.223115563,0.000794271,0.099177085,0.906523228
2024-05-05,0.1465967,0.026780393,0.093080096,1.102983713
2024-05-06,0.659894228,0.151182249,0.248756632,1.297111988
2024-05-07,0.894595742,0.778419912,0.406578124,1.233834624
2024-05-08,1.044396639,0.4312343,0.805810273,1.180814981
2024-05-09,5.965495586,0.701710343,1.821720004,0.729090393
2024-05-10,4.100832462,0.253788829,0.783405244,1.917065978
2024-05-11,0.068635806,0.178799674,0.03786888,0.692987144
2024-05-12,0.084581278,0.001931233,0.001931233,2.26527524
2024-05-13,1.666425943,0.370245934,0.635424435,1.986499548
2024-05-14,1.418520451,0.120659947,0.662559509,2.981374264
2024-05-15,1.287891626,0.28351751,1.181456447,3.110397577
2024-05-16,3.956274986,0.691534221,2.195217133,1.080846071
2024-05-17,2.676505089,0.152302772,1.730617642,1.760843039
2024-05-18,1.10823822,0.001132896,0.299162179,0.167493448
2024-05-19,0.072109647,0.000845885,0.000845885,0.20224151
2024-05-20,2.370239019,0.067706354,0.612030268,1.254358292
2024-05-21,4.840223312,0.982844353,2.811612129,0.412133425
2024-05-22,4.509159565,0.635689855,0.442536533,0.286287755
2024-05-23,5.586949825,0.481989294,1.432735085,2.37081337
2024-05-24,3.168148518,0.713603973,0.736214697,0.939460814
2024-05-25,0.114076599,0.000628197,0.000628197,1.054834604
2024-05-26,0.638920128,0.146482795,0.001252937,0.188944176
2024-05-27,4.382296085,1.538148284,2.079648495,3.746240139
2024-05-28,1.698105454,0.292058706,1.525386691,2.745894909
2024-05-29,5.158236504,2.352843523,0.694913328,3.183489799
2024-05-30,1.816741228,0.636303127,1.53680861,2.403403759
2024-05-31,1.92143333,0.480953962,0.588671982,4.009999752
2024-06-01,0.442840606,0.000199033,0.000199033,0.000199033
2024-06-02,0.967715561,0.000999314,0.000999314,1.462069869
2024-06-03,2.666801453,1.144780397,1.046866894,4.006300926
2024-06-04,4.501503468,0.165293127,0.439637661,3.19385767
2024-06-05,3.622971296,2.016033649,2.302387476,4.110461712
2024-06-06,4.498691559,0.477625549,1.248368979,3.09281826
2024-06-07,4.322635651,0.794071674,1.30126071,1.327749848
2024-06-08,0.730415285,0.143195719,0.001014996,0.532410502
2024-06-09,2.515212059,0.263408244,0.038622517,0.112902492
2024-06-10,7.790228844,0.682010949,2.111381292,1.772449732
2024-06-11,4.250951767,0.330430776,1.306242704,0.622941077
2024-06-12,4.330938816,0.315257758,0.261499912,3.937649488
2024-06-13,3.707137823,2.746043205,1.047062874,1.349350691
2024-06-14,2.815811157,1.179647565,0.453443557,0.334632874
2024-06-15,0.001050284,0.000525142,0.000525142,0.000525142
2024-06-16,0.58597064,0.000100324,0.000100324,0.000100324
2024-06-17,2.756505489,0.436842501,1.056955457,0.987781942
2024-06-18,1.941656947,0.176727936,0.870049119,1.039224029
2024-06-19,1.980953574,0.223086596,0.43847689,3.270315647
2024-06-20,2.68571496,0.520803869,1.98703897,4.396644592
2024-06-21,2.979764938,0.304531246,1.409689665,4.799321651
2024-06-22,1.631465197,0.170608953,0.153907552,1.378691316
2024-06-23,0.760899007,0.514109612,0.467077792,0.82431519
2024-06-24,2.515118361,0.552752316,1.889285326,4.142481327
2024-06-25,3.271849394,0.339478672,1.094074607,1.446927547
2024-06-26,0.473599523,0.002308946,0.479917675,1.640912175
2024-06-27,1.539248109,0.476577044,1.100810647,2.421989679
2024-06-28,4.286205292,1.087148547,1.41586566,4.50854969
2024-06-29,0.002149536,0.001074768,0.113607123,1.70251298
2024-06-30,0.320008934,0.001133434,0.001133434,1.846315384
2024-07-01,2.662602186,0.464616954,0.755465806,5.549975872
2024-07-02,2.365060091,0.89759177,1.851673007,4.830166817
2024-07-03,1.406347871,0.175243542,0.771624804,3.645575762
2024-07-04,0.581078947,0.001713951,0.158915281,4.169456005
2024-07-05,0.484473735,0.175205693,0.005781224,4.45849371
2024-07-06,0.115123697,0.000692061,0.000692061,0.736411691
2024-07-07,0.282207072,0.083425477,0.027735695,1.359868526
2024-07-08,0.650052667,0.58762002,0.81326288,5.079924583
2024-07-09,4.839440823,0.971316993,2.258512735,4.573074818
2024-07-10,2.945473433,1.128109217,0.817081988,4.276226997
2024-07-11,6.404336929,0.517927945,1.444517016,2.666981697
2024-07-12,0.26032263,1.707224607,0.331541359,1.803945303
2024-07-15,1.493044615,0.920421898,0.293475837,0.812982023
2024-07-16,1.879406929,0.199940532,0.45207116,2.128377914
2024-07-17,1.268590689,0.053422417,2.320881128,1.770065546
2024-07-18,2.063964844,0.731668234,0.627256036,7.496581554
2024-07-19,1.596139193,1.657320023,0.821761966,1.850999713
2024-07-20,0.000349597,0.000174798,0.000174798,0.000174798
2024-07-21,1.233949423,0.000460902,0.000460902,0.511056304
2024-07-22,1.056372643,0.013621426,0.588584423,1.528910398
2024-07-23,3.069671392,0.442116916,1.820905805,2.995477438
2024-07-24,1.847975254,0.091278732,0.755580008,2.518836498
2024-07-25,0.496751785,0.728574812,0.937483668,2.430076361
2024-07-26,0.615842521,0.049313355,0.168615267,3.57597518
2024-07-27,0.076457128,0.001534734,0.037972685,2.363838911
2024-07-28,0.271550566,0.001044012,0.001044012,1.105585456
2024-07-29,3.228340626,0.786772847,1.854732275,3.62815237
2024-07-30,1.724723697,0.108127914,1.615916133,6.605017185
2024-07-31,1.149400711,0.088173494,0.886826217,5.048414707
2024-08-01,1.151756167,0.015214786,0.130162582,6.0285182
2024-08-02,1.125931144,0.075506777,0.060995772,3.970742702
2024-08-03,0.001787582,0.000893791,0.000893791,0.870475888
2024-08-04,0.33481735,0.000232203,0.000232203,0.804548264
2024-08-05,1.192831278,0.008600575,0.233597323,5.618638992
2024-08-06,2.140081644,0.028868999,0.305674821,3.351651192
2024-08-07,2.930253506,0.003336128,0.553016722,1.584473729
2024-08-08,1.512475729,0.003488694,0.16936776,2.214859486
2024-08-09,1.015175343,0.0339991,0.188862488,2.526579142
2024-08-11,0.174900666,0.001226983,0.001226983,2.286655426
2024-08-12,1.810224295,0.106430992,0.715544701,3.760937929
2024-08-13,1.780673862,0.021743741,0.55114001,6.049314499
2024-08-14,2.676834822,0.032950282,0.774702549,4.183921337
2024-08-15,1.719286442,0.002478821,0.002478821,2.432231188
2024-08-16,2.690757751,0.367267579,0.727092624,1.180404902
2024-08-17,0.634912908,0.000402147,0.000402147,0.865463674
2024-08-18,0.641602516,0.00048696,0.00048696,0.989203215
2024-08-19,1.746804118,0.568353415,0.744314551,2.550956726
2024-08-20,0.633431673,0.095145546,0.16600053,2.363936186
2024-08-21,1.743117929,0.00179765,0.056615841,2.049134731
2024-08-22,1.96381712,0.200665936,0.076722071,3.025218964
2024-08-23,1.532852292,0.138292849,0.018999727,1.244617581
2024-08-24,0.450703025,9.9131E-05,9.9131E-05,9.9131E-05
2024-08-25,0.586067677,0.017963812,0.001564342,2.197790384
2024-08-26,1.315165281,0.388582587,0.20872812,5.003713131
2024-08-27,1.036349535,0.301653415,0.83931911,2.25549984
2024-08-28,2.828179598,0.131541744,2.156279087,2.156064749
2024-08-29,2.725802422,0.204797387,1.814702749,2.661851406
2024-08-30,2.34386158,1.325018048,1.113602519,1.943377018
2024-08-31,0.063150786,0.000522635,0.007345499,0.653439045
2024-09-01,0.046539776,0.001595003,0.001595003,0.167289376
2024-09-02,0.00607294,0.0851757,0.073745117,1.892951131
2024-09-03,3.324384928,1.470599532,0.870609164,3.34115386
2024-09-04,3.100654602,0.809707999,0.758370399,1.306759477
2024-09-05,2.62959671,0.365413219,1.324156642,1.661993146
2024-09-06,1.430402279,0.756386995,1.419554591,3.264018536
2024-09-07,0.902629137,0.257161736,0.164373145,1.117007136
2024-09-08,0.110723577,0.000467871,0.000467871,1.01741457
2024-09-09,0.612390041,0.128453106,0.191384792,1.68082571
2024-09-10,1.088773012,0.153010413,0.199381739,1.771002769
2024-09-11,1.171114087,0.297216415,0.932990313,1.949811935
2024-09-12,3.806924105,0.29081887,0.224041373,3.921202421
2024-09-13,0.947917759,0.001882346,0.016806185,2.561955452
2024-09-16,2.036821842,0.192454606,0.300872892,2.411358595
2024-09-17,2.201020479,2.028741121,0.55598104,2.785415649
2024-09-18,3.180037975,0.786088467,0.428166687,6.01651001
2024-09-19,1.913738966,1.048514962,1.485898256,3.697624207
2024-09-20,0.563223362,0.237007022,0.073163085,1.978474379
2024-09-21,0.269172132,0.906143785,0.00058206,0.00058206
2024-09-22,0.522147536,0.819503725,0.450229645,1.100389004
2024-09-24,0.978865683,1.376293659,1.465671182,3.097933292
2024-09-25,2.152028561,1.36676836,0.916555524,1.07592237
2024-09-26,1.321901321,0.423881173,0.394249469,0.284966618
2024-09-27,1.101997495,0.611482799,0.420886934,0.768574238
2024-09-28,0.993981123,0.001110315,0.001110315,1.583694696
2024-09-29,1.256645441,0.001104944,0.001104944,1.609358072
2024-09-30,2.273426771,0.127615213,1.226988435,3.640348196
2024-10-01,1.62121582,0.019419845,0.378363729,3.033566713
2024-10-02,3.27111721,0.786415339,0.600581706,1.32592392
2024-10-03,0.673543215,0.398254991,0.398423761,1.800485134
2024-10-04,1.029530287,0.300449312,0.224991158,3.218389034
2024-10-05,0.060528789,0.000593811,0.000593811,1.486813545
2024-10-06,0.062017981,0.000803948,0.000803948,1.464706421
2024-10-07,3.171971083,0.002468781,0.24372527,2.819297552
2024-10-08,0.567534864,0.487508655,0.544292629,1.187173605
2024-10-09,1.660200834,0.067157403,0.715452433,3.957538128
2024-10-10,0.310550123,0.069619596,0.66285032,2.239458561
2024-10-11,0.154148787,0.306834459,0.982368946,2.951502562
2024-10-12,0.112043738,0.000277724,0.000277724,0.88653028
2024-10-13,0.575342417,0.001556053,0.001556053,1.804230332
2024-10-14,1.230918288,1.833260298,0.135241255,0.808120191
2024-10-15,0.5694592,0.30918014,0.744659185,2.080805302
2024-10-16,1.796462893,0.700742602,0.682855427,1.168874621
2024-10-17,2.22968936,0.132843316,1.078154802,2.522404909
2024-10-18,0.793218255,0.038448796,0.232739508,0.757493734
2024-10-20,0.47412008,0.000790826,0.000790826,0.298558831
2024-10-21,4.008955479,1.527696133,1.198008657,1.126957178
2024-10-22,1.42715621,0.209861845,0.143339634,2.49268961
2024-10-23,0.479355365,1.046558022,0.387585968,2.066125393
2024-10-24,2.215613365,1.081149936,0.662874162,0.79230696
2024-10-25,2.372122526,2.936866999,2.268083811,0.739433169
2024-10-26,0.612683237,0.570773482,0.763189554,0.480862528
2024-10-27,0.604523182,0.983580112,1.17743504,0.352610707
2024-10-28,3.070333481,3.84295845,3.083331823,1.892758608
2024-10-29,2.476227522,1.674133778,1.08768487,1.26716578
2024-10-30,1.695541382,1.004979849,0.459153563,2.497548342
2024-10-31,2.804796457,0.315682381,1.283566594,2.495276928
2024-11-01,0.825385749,1.082710624,0.496226519,1.703071475
2024-11-02,0.000822213,0.000411107,0.000411107,0.981422067
2024-11-03,0.733856916,0.268619061,0.488188416,1.019138575
2024-11-04,1.955165386,1.2576195,0.638161778,1.961804986
2024-11-05,1.559854388,1.980576277,1.411214113,0.621308804
2024-11-06,6.169056892,0.534664869,0.759235144,1.358597279
2024-11-07,4.993869781,4.510347843,0.885590553,2.841037035
2024-11-08,3.552778006,4.14409399,0.689178109,3.012616158
2024-11-09,0.618977964,0.664503396,0.760258198,2.292314768
2024-11-10,0.295047104,0.513594806,0.058525905,0.00031842
2024-11-11,3.513033867,6.190314293,2.134412766,1.16246891
2024-11-12,5.375746727,3.179130316,4.502323627,1.308577538
2024-11-13,3.626027584,2.925728321,2.918788195,3.644145966
2024-11-14,2.592763186,1.441166639,1.295015335,2.943574905
2024-11-15,2.797027111,3.208749771,2.393390894,0.579428375
2024-11-16,1.368474007,2.385297537,0.625485063,0.50165987
2024-11-17,2.316998005,1.154912114,0.849945903,0.534390926
2024-11-18,3.875907183,5.623219967,3.502143621,0.975994825
2024-11-19,1.575594664,2.45184207,0.145597577,0.229151577
2024-11-20,1.1389575,2.703714132,0.93669039,1.869587779
2024-11-21,2.167251348,1.820640564,0.610187888,0.594121099
2024-11-22,2.535680532,2.744796038,0.483824342,0.433295161
2024-11-23,0.631726503,4.311313629,1.330014586,0.441228211
2024-11-24,0.312017292,2.12183094,0.07161244,0.162863374
2024-11-25,1.280933619,2.947817802,1.35676074,0.385907799
2024-11-26,1.879415274,0.668407977,0.425490826,0.126166329
2024-11-27,3.313915253,0.255087554,0.744662583,1.081821203
2024-11-28,0.142969191,0.044556919,0.117921233,0.073491514
2024-11-29,1.432073593,1.213020802,0.848081708,0.739178181
2024-11-30,0.28121534,0.000288709,0.010498994,0.103470504
2024-12-01,0.000902732,0.000451366,0.010657421,1.01320076
2024-12-02,1.61758697,2.812521458,0.383159786,1.845665097
2024-12-03,4.455029488,0.86356324,0.099337488,1.206344247
2024-12-04,2.749776602,0.291540861,0.575099349,0.887484789
2024-12-05,1.681690335,0.064131692,0.552230179,0.045419984
2024-12-06,1.292005301,0.110710949,0.212420329,0.309958249
2024-12-07,1.523645163,0.00039597,0.00039597,0.00039597
2024-12-08,0.783880532,0.000198116,0.000198116,0.000198116
2024-12-09,0.532694519,0.380060941,0.663537323,0.433634758
2024-12-10,2.357315302,0.205458641,0.79501009,1.295161486
2024-12-11,2.310951948,0.058849297,0.609390616,0.426240027
2024-12-12,5.47206974,0.310281485,2.355143785,1.297866464
2024-12-13,3.807814121,0.968361855,0.444158643,0.226958305
2024-12-14,0.529177368,0.000271468,0.15577668,0.000271468
2024-12-16,0.716675639,0.029942084,0.180084109,1.633406878
2024-12-17,1.349355578,0.031173451,0.944176555,1.949520111
2024-12-18,3.016810417,0.664117634,0.843457103,1.702488661
2024-12-19,1.905883431,0.273945004,0.985647976,0.389113516
2024-12-20,0.622688353,0.288853496,1.414456725,0.029390289
2024-12-24,0.192721099,0.27544713,1.070901155,0.121156752
2024-12-25,0.001218204,0.000609102,0.000609102,0.000609102
2024-12-26,1.118514776,0.054249965,0.182269141,0.130759522
2024-12-27,1.426749349,0.490465015,1.123388767,1.053211093
2024-12-28,0.336720258,0.039738901,0.189339533,0.079772078
2024-12-30,1.649117589,0.537838697,1.209220648,0.566708684
2024-12-31,0.237886623,0.077847727,0.030007737,0.331960946
2025-01-02,0.569730878,0.013463126,0.097450778,0.043147091
2025-01-03,0.792000055,0.077236764,0.156353876,0.014333385
2025-01-06,1.822162032,0.062886998,0.496584177,0.185110018
2025-01-07,2.766844988,0.141316205,0.393023849,1.188851953
2025-01-08,1.408621907,0.657622218,0.471161455,1.481621027
2025-01-09,1.332804322,0.029886406,0.615325212,3.384917736
2025-01-10,2.870657206,1.262013793,2.772838116,2.008251429
2025-01-11,0.129407078,0.000356218,0.000356218,0.000356218
2025-01-13,2.710763454,0.246422976,0.954569101,0.998737872
2025-01-14,1.213462591,0.555562437,1.85828805,1.401488185
2025-01-15,3.196326256,0.199655131,0.881851733,0.531878173
2025-01-16,2.974644899,0.013387525,1.078286409,0.756535769
2025-01-17,2.489264011,0.234063193,1.064471006,0.708778143
2025-01-18,0.878111362,0.001007632,0.042910825,0.784098685
2025-01-20,2.838982582,0.857291937,0.689579546,0.238586321
2025-01-21,6.366848946,3.41229701,1.056347847,1.080668807
2025-01-22,3.982765913,0.735849977,0.620345592,1.219009399
2025-01-23,3.519662857,2.380549908,0.447825968,0.666732788
2025-01-24,2.285712242,1.752175808,0.281344205,1.582646728
2025-01-25,2.039185286,0.934150994,0.047106765,0.895658791
2025-01-26,0.871623635,0.000786993,0.000786993,0.01928311
2025-01-27,2.515300751,1.343135357,0.316221982,0.282559395
2025-01-28,2.675766468,0.137619168,0.257183135,0.801416397
2025-01-29,2.458190203,0.004573115,1.062884688,0.544841945
2025-01-30,2.615932703,1.717231393,2.295350552,0.497727662
2025-01-31,2.130860329,0.572911382,0.941996574,1.644265056
2025-02-01,0.105963975,0.000200099,0.109941117,0.000200099
2025-02-02,0.158495843,8.68774E-05,8.68774E-05,0.056983519
2025-02-03,3.301437378,0.052305978,0.040372565,1.078377008
2025-02-04,2.012656212,0.046234287,0.122999988,0.571731389
2025-02-05,2.558263779,0.003676788,0.716892302,0.069541737
2025-02-06,4.828584194,1.908653855,1.23371172,1.588295937
2025-02-07,1.009201765,0.031951554,0.150427401,0.189319164
2025-02-08,0.542950273,0.001015998,0.001117635,0.00383756
2025-02-09,0.131893888,9.60266E-05,9.60266E-05,0.029643225
2025-02-10,0.872963905,1.161556125,0.322961986,0.191762745
2025-02-11,3.530924797,0.250087827,0.998303652,0.323665261
2025-02-12,2.875153065,0.429168701,1.401229262,0.323635846
2025-02-13,5.087487698,0.392237633,1.296869755,0.443205595
2025-02-14,1.852478981,0.000891217,0.065177739,0.095169157
2025-02-17,0.366767287,0.035589147,0.668893814,0.370916039
2025-02-18,0.763212681,0.035878699,0.506449342,0.61857599
2025-02-19,1.99204576,0.574562967,0.964577675,0.032924544
2025-02-20,1.300682306,0.18032451,0.482492715,1.263825417
2025-02-21,1.673374414,0.463938355,0.19090277,0.483834386
2025-02-22,0.787473798,0.000416138,0.011826789,0.117755122
2025-02-23,0.000727915,0.000363958,0.000363958,0.000363958
2025-02-24,1.553764462,0.738157094,0.384705186,0.180522904
2025-02-25,0.99571538,0.506805718,0.080855526,0.043625042
2025-02-26,0.684616983,0.366263807,0.484912515,0.0917079
2025-02-27,0.391453713,0.274799585,1.708216071,0.27808857
2025-02-28,0.840804636,0.126571059,0.423896819,0.421639025
2025-03-03,0.920695007,0.04393306,0.387364119,0.650182307
2025-03-04,0.210955411,0.107974812,0.614000678,0.018677462
2025-03-05,0.550465405,0.000142425,0.185275376,0.000142425
2025-03-06,1.817775726,0.397952348,0.506234825,0.308531493
2025-03-07,1.029001355,1.060537219,1.146831393,0.448143333
2025-03-09,0.241633296,9.39896E-05,0.014424412,0.024170356
2025-03-10,6.005403519,1.5012815,1.191327572,0.634833336
2025-03-11,3.377532244,0.839375436,0.709745228,0.39254868
2025-03-12,3.117572308,0.060696363,0.662364006,0.195358366
2025-03-13,4.123294353,0.3704862,0.595023453,0.290761083
2025-03-14,2.698009014,0.089077488,0.252293527,0.619876206
2025-03-15,0.165802985,0.07571359,0.113614909,0.864962518
2025-03-16,0.153205469,0.058588807,0.090865552,0.15020448
2025-03-17,2.382261515,0.274385929,0.475766748,1.543689966
2025-03-18,0.897940159,0.62561208,0.420233816,0.02704533
2025-03-19,0.694411337,0.000892226,0.016019765,0.03195456
2025-03-20,1.079115987,0.490402877,0.503154218,0.418161333
2025-03-21,0.736151457,0.270646572,0.668872178,0.750121236
2025-03-22,0.001797896,0.000898948,0.000898948,0.000898948
2025-03-23,0.003545756,0.001772878,0.001772878,0.075715937
2025-03-24,2.640455246,0.333693713,0.674785316,0.212969542
2025-03-25,2.062139034,0.019934146,0.442486525,1.526838303
2025-03-26,1.281506062,0.132734671,0.738057554,1.439526677
2025-03-27,0.88242197,0.175459012,0.417292744,1.831697702
2025-03-28,0.236529395,0.197305217,0.101865731,3.496412992
2025-03-30,0.000784625,0.000392313,0.000392313,0.567560077
2025-03-31,0.618222117,0.05095977,0.017492192,0.741949439
2025-04-01,0.674010158,0.001485932,0.718833566,0.280939639
2025-04-02,0.367244959,0.179655001,0.396657377,0.089805223
2025-04-03,0.347411156,0.17949526,0.181083918,0.710225165
2025-04-04,0.564204156,0.337868869,0.381906569,0.256984621
2025-04-05,0.47598359,0.000173999,0.000173999,0.008389184
2025-04-06,0.18052882,0.000354255,0.000354255,0.79968369
2025-04-07,0.32368657,0.148551777,0.462014616,0.056101229
2025-04-08,1.162255526,0.219600052,1.032842994,0.753767908
2025-04-09,0.946668923,0.828269482,0.233405933,0.238682628
2025-04-10,1.260299087,0.395979822,0.730270922,0.918759584
2025-04-11,0.51498884,0.558018684,0.676945865,2.235058784
2025-04-12,0.001061907,0.000530953,0.000530953,1.29974699
2025-04-13,0.000186278,0.010908218,0.014724901,9.31392E-05
2025-04-14,0.001040724,0.011456703,0.014706306,0.671558857
2025-04-15,0.547262669,0.173478737,0.566401422,0.968879759
2025-04-16,1.153448105,0.185809776,0.342511505,0.01801708
2025-04-17,1.83292985,0.055010941,0.077506416,0.097683258
2025-04-18,0.983376205,0.000951571,0.000951571,0.354039371
2025-04-19,0.000406426,0.000203213,0.000203213,0.353286088
2025-04-21,1.166102529,0.001841282,0.073421493,0.439896375
2025-04-22,1.372360587,0.131251141,0.290302783,0.561539888
2025-04-23,1.284626245,0.899372697,0.470004141,0.282600731
2025-04-24,1.64175725,0.178088591,0.039761644,1.013057947
2025-04-25,2.381424904,0.167291731,1.032806993,0.00248538
2025-04-26,0.095734254,0.079018816,0.000817209,0.334353775
2025-04-27,0.336821854,0.150530279,0.098127179,0.334152639
2025-04-28,2.940545082,0.327969044,0.471368521,0.206728488
2025-04-29,2.837850809,0.937049031,0.790542901,0.320220083
2025-04-30,1.171987176,0.617427409,0.161137059,1.333249092
2025-05-01,5.670681,0.111688063,0.157767192,0.130636126
2025-05-02,6.044811249,0.100392088,0.309717298,0.218150899
2025-05-03,3.39734745,0.037973531,0.000575485,0.000575485
2025-05-04,0.393280089,0.000409039,0.000409039,0.042356081
2025-05-05,2.130673409,0.719475687,0.076523699,0.387348115
2025-05-06,1.77932477,0.080457009,0.091813542,0.60592711
2025-05-07,1.123735428,0.148343056,0.103471056,0.287819117
2025-05-08,0.9367854,0.409252524,0.4177984,0.210963905
2025-05-09,1.130077362,0.312973201,0.196374431,0.153931364
2025-05-12,2.183251381,0.001272907,0.0467331,0.32993558
2025-05-13,3.64266634,0.002546455,0.227469012,0.164320543
2025-05-14,0.555791795,0.248071626,0.295014948,0.48664856
2025-05-15,1.590950251,0.003195029,1.337586641,0.725919425
2025-05-16,1.091210485,0.200993299,0.322552621,1.16902566
2025-05-19,0.379207909,0.049217321,0.368647546,0.064202115
2025-05-20,1.987792253,0.018407522,0.252346307,1.388767838
2025-05-21,1.705889583,0.002050227,0.119387522,0.617979527
2025-05-22,1.314759612,0.492640734,0.39462778,3.910165787
2025-05-23,0.84387958,0.100972168,0.128827572,1.236976862
2025-05-24,1.214706182,0.001933619,0.549129128,3.380901337
2025-05-25,0.239868611,0.001039903,0.019554958,2.591180325
2025-05-26,1.764652014,0.078862309,0.686988473,2.377914429
2025-05-27,0.831779659,0.334958911,0.174345702,1.571670175
2025-05-28,1.421409965,0.315916836,0.58916086,3.444286108
2025-05-29,1.650613546,0.375677794,0.262397051,3.378172159
2025-05-30,1.804023862,0.394029886,0.552657723,2.09561038
2025-05-31,0.657919765,0.000422308,0.000422308,0.049828835
2025-06-01,0.447256804,0.000234148,0.000234148,0.000234148
2025-06-02,1.379361391,0.276347816,0.917267144,0.684533536
2025-06-03,1.802167177,0.041746922,0.676394284,1.078848362
2025-06-04,0.422272444,0.080973782,0.311677933,0.588823318
2025-06-05,0.877075195,0.00165168,0.00165168,1.524148464
2025-06-06,1.238100052,0.015553324,0.086442806,0.259494483
2025-06-07,0.000526519,0.083867028,0.032003932,0.026670918
2025-06-09,1.731216908,0.931700766,0.214880362,0.028123608
2025-06-10,1.917288899,0.301655799,0.148802459,0.04466268
2025-06-11,1.102796555,0.166955933,1.577530861,1.570426345
2025-06-12,1.145929694,0.292998672,0.107248969,1.621217012
2025-06-13,0.87162745,0.148103371,0.507727325,0.401588798
2025-06-14,0.014079345,0.00020235,0.00020235,0.00717866
2025-06-15,0.054808795,0.000368225,0.000368225,0.016408211
2025-06-16,0.465824008,0.151940793,0.087542281,0.131556362
2025-06-17,1.208313704,0.211868748,0.596162677,0.072007135
2025-06-18,1.724226713,0.00095583,0.237369433,0.053085536
2025-06-19,0.028708879,0.000393967,0.000393967,0.235405773
2025-06-20,1.742598176,0.402256846,0.646584868,2.799477816
2025-06-21,1.788370848,0.022118604,0.164841726,1.538455963
2025-06-22,0.878263175,0.000676212,0.238683194,0.139993951
2025-06-23,4.730076313,0.693193495,1.236714721,3.253283978
2025-06-24,2.354132414,0.17597656,0.866652191,1.328522682
2025-06-25,1.399071932,0.074534677,0.978865266,1.522855401
2025-06-26,2.917854309,1.020393848,1.282883406,2.575769663
2025-06-27,0.670688331,0.285593152,0.208808675,0.526204884
2025-06-28,0.404379785,0.000762863,0.000762863,1.575669289
2025-06-29,0.234282374,0.024893865,6.58496E-05,0.019869102
2025-06-30,2.013419867,1.05834496,0.515588224,3.734282017
2025-07-01,1.158489347,0.422793329,1.183063507,5.375479221
2025-07-02,0.733970523,0.231773674,1.777324319,1.582958698
2025-07-03,1.3497895,0.241058812,0.343137413,3.562977552
2025-07-04,0.402765006,0.430441171,0.453109354,1.940611959
2025-07-05,0.086425297,0.002711014,0.00038782,0.138432458
2025-07-06,0.000676433,0.083200864,0.000338216,0.000338216
2025-07-07,1.248376131,1.22877121,0.619128466,0.403804213
2025-07-08,1.333910584,1.301567793,0.54375416,4.687669277
2025-07-09,0.663555026,0.250143647,0.180173248,4.752137661
2025-07-10,0.160693735,0.007304992,0.192959443,4.123684406
2025-07-11,0.123358503,0.210428774,0.558511674,0.084466048
2025-07-14,0.329578251,0.23398152,0.945794523,1.062921882
2025-07-15,0.418901503,0.519043088,0.311654031,2.111104012
2025-07-16,0.859607577,0.564771771,0.298413396,0.822259307
2025-07-17,0.564218223,0.364980429,0.319823682,1.922819138
2025-07-18,1.686374784,0.040694237,0.117542051,0.887595356
2025-07-19,0.508562684,0.000377199,0.000377199,0.000377199
2025-07-20,0.084528163,0.013966134,0.017190443,0.205773801
2025-07-21,1.302850604,0.017701048,0.702166736,0.86409229
2025-07-22,0.629433692,0.066919737,0.493454844,2.700050116
2025-07-23,2.6883111,1.159757495,1.476480007,1.303267837
2025-07-24,2.055137157,0.534900725,0.696098447,0.412349194
2025-07-25,0.76641655,0.049019679,0.342004627,2.097110748
2025-07-26,0.000788719,0.038015265,0.077845469,0.778983235
2025-07-27,0.000883678,0.000441839,0.053806685,1.596388817
2025-07-28,0.553791106,1.137390018,0.707740843,3.214143515
2025-07-29,1.53629601,1.225038528,0.784724414,2.87321353
2025-07-30,2.098347187,0.257621735,1.402110338,0.712342024
2025-07-31,0.979906738,0.002178694,0.620086789,2.002490282
2025-08-01,1.660315275,0.037832975,0.326473355,0.781892836
2025-08-02,0.299429506,0.000726602,0.000726602,0.041706875
2025-08-03,0.192154944,0.001215439,0.001215439,0.661681116
2025-08-04,1.047280431,2.069573879,0.085279755,1.080023289
2025-08-05,0.694083989,0.341559112,0.371090084,2.378951311
2025-08-06,0.938186526,0.892443478,0.002227974,5.370359421
2025-08-07,0.484692693,0.440908343,0.902691722,3.0273664
2025-08-08,0.106611937,0.207832113,0.14111279,6.648006439
2025-08-09,0.000930702,0.000465351,0.000465351,0.597694039
2025-08-11,0.002077992,0.001038996,0.096515268,0.825582981
2025-08-12,1.682126522,0.451909184,0.408393532,1.43005836
2025-08-13,1.018288493,0.000651694,0.267201722,0.07443025
2025-08-14,1.379271388,0.891388297,0.203839332,5.313191414
2025-08-15,1.331359386,0.614747584,0.587071836,2.985951185
2025-08-16,0.000315218,0.000157609,0.000157609,0.873723447
2025-08-17,0.073850542,0.265386611,0.018105231,3.251507998
2025-08-18,1.785475731,0.268275291,0.569558322,7.550330639
2025-08-19,1.205284357,0.022822054,0.311008692,3.422206402
2025-08-20,0.8148247,0.002392104,0.381995261,1.252503872
2025-08-21,0.317476153,0.093855254,0.190945938,1.510854483
2025-08-22,1.292061687,0.425153077,0.00208946,2.414708614
2025-08-24,0.000759738,0.000379869,0.000379869,1.469193459
2025-08-25,0.760006726,0.001682956,0.016388312,1.856279492
2025-08-26,0.655211866,0.00157344,0.152605191,2.329912424
2025-08-27,1.079456806,0.266650468,1.24121213,1.835667253
2025-08-28,0.172189891,0.002321033,0.376205653,1.001608849
2025-08-29,1.710202932,0.081012517,0.100774698,1.534313917
2025-08-30,0.000244081,0.025883975,0.00012204,0.549678802
2025-09-01,0.8936795,0.424019784,0.103112116,1.607726574
2025-09-02,2.42800808,0.144160271,0.238791868,0.822923183
2025-09-03,1.680364251,0.945243359,0.304510772,0.336319804
2025-09-04,0.841005504,0.043971371,0.157715619,1.382999778
2025-09-05,0.442506075,0.082769565,0.241730899,0.474147648
2025-09-06,0.000215711,0.000107856,0.000107856,0.018792646
2025-09-07,0.348352194,0.000369896,0.000369896,0.264573544
2025-09-08,4.024842739,0.340163559,0.146770582,0.390306652
2025-09-09,0.768467307,0.40628776,0.279103607,0.483565986
2025-09-10,1.364027262,0.19431825,0.490614504,0.287427098
2025-09-11,1.561803699,0.001317977,0.797240615,0.17689161
2025-09-12,3.300625563,0.269069135,1.337675691,0.181517512
2025-09-13,0.016167028,0.000296524,0.000296524,0.261800617
2025-09-14,0.035731241,0.000388123,0.000388123,0.261891276
2025-09-15,2.646696568,1.150370002,1.784629583,0.620307088
2025-09-16,1.789815187,0.002274698,0.561960399,0.603373468
2025-09-17,2.682825089,0.322190136,0.457845569,1.08885479
2025-09-18,0.754823685,1.013342142,0.895148098,0.32734406
2025-09-19,1.021187782,0.779186189,0.474936038,0.281811267
2025-09-21,0.54597801,0.000315263,0.000315263,0.105830595
2025-09-22,2.257336617,0.525837302,0.439770907,0.982334375
2025-09-23,0.665997386,1.081707478,0.311689913,0.233638331
2025-09-24,1.574314475,2.261449099,0.807561696,1.29035902
2025-09-25,1.085491896,1.241953373,1.358087182,0.267329454
2025-09-26,1.44318974,1.038838863,1.189791203,0.844323635
2025-09-29,1.247733474,1.90605545,1.305862069,0.815366745
2025-09-30,1.025173903,1.102563024,0.162022844,0.786613345
2025-10-01,0.604898512,0.11638914,0.299832255,0.120879762
2025-10-02,1.002267122,0.109527133,0.184727281,0.390137345
2025-10-03,0.277891338,0.686062217,0.001173227,0.864933074
2025-10-06,0.685520351,0.973588884,0.042385217,0.410368055
2025-10-07,0.87250489,0.127507776,0.799879313,1.195911527
2025-10-08,0.603889525,0.012288949,0.685920775,0.129587576
2025-10-09,0.372258991,0.463438272,1.544839025,0.195672184
2025-10-10,0.003758132,0.086112559,0.217732117,0.001879066
2025-10-11,0.135803297,0.000266868,0.238583356,0.000266868
2025-10-12,0.176070511,0.0683107,0.053177174,0.000319519
2025-10-13,0.635021329,0.148654729,0.535886765,0.176035509
2025-10-14,0.294871628,0.520085096,0.376892805,0.314705431
2025-10-15,1.270607233,0.060771465,0.472786665,0.011098588
2025-10-16,1.01790309,0.605646968,0.724342823,0.032553066
2025-10-17,1.122853398,0.120708726,0.451432735,0.349742383
2025-10-18,0.000365851,0.096710689,0.000182925,0.006317977
2025-10-19,0.000186679,9.33397E-05,9.33397E-05,9.33397E-05
2025-10-20,0.149758339,0.488810539,0.365320504,0.171561062
2025-10-21,0.365563363,0.043125931,0.245208621,0.060125966
2025-10-22,1.109874368,0.270937115,2.01901722,1.218829632
2025-10-23,0.610376239,0.316726267,0.827306032,0.913718402
2025-10-24,0.315962881,0.26506716,0.04315028,0.285037696
2025-10-25,0.660728693,0.00079725,0.183017895,0.504554987
2025-10-26,0.122595958,0.000104264,0.000104264,0.000104264
2025-10-27,0.342230231,0.202588305,0.088157937,1.229427576
2025-10-28,2.059307575,2.215898275,1.723232746,1.847499609
2025-10-29,1.89120543,0.544684708,0.439361989,2.085194826
2025-10-30,1.643338203,1.098469019,0.927887917,1.041873217
2025-10-31,1.744200706,0.952712417,0.926947117,0.402635545
2025-11-01,0.000491209,0.021492809,0.000245604,0.000245604
2025-11-02,0.00055974,0.228447735,0.00027987,0.00027987
2025-11-03,1.119951606,0.476511419,0.178760946,1.259127975
2025-11-04,1.292648673,1.409864068,0.954330087,0.482498705
2025-11-05,1.397078633,1.16498518,0.822047114,0.875865281
2025-11-06,0.454390287,2.859286547,1.912566066,0.536118329
2025-11-07,0.43920809,1.588906288,0.921197057,1.200881958
2025-11-09,0.052100465,0.557896435,0.022691544,0.548548102
2025-11-10,0.471628219,3.29596138,1.665701032,2.34146142
2025-11-11,1.318648458,2.857887506,0.070773534,1.500646591
2025-11-12,1.185647488,1.280124426,0.656871259,1.762706399
2025-11-13,1.922024012,1.490493298,0.666125059,0.707496643
2025-11-14,1.06329155,1.504338622,0.806954861,1.573561788
2025-11-15,0.188404828,1.708280087,0.061213393,0.071213722
2025-11-16,0.076200299,5.6939E-05,5.6939E-05,0.017065961
2025-11-17,1.456392288,3.194760084,0.900207043,2.066370964
2025-11-18,0.691075981,2.694008589,0.157973632,0.888921082
2025-11-19,0.455773562,3.318790197,0.069173343,0.357385844
2025-11-20,0.95816654,2.865147829,0.211530238,0.158615381
2025-11-22,0.236801431,2.663529396,0.03451369,0.221974671
2025-11-23,0.068193249,1.653591633,0.02784989,0.131711498
2025-11-24,0.842544496,2.72147584,0.099047601,0.261429578
2025-11-25,0.312302411,0.048405726,0.690856099,0.00093412
2025-11-26,1.088042736,1.869459271,0.040926568,0.758849323
2025-11-27,0.24023281,0.212337345,0.809079647,1.67197156
2025-11-28,0.68657279,0.013145438,0.017678656,0.322730273
2025-11-29,0.000842752,0.000421376,0.000421376,0.000421376
2025-11-30,1.245732546,0.001495409,0.119489312,0.001495409
2025-12-01,1.506311417,0.001803734,0.24072881,1.573575616
2025-12-02,0.303198993,0.119364873,0.002058252,1.409574628
2025-12-03,1.043760896,1.04884696,0.165465146,0.423753679
2025-12-04,0.032887023,0.027983159,0.012895105,0.88582027
2025-12-05,0.12568967,0.350160599,0.001165852,0.401105523
2025-12-06,0.221421793,0.000677341,0.000677341,0.716020107
2025-12-07,0.184488922,0.000592161,0.000592161,0.716039777
2025-12-08,0.437703341,0.00193692,0.198053062,1.679848671
2025-12-09,0.668513834,0.166023597,0.59538573,0.670427203
2025-12-10,2.550616741,0.789096773,0.747086406,0.24368152
2025-12-11,0.568737745,0.000888485,0.39839533,0.275809944
2025-12-12,0.04250738,0.049290575,0.014637508,1.065361381
2025-12-15,0.510851562,0.00054502,0.216760606,0.0420052
2025-12-16,0.974535644,0.001370496,0.327748954,0.766580403
2025-12-17,0.270112962,0.000953453,0.065591268,0.056534983
2025-12-18,1.082305789,0.097031116,0.022194741,0.118497163
2025-12-19,0.587728739,0.150397688,0.05199416,0.117595956
2025-12-22,0.554001093,0.064416237,0.298098207,0.0646412
2025-12-23,0.272704154,0.001153774,0.001153774,0.427524745
2025-12-24,0.185886905,0.000130848,0.000130848,0.000130848
2025-12-29,0.418980747,0.144812971,0.000888578,0.036438759