Exchange Date,Close
10-Jul-2026,3.43
09-Jul-2026,3.57
08-Jul-2026,3.24
07-Jul-2026,3.32
06-Jul-2026,3.64
03-Jul-2026,
02-Jul-2026,3.16
01-Jul-2026,3.24
30-Jun-2026,3.11
29-Jun-2026,2.91
26-Jun-2026,2.87
25-Jun-2026,2.89
24-Jun-2026,2.92
23-Jun-2026,2.88
22-Jun-2026,2.77
19-Jun-2026,
18-Jun-2026,2.75
17-Jun-2026,2.78
16-Jun-2026,2.77
15-Jun-2026,2.63
12-Jun-2026,2.57
11-Jun-2026,2.54
10-Jun-2026,2.48
09-Jun-2026,2.44
08-Jun-2026,2.46
05-Jun-2026,2.47
04-Jun-2026,2.47
03-Jun-2026,2.53
02-Jun-2026,2.59
01-Jun-2026,2.61
29-May-2026,2.66
28-May-2026,2.74
27-May-2026,2.70
26-May-2026,2.74
22-May-2026,2.72
21-May-2026,2.73
20-May-2026,2.68
19-May-2026,2.70
18-May-2026,2.76
15-May-2026,2.85
14-May-2026,2.94
13-May-2026,2.96
12-May-2026,2.95
11-May-2026,2.99
08-May-2026,2.90
07-May-2026,2.91
06-May-2026,2.99
05-May-2026,3.06
04-May-2026,3.02
01-May-2026,3.02
30-Apr-2026,3.01
29-Apr-2026,3.05
28-Apr-2026,3.06
27-Apr-2026,3.04
24-Apr-2026,3.10
23-Apr-2026,3.16
22-Apr-2026,3.02
21-Apr-2026,2.89
20-Apr-2026,2.92
17-Apr-2026,2.89
16-Apr-2026,2.96
15-Apr-2026,3.04
14-Apr-2026,3.03
13-Apr-2026,3.01
10-Apr-2026,3.00
09-Apr-2026,2.94
08-Apr-2026,2.94
07-Apr-2026,2.86
06-Apr-2026,2.98
02-Apr-2026,2.95
01-Apr-2026,2.98
31-Mar-2026,2.98
30-Mar-2026,2.93
27-Mar-2026,3.02
26-Mar-2026,3.08
25-Mar-2026,3.16
24-Mar-2026,3.18
23-Mar-2026,3.07
20-Mar-2026,3.10
19-Mar-2026,3.06
18-Mar-2026,3.00
17-Mar-2026,3.02
16-Mar-2026,2.98
13-Mar-2026,2.90
12-Mar-2026,2.97
11-Mar-2026,2.92
10-Mar-2026,3.01
09-Mar-2026,3.02
06-Mar-2026,2.98
05-Mar-2026,2.93
04-Mar-2026,2.91
03-Mar-2026,2.87
02-Mar-2026,2.88
27-Feb-2026,2.85
26-Feb-2026,2.86
25-Feb-2026,2.88
24-Feb-2026,2.88
23-Feb-2026,2.81
20-Feb-2026,2.88
19-Feb-2026,2.87
18-Feb-2026,2.88
17-Feb-2026,2.85
13-Feb-2026,3.00
12-Feb-2026,3.00
11-Feb-2026,2.95
10-Feb-2026,2.94
09-Feb-2026,3.00
06-Feb-2026,2.97
05-Feb-2026,3.08
04-Feb-2026,3.09
03-Feb-2026,3.17
02-Feb-2026,3.33
30-Jan-2026,3.32
29-Jan-2026,3.46
28-Jan-2026,3.51
27-Jan-2026,3.67
26-Jan-2026,3.56
23-Jan-2026,3.51
22-Jan-2026,3.48
21-Jan-2026,3.48
20-Jan-2026,3.47
16-Jan-2026,3.55
15-Jan-2026,3.58
14-Jan-2026,3.56
13-Jan-2026,3.60
12-Jan-2026,3.56
09-Jan-2026,3.58
08-Jan-2026,3.72
07-Jan-2026,3.75
06-Jan-2026,3.74
05-Jan-2026,3.59
02-Jan-2026,3.57
31-Dec-2025,3.49
30-Dec-2025,3.50
29-Dec-2025,3.52
26-Dec-2025,3.50
24-Dec-2025,3.45
23-Dec-2025,3.47
22-Dec-2025,3.47
19-Dec-2025,3.41
18-Dec-2025,3.45
17-Dec-2025,3.52
16-Dec-2025,3.79
15-Dec-2025,3.88
12-Dec-2025,3.97
11-Dec-2025,4.05
10-Dec-2025,4.01
09-Dec-2025,3.94
08-Dec-2025,3.96
05-Dec-2025,4.06
04-Dec-2025,4.12
03-Dec-2025,4.04
02-Dec-2025,4.06
01-Dec-2025,4.12
28-Nov-2025,4.13
26-Nov-2025,4.12
25-Nov-2025,4.14
24-Nov-2025,4.07
21-Nov-2025,4.00
20-Nov-2025,4.07
19-Nov-2025,4.05
18-Nov-2025,4.15
17-Nov-2025,4.03
14-Nov-2025,4.00
13-Nov-2025,4.02
12-Nov-2025,4.04
11-Nov-2025,4.23
10-Nov-2025,4.15
07-Nov-2025,4.08
06-Nov-2025,3.97
05-Nov-2025,4.14
04-Nov-2025,4.05
03-Nov-2025,4.07
31-Oct-2025,3.92
30-Oct-2025,3.92
29-Oct-2025,3.91
28-Oct-2025,3.88
27-Oct-2025,3.90
24-Oct-2025,4.03
23-Oct-2025,4.10
22-Oct-2025,4.21
21-Oct-2025,4.14
20-Oct-2025,4.06
17-Oct-2025,3.97
16-Oct-2025,3.94
15-Oct-2025,3.95
14-Oct-2025,4.00
13-Oct-2025,3.85
10-Oct-2025,3.73
09-Oct-2025,3.77
08-Oct-2025,3.85
07-Oct-2025,3.75
06-Oct-2025,3.81
03-Oct-2025,3.91
02-Oct-2025,3.78
01-Oct-2025,3.84
30-Sep-2025,3.75
29-Sep-2025,3.72
26-Sep-2025,3.78
25-Sep-2025,3.71
24-Sep-2025,3.68
23-Sep-2025,3.50
22-Sep-2025,3.67
19-Sep-2025,3.67
18-Sep-2025,3.86
17-Sep-2025,3.89
16-Sep-2025,4.22
15-Sep-2025,4.32
12-Sep-2025,4.11
11-Sep-2025,4.00
10-Sep-2025,4.01
09-Sep-2025,3.93
08-Sep-2025,3.98
05-Sep-2025,3.86
04-Sep-2025,3.86
03-Sep-2025,3.85
02-Sep-2025,3.82
29-Aug-2025,3.97
28-Aug-2025,3.88
27-Aug-2025,3.94
26-Aug-2025,3.84
25-Aug-2025,3.90
22-Aug-2025,3.91
21-Aug-2025,3.75
20-Aug-2025,3.60
19-Aug-2025,3.56
18-Aug-2025,3.44
15-Aug-2025,3.42
14-Aug-2025,3.27
13-Aug-2025,3.20
12-Aug-2025,3.15
11-Aug-2025,3.21
08-Aug-2025,3.09
07-Aug-2025,2.98
06-Aug-2025,2.93
05-Aug-2025,2.99
04-Aug-2025,2.89
01-Aug-2025,2.84
31-Jul-2025,2.96
30-Jul-2025,2.93
29-Jul-2025,2.97
28-Jul-2025,3.02
25-Jul-2025,2.98
24-Jul-2025,3.05
23-Jul-2025,3.01
22-Jul-2025,2.96
21-Jul-2025,2.97
18-Jul-2025,3.09
17-Jul-2025,3.13
16-Jul-2025,3.15
15-Jul-2025,3.02
14-Jul-2025,3.06
11-Jul-2025,2.89
10-Jul-2025,2.90
09-Jul-2025,2.86
08-Jul-2025,2.87
07-Jul-2025,2.80
03-Jul-2025,2.93
02-Jul-2025,2.98
01-Jul-2025,2.99
30-Jun-2025,3.07
27-Jun-2025,3.10
26-Jun-2025,3.10
25-Jun-2025,3.09
24-Jun-2025,3.15
23-Jun-2025,3.30
20-Jun-2025,3.19
18-Jun-2025,3.25
17-Jun-2025,3.36
16-Jun-2025,3.44
13-Jun-2025,3.50
12-Jun-2025,3.48
11-Jun-2025,3.51
10-Jun-2025,3.55
09-Jun-2025,3.62
06-Jun-2025,3.58
05-Jun-2025,3.60
04-Jun-2025,3.46
03-Jun-2025,3.41
02-Jun-2025,3.44
30-May-2025,3.42
29-May-2025,3.48
28-May-2025,3.52
27-May-2025,3.62
23-May-2025,3.61
22-May-2025,3.61
21-May-2025,3.70
20-May-2025,3.69
19-May-2025,3.76
16-May-2025,3.76
15-May-2025,3.85
14-May-2025,3.74
13-May-2025,3.85
12-May-2025,3.82
09-May-2025,3.97
08-May-2025,3.98
07-May-2025,3.96
06-May-2025,4.01
05-May-2025,3.99
02-May-2025,3.95
01-May-2025,3.96
30-Apr-2025,4.14
29-Apr-2025,4.13
28-Apr-2025,4.22
25-Apr-2025,4.08
24-Apr-2025,4.08
23-Apr-2025,3.92
22-Apr-2025,3.78
21-Apr-2025,3.67
17-Apr-2025,3.76
16-Apr-2025,3.76
15-Apr-2025,3.69
14-Apr-2025,3.60
11-Apr-2025,3.58
10-Apr-2025,3.43
09-Apr-2025,3.42
08-Apr-2025,3.43
07-Apr-2025,3.45
04-Apr-2025,3.66
03-Apr-2025,3.85
02-Apr-2025,3.89
01-Apr-2025,3.89
31-Mar-2025,3.80
28-Mar-2025,3.80
27-Mar-2025,3.79
26-Mar-2025,3.92
25-Mar-2025,3.99
24-Mar-2025,3.93
21-Mar-2025,3.91
20-Mar-2025,3.92
19-Mar-2025,3.95
18-Mar-2025,3.87
17-Mar-2025,3.89
14-Mar-2025,3.82
13-Mar-2025,3.91
12-Mar-2025,3.92
11-Mar-2025,3.99
10-Mar-2025,3.89
07-Mar-2025,3.90
06-Mar-2025,3.93
05-Mar-2025,4.16
04-Mar-2025,4.04
03-Mar-2025,3.93
28-Feb-2025,3.79
27-Feb-2025,3.79
26-Feb-2025,3.79
25-Feb-2025,3.81
24-Feb-2025,3.94
21-Feb-2025,4.00
20-Feb-2025,3.96
19-Feb-2025,4.18
18-Feb-2025,4.19
14-Feb-2025,4.20
13-Feb-2025,4.39
12-Feb-2025,4.32
11-Feb-2025,4.13
10-Feb-2025,4.29
07-Feb-2025,4.04
06-Feb-2025,4.04
05-Feb-2025,3.98
04-Feb-2025,3.83
03-Feb-2025,3.81
31-Jan-2025,3.78
30-Jan-2025,3.73
29-Jan-2025,3.67
28-Jan-2025,3.58
27-Jan-2025,3.49
24-Jan-2025,3.48
23-Jan-2025,3.44
22-Jan-2025,3.42
21-Jan-2025,3.28
17-Jan-2025,3.28
16-Jan-2025,3.27
15-Jan-2025,3.30
14-Jan-2025,3.22
13-Jan-2025,3.26
10-Jan-2025,3.24
09-Jan-2025,3.19
08-Jan-2025,3.16
07-Jan-2025,3.21
06-Jan-2025,3.19
03-Jan-2025,3.19
02-Jan-2025,3.27
31-Dec-2024,3.20
30-Dec-2024,3.21
27-Dec-2024,3.23
26-Dec-2024,3.25
24-Dec-2024,3.29
23-Dec-2024,3.27
20-Dec-2024,3.25
19-Dec-2024,3.24
18-Dec-2024,3.33
17-Dec-2024,3.25
16-Dec-2024,3.29
13-Dec-2024,3.21
12-Dec-2024,3.23
11-Dec-2024,3.22
10-Dec-2024,3.36
09-Dec-2024,3.32
06-Dec-2024,3.33
05-Dec-2024,3.16
04-Dec-2024,3.06
03-Dec-2024,2.98
02-Dec-2024,2.99
29-Nov-2024,3.22
27-Nov-2024,3.26
26-Nov-2024,3.12
25-Nov-2024,3.08
22-Nov-2024,3.05
21-Nov-2024,2.99
20-Nov-2024,2.95
19-Nov-2024,2.80
18-Nov-2024,2.81
15-Nov-2024,2.82
14-Nov-2024,2.79
13-Nov-2024,2.72
12-Nov-2024,2.64
11-Nov-2024,2.56
08-Nov-2024,2.53
07-Nov-2024,2.60
06-Nov-2024,2.49
05-Nov-2024,2.50
04-Nov-2024,2.46
01-Nov-2024,2.43
31-Oct-2024,2.46
30-Oct-2024,2.50
29-Oct-2024,2.48
28-Oct-2024,2.52
25-Oct-2024,2.48
24-Oct-2024,2.45
23-Oct-2024,2.52
22-Oct-2024,2.50
21-Oct-2024,2.52
18-Oct-2024,2.57
17-Oct-2024,2.55
16-Oct-2024,2.58
15-Oct-2024,2.57
14-Oct-2024,2.62
11-Oct-2024,2.52
10-Oct-2024,2.55
09-Oct-2024,2.50
08-Oct-2024,2.48
07-Oct-2024,2.45
04-Oct-2024,2.57
03-Oct-2024,2.52
02-Oct-2024,2.57
01-Oct-2024,2.64
30-Sep-2024,2.70
27-Sep-2024,2.69
26-Sep-2024,2.74
25-Sep-2024,2.69
24-Sep-2024,2.68
23-Sep-2024,2.64
20-Sep-2024,2.51
19-Sep-2024,2.62
18-Sep-2024,2.63
17-Sep-2024,2.65
16-Sep-2024,2.59
13-Sep-2024,2.62
12-Sep-2024,2.52
11-Sep-2024,2.49
10-Sep-2024,2.48
09-Sep-2024,2.49
06-Sep-2024,2.40
05-Sep-2024,2.47
04-Sep-2024,2.46
03-Sep-2024,2.47
30-Aug-2024,2.48
29-Aug-2024,2.52
28-Aug-2024,2.60
27-Aug-2024,2.59
26-Aug-2024,2.54
23-Aug-2024,2.51
22-Aug-2024,2.47
21-Aug-2024,2.49
20-Aug-2024,2.49
19-Aug-2024,2.46
16-Aug-2024,2.45
15-Aug-2024,2.40
14-Aug-2024,2.37
13-Aug-2024,2.33
12-Aug-2024,2.41
09-Aug-2024,2.34
08-Aug-2024,2.45
07-Aug-2024,2.46
06-Aug-2024,2.36
05-Aug-2024,2.26
02-Aug-2024,2.31
01-Aug-2024,2.27
31-Jul-2024,2.29
30-Jul-2024,2.31
29-Jul-2024,2.30
26-Jul-2024,2.30
25-Jul-2024,2.35
24-Jul-2024,2.31
23-Jul-2024,2.39
22-Jul-2024,2.43
19-Jul-2024,2.38
18-Jul-2024,2.43
17-Jul-2024,2.47
16-Jul-2024,2.45
15-Jul-2024,2.44
12-Jul-2024,2.50
11-Jul-2024,2.47
10-Jul-2024,2.46
09-Jul-2024,2.52
08-Jul-2024,2.36
05-Jul-2024,2.30
03-Jul-2024,2.26
02-Jul-2024,2.29
01-Jul-2024,2.27
28-Jun-2024,2.29
27-Jun-2024,2.28
26-Jun-2024,2.26
25-Jun-2024,2.31
24-Jun-2024,2.38
21-Jun-2024,2.27
20-Jun-2024,2.30
18-Jun-2024,2.26
17-Jun-2024,2.27
14-Jun-2024,2.24
13-Jun-2024,2.26
12-Jun-2024,2.24
11-Jun-2024,2.21
10-Jun-2024,2.21
07-Jun-2024,2.25
06-Jun-2024,2.34
05-Jun-2024,2.32
04-Jun-2024,2.34
03-Jun-2024,2.27
31-May-2024,2.22
30-May-2024,2.33
29-May-2024,2.29
28-May-2024,2.31
24-May-2024,2.18
23-May-2024,2.16
22-May-2024,2.20
21-May-2024,2.17
20-May-2024,2.09
17-May-2024,2.08
16-May-2024,2.00
15-May-2024,2.01
14-May-2024,2.03
13-May-2024,2.00
10-May-2024,2.04
09-May-2024,2.04
08-May-2024,2.00
07-May-2024,1.99
06-May-2024,2.01
03-May-2024,2.06
02-May-2024,2.09
01-May-2024,2.19
30-Apr-2024,2.21
29-Apr-2024,2.34
26-Apr-2024,2.31
25-Apr-2024,2.32
24-Apr-2024,2.28
23-Apr-2024,2.25
22-Apr-2024,2.32
19-Apr-2024,2.41
18-Apr-2024,2.40
17-Apr-2024,2.48
16-Apr-2024,2.37
15-Apr-2024,2.32
12-Apr-2024,2.25
11-Apr-2024,2.20
10-Apr-2024,2.15
09-Apr-2024,2.14
08-Apr-2024,2.11
05-Apr-2024,2.13
04-Apr-2024,2.07
03-Apr-2024,2.04
02-Apr-2024,1.98
01-Apr-2024,1.92
28-Mar-2024,1.89
27-Mar-2024,1.91
26-Mar-2024,1.88
25-Mar-2024,1.86
22-Mar-2024,1.85
21-Mar-2024,1.86
20-Mar-2024,1.82
19-Mar-2024,1.83
18-Mar-2024,1.82
15-Mar-2024,1.83
14-Mar-2024,1.91
13-Mar-2024,1.92
12-Mar-2024,1.95
11-Mar-2024,1.94
08-Mar-2024,1.91
07-Mar-2024,1.98
06-Mar-2024,1.94
05-Mar-2024,1.95
04-Mar-2024,1.97
01-Mar-2024,1.94
29-Feb-2024,1.96
28-Feb-2024,1.93
27-Feb-2024,1.94
26-Feb-2024,1.90
23-Feb-2024,1.91
22-Feb-2024,1.94
21-Feb-2024,1.98
20-Feb-2024,1.92
16-Feb-2024,1.91
15-Feb-2024,1.89
14-Feb-2024,1.87
13-Feb-2024,1.93
12-Feb-2024,1.96
09-Feb-2024,1.96
08-Feb-2024,1.89
07-Feb-2024,1.91
06-Feb-2024,1.88
05-Feb-2024,1.90
02-Feb-2024,1.92
01-Feb-2024,1.94
31-Jan-2024,1.94
30-Jan-2024,1.94
29-Jan-2024,1.89
26-Jan-2024,1.94
25-Jan-2024,1.87
24-Jan-2024,1.89
23-Jan-2024,1.93
22-Jan-2024,1.92
19-Jan-2024,1.85
18-Jan-2024,1.80
17-Jan-2024,1.79
16-Jan-2024,1.85
12-Jan-2024,1.80
11-Jan-2024,1.84
10-Jan-2024,1.81
09-Jan-2024,1.84
08-Jan-2024,1.81
05-Jan-2024,1.83
04-Jan-2024,1.86
03-Jan-2024,1.86
02-Jan-2024,1.90
29-Dec-2023,1.88
28-Dec-2023,1.98
27-Dec-2023,1.98
26-Dec-2023,1.94
22-Dec-2023,1.93
21-Dec-2023,1.94
20-Dec-2023,1.91
19-Dec-2023,2.02
18-Dec-2023,2.10
15-Dec-2023,2.02
14-Dec-2023,2.00
13-Dec-2023,1.95
12-Dec-2023,1.91
11-Dec-2023,1.94
08-Dec-2023,1.85
07-Dec-2023,1.86
06-Dec-2023,1.85
05-Dec-2023,1.94
04-Dec-2023,1.89
01-Dec-2023,1.94
30-Nov-2023,1.95
29-Nov-2023,1.82
28-Nov-2023,1.84
27-Nov-2023,1.80
24-Nov-2023,1.79
22-Nov-2023,1.79
21-Nov-2023,1.77
20-Nov-2023,1.78
17-Nov-2023,1.71
16-Nov-2023,1.76
15-Nov-2023,1.81
14-Nov-2023,1.76
13-Nov-2023,1.79
10-Nov-2023,1.75
09-Nov-2023,1.79
08-Nov-2023,1.74
07-Nov-2023,1.71
06-Nov-2023,1.74
03-Nov-2023,1.71
02-Nov-2023,1.65
01-Nov-2023,1.60
31-Oct-2023,1.67
30-Oct-2023,1.59
27-Oct-2023,1.61
26-Oct-2023,1.61
25-Oct-2023,1.62
24-Oct-2023,1.68
23-Oct-2023,1.66
20-Oct-2023,1.65
19-Oct-2023,1.64
18-Oct-2023,1.58
17-Oct-2023,1.57
16-Oct-2023,1.54
13-Oct-2023,1.55
12-Oct-2023,1.49
11-Oct-2023,1.48
10-Oct-2023,1.48
09-Oct-2023,1.46
06-Oct-2023,1.46
05-Oct-2023,1.45
04-Oct-2023,1.46
03-Oct-2023,1.49
02-Oct-2023,1.49
29-Sep-2023,1.46
28-Sep-2023,1.47
27-Sep-2023,1.49
26-Sep-2023,1.51
25-Sep-2023,1.49
22-Sep-2023,1.51
21-Sep-2023,1.55
20-Sep-2023,1.58
19-Sep-2023,1.68
18-Sep-2023,1.59
15-Sep-2023,1.58
14-Sep-2023,1.53
13-Sep-2023,1.51
12-Sep-2023,1.51
11-Sep-2023,1.52
08-Sep-2023,1.46
07-Sep-2023,1.47
06-Sep-2023,1.52
05-Sep-2023,1.51
01-Sep-2023,1.51
31-Aug-2023,1.53
30-Aug-2023,1.53
29-Aug-2023,1.51
28-Aug-2023,1.52
25-Aug-2023,1.52
24-Aug-2023,1.53
23-Aug-2023,1.53
22-Aug-2023,1.47
21-Aug-2023,1.48
18-Aug-2023,1.47
17-Aug-2023,1.47
16-Aug-2023,1.49
15-Aug-2023,1.49
14-Aug-2023,1.51
11-Aug-2023,1.58
10-Aug-2023,1.60
09-Aug-2023,1.61
08-Aug-2023,1.61
07-Aug-2023,1.64
04-Aug-2023,1.61
03-Aug-2023,1.65
02-Aug-2023,1.67
01-Aug-2023,1.65
31-Jul-2023,1.65
28-Jul-2023,1.58
27-Jul-2023,1.61
26-Jul-2023,1.63
25-Jul-2023,1.62
24-Jul-2023,1.63
21-Jul-2023,1.62
20-Jul-2023,1.58
19-Jul-2023,1.52
18-Jul-2023,1.55
17-Jul-2023,1.55
14-Jul-2023,1.62
13-Jul-2023,1.59
12-Jul-2023,1.59
11-Jul-2023,1.59
10-Jul-2023,1.62
07-Jul-2023,1.63
06-Jul-2023,1.62
05-Jul-2023,1.61
03-Jul-2023,1.63
30-Jun-2023,1.61
29-Jun-2023,1.64
28-Jun-2023,1.66
27-Jun-2023,1.69
26-Jun-2023,1.68
23-Jun-2023,1.68
22-Jun-2023,1.72
21-Jun-2023,1.72
20-Jun-2023,1.77
16-Jun-2023,1.85
15-Jun-2023,1.87
14-Jun-2023,1.84
13-Jun-2023,1.83
12-Jun-2023,1.86
09-Jun-2023,1.91
08-Jun-2023,1.95
07-Jun-2023,1.85
06-Jun-2023,1.83
05-Jun-2023,1.83
02-Jun-2023,1.80
01-Jun-2023,1.83
31-May-2023,1.79
30-May-2023,1.77
26-May-2023,1.82
25-May-2023,1.83
24-May-2023,1.88
23-May-2023,1.87
22-May-2023,1.89
19-May-2023,1.92
18-May-2023,1.90
17-May-2023,1.90
16-May-2023,1.90
15-May-2023,1.93
12-May-2023,1.86
11-May-2023,1.86
10-May-2023,1.87
09-May-2023,1.88
08-May-2023,1.87
05-May-2023,1.91
04-May-2023,1.86
03-May-2023,1.89
02-May-2023,1.91
01-May-2023,1.89
28-Apr-2023,1.90
27-Apr-2023,1.92
26-Apr-2023,1.96
25-Apr-2023,1.92
24-Apr-2023,1.97
21-Apr-2023,1.94
20-Apr-2023,1.96
19-Apr-2023,2.03
18-Apr-2023,2.05
17-Apr-2023,2.01
14-Apr-2023,1.93
13-Apr-2023,1.96
12-Apr-2023,1.90
11-Apr-2023,1.91
10-Apr-2023,1.83
06-Apr-2023,1.84
05-Apr-2023,1.80
04-Apr-2023,1.75
03-Apr-2023,1.76
31-Mar-2023,1.71
30-Mar-2023,1.70
29-Mar-2023,1.70
28-Mar-2023,1.74
27-Mar-2023,1.77
24-Mar-2023,1.79
23-Mar-2023,1.74
22-Mar-2023,1.78
21-Mar-2023,1.87
20-Mar-2023,1.85
17-Mar-2023,1.83
16-Mar-2023,1.86
15-Mar-2023,1.78
14-Mar-2023,1.81
13-Mar-2023,1.83
10-Mar-2023,1.82
09-Mar-2023,1.78
08-Mar-2023,1.80
07-Mar-2023,1.85
06-Mar-2023,1.82
03-Mar-2023,1.81
02-Mar-2023,1.84
01-Mar-2023,1.85
28-Feb-2023,1.90
27-Feb-2023,1.91
24-Feb-2023,1.91
23-Feb-2023,1.94
22-Feb-2023,2.00
21-Feb-2023,1.94
17-Feb-2023,1.89
16-Feb-2023,1.81
15-Feb-2023,1.77
14-Feb-2023,1.84
13-Feb-2023,1.77
10-Feb-2023,1.75
09-Feb-2023,1.74
08-Feb-2023,1.76
07-Feb-2023,1.77
06-Feb-2023,1.76
03-Feb-2023,1.73
02-Feb-2023,1.78
01-Feb-2023,1.76
31-Jan-2023,1.82
30-Jan-2023,1.70
27-Jan-2023,1.70
26-Jan-2023,1.67
25-Jan-2023,1.62
24-Jan-2023,1.60
23-Jan-2023,1.59
20-Jan-2023,1.55
19-Jan-2023,1.55
18-Jan-2023,1.55
17-Jan-2023,1.51
13-Jan-2023,1.52
12-Jan-2023,1.49
11-Jan-2023,1.44
10-Jan-2023,1.51
09-Jan-2023,1.58
06-Jan-2023,1.58
05-Jan-2023,1.61
04-Jan-2023,1.61
03-Jan-2023,1.66
30-Dec-2022,1.67
29-Dec-2022,1.70
28-Dec-2022,1.74
27-Dec-2022,1.67
23-Dec-2022,1.72
22-Dec-2022,1.69
21-Dec-2022,1.69
20-Dec-2022,1.68
19-Dec-2022,1.64
16-Dec-2022,1.64
15-Dec-2022,1.72
14-Dec-2022,1.68
13-Dec-2022,1.67
12-Dec-2022,1.66
09-Dec-2022,1.58
08-Dec-2022,1.57
07-Dec-2022,1.58
06-Dec-2022,1.61
05-Dec-2022,1.60
02-Dec-2022,1.60
01-Dec-2022,1.63
30-Nov-2022,1.68
29-Nov-2022,1.67
28-Nov-2022,1.61
25-Nov-2022,1.64
23-Nov-2022,1.60
22-Nov-2022,1.62
21-Nov-2022,1.58
18-Nov-2022,1.51
17-Nov-2022,1.53
16-Nov-2022,1.55
15-Nov-2022,1.57
14-Nov-2022,1.66
11-Nov-2022,1.70
10-Nov-2022,1.71
09-Nov-2022,1.65
08-Nov-2022,1.66
07-Nov-2022,1.71
04-Nov-2022,1.76
03-Nov-2022,1.72
02-Nov-2022,1.82
01-Nov-2022,1.75
31-Oct-2022,1.78
28-Oct-2022,1.70
27-Oct-2022,1.79
26-Oct-2022,1.80
25-Oct-2022,1.86
24-Oct-2022,1.90
21-Oct-2022,1.91
20-Oct-2022,1.91
19-Oct-2022,1.92
18-Oct-2022,1.95
17-Oct-2022,1.96
14-Oct-2022,1.97
13-Oct-2022,2.02
12-Oct-2022,2.10
11-Oct-2022,2.18
10-Oct-2022,2.17
07-Oct-2022,2.18
06-Oct-2022,2.18
05-Oct-2022,2.25
04-Oct-2022,2.19
03-Oct-2022,2.16
30-Sep-2022,2.22
29-Sep-2022,2.26
28-Sep-2022,2.29
27-Sep-2022,2.24
26-Sep-2022,2.24
23-Sep-2022,2.20
22-Sep-2022,2.24
21-Sep-2022,2.21
20-Sep-2022,2.28
19-Sep-2022,2.24
16-Sep-2022,2.18
15-Sep-2022,2.19
14-Sep-2022,2.18
13-Sep-2022,2.24
12-Sep-2022,2.28
09-Sep-2022,2.32
08-Sep-2022,2.26
07-Sep-2022,2.27
06-Sep-2022,2.34
02-Sep-2022,2.33
01-Sep-2022,2.36
31-Aug-2022,2.39
30-Aug-2022,2.39
29-Aug-2022,2.41
26-Aug-2022,2.42
25-Aug-2022,2.43
24-Aug-2022,2.43
23-Aug-2022,2.31
22-Aug-2022,2.24
19-Aug-2022,2.16
18-Aug-2022,2.15
17-Aug-2022,2.17
16-Aug-2022,2.19
15-Aug-2022,2.26
12-Aug-2022,2.27
11-Aug-2022,2.24
10-Aug-2022,2.20
09-Aug-2022,2.13
08-Aug-2022,2.12
05-Aug-2022,2.09
04-Aug-2022,2.19
03-Aug-2022,2.15
02-Aug-2022,2.10
01-Aug-2022,2.13
29-Jul-2022,2.17
28-Jul-2022,2.18
27-Jul-2022,2.19
26-Jul-2022,2.13
25-Jul-2022,2.10
22-Jul-2022,2.07
21-Jul-2022,2.16
20-Jul-2022,2.18
19-Jul-2022,2.20
18-Jul-2022,2.19
15-Jul-2022,2.04
14-Jul-2022,1.99
13-Jul-2022,2.11
12-Jul-2022,2.09
11-Jul-2022,2.17
08-Jul-2022,2.23
07-Jul-2022,2.22
06-Jul-2022,2.23
05-Jul-2022,2.25
01-Jul-2022,2.28
30-Jun-2022,2.34
29-Jun-2022,2.33
28-Jun-2022,2.22
27-Jun-2022,2.26
24-Jun-2022,2.27
23-Jun-2022,2.32
22-Jun-2022,2.39
21-Jun-2022,2.33
17-Jun-2022,2.28
16-Jun-2022,2.32
15-Jun-2022,2.29
14-Jun-2022,2.27
13-Jun-2022,2.23
10-Jun-2022,2.29
09-Jun-2022,2.35
08-Jun-2022,2.32
07-Jun-2022,2.32
06-Jun-2022,2.38
03-Jun-2022,2.32
02-Jun-2022,2.38
01-Jun-2022,2.39
31-May-2022,2.31
27-May-2022,2.29
26-May-2022,2.27
25-May-2022,2.17
24-May-2022,2.14
23-May-2022,2.16
20-May-2022,2.16
19-May-2022,2.19
18-May-2022,2.19
17-May-2022,2.28
16-May-2022,2.26
13-May-2022,2.13
12-May-2022,2.15
11-May-2022,2.20
10-May-2022,2.04
09-May-2022,2.06
06-May-2022,2.12
05-May-2022,2.18
04-May-2022,2.21
03-May-2022,2.18
02-May-2022,2.16
29-Apr-2022,2.23
28-Apr-2022,2.18
27-Apr-2022,2.16
26-Apr-2022,2.21
25-Apr-2022,2.21
22-Apr-2022,2.27
21-Apr-2022,2.28
20-Apr-2022,2.19
19-Apr-2022,2.21
18-Apr-2022,2.24
14-Apr-2022,2.24
13-Apr-2022,2.25
12-Apr-2022,2.34
11-Apr-2022,2.37
08-Apr-2022,2.32
07-Apr-2022,2.26
06-Apr-2022,2.28
05-Apr-2022,2.31
04-Apr-2022,2.31
01-Apr-2022,2.28
31-Mar-2022,2.26
30-Mar-2022,2.22
29-Mar-2022,2.16
28-Mar-2022,2.15
25-Mar-2022,2.22
24-Mar-2022,2.22
23-Mar-2022,2.25
22-Mar-2022,2.25
21-Mar-2022,2.26
18-Mar-2022,2.20
17-Mar-2022,2.17
16-Mar-2022,2.19
15-Mar-2022,2.12
14-Mar-2022,2.20
11-Mar-2022,2.23
10-Mar-2022,2.25
09-Mar-2022,2.30
08-Mar-2022,2.34
07-Mar-2022,2.26
04-Mar-2022,2.24
03-Mar-2022,2.24
02-Mar-2022,2.30
01-Mar-2022,2.37
28-Feb-2022,2.34
25-Feb-2022,2.40
24-Feb-2022,2.39
23-Feb-2022,2.49
22-Feb-2022,2.48
18-Feb-2022,2.47
17-Feb-2022,2.52
16-Feb-2022,2.52
15-Feb-2022,2.52
14-Feb-2022,2.48
11-Feb-2022,2.52
10-Feb-2022,2.55
09-Feb-2022,2.58
08-Feb-2022,2.49
07-Feb-2022,2.42
04-Feb-2022,2.42
03-Feb-2022,2.44
02-Feb-2022,2.39
01-Feb-2022,2.37
31-Jan-2022,2.35
28-Jan-2022,2.36
27-Jan-2022,2.32
26-Jan-2022,2.39
25-Jan-2022,2.38
24-Jan-2022,2.33
21-Jan-2022,2.38
20-Jan-2022,2.44
19-Jan-2022,2.44
18-Jan-2022,2.40
14-Jan-2022,2.40
13-Jan-2022,2.37
12-Jan-2022,2.41
11-Jan-2022,2.37
10-Jan-2022,2.35
07-Jan-2022,2.38
06-Jan-2022,2.32
05-Jan-2022,2.32
04-Jan-2022,2.32
03-Jan-2022,2.23
31-Dec-2021,2.26
30-Dec-2021,2.29
29-Dec-2021,2.29
28-Dec-2021,2.26
27-Dec-2021,2.27
23-Dec-2021,2.31
22-Dec-2021,2.34
21-Dec-2021,2.28
20-Dec-2021,2.24
17-Dec-2021,2.36
16-Dec-2021,2.37
15-Dec-2021,2.37
14-Dec-2021,2.37
13-Dec-2021,2.37
10-Dec-2021,2.33
09-Dec-2021,2.40
08-Dec-2021,2.45
07-Dec-2021,2.44
06-Dec-2021,2.50
03-Dec-2021,2.44
02-Dec-2021,2.37
01-Dec-2021,2.34
30-Nov-2021,2.33
29-Nov-2021,2.34
26-Nov-2021,2.44
24-Nov-2021,2.46
23-Nov-2021,2.43
22-Nov-2021,2.31
19-Nov-2021,2.33
18-Nov-2021,2.29
17-Nov-2021,2.33
16-Nov-2021,2.22
15-Nov-2021,2.23
12-Nov-2021,2.20
11-Nov-2021,2.11
10-Nov-2021,2.04
09-Nov-2021,2.06
08-Nov-2021,2.00
05-Nov-2021,2.04
04-Nov-2021,2.09
03-Nov-2021,2.09
02-Nov-2021,2.08
01-Nov-2021,2.09
29-Oct-2021,2.04
28-Oct-2021,2.00
27-Oct-2021,2.01
26-Oct-2021,2.08
25-Oct-2021,2.03
22-Oct-2021,2.00
21-Oct-2021,2.03
20-Oct-2021,2.06
19-Oct-2021,2.04
18-Oct-2021,2.02
15-Oct-2021,2.03
14-Oct-2021,2.09
13-Oct-2021,2.09
12-Oct-2021,2.13
11-Oct-2021,2.04
08-Oct-2021,2.01
07-Oct-2021,1.98
06-Oct-2021,1.93
05-Oct-2021,1.92
04-Oct-2021,2.00
01-Oct-2021,2.04
30-Sep-2021,1.94
29-Sep-2021,1.93
28-Sep-2021,1.99
27-Sep-2021,1.94
24-Sep-2021,1.94
23-Sep-2021,1.91
22-Sep-2021,1.85
21-Sep-2021,1.83
20-Sep-2021,1.84
17-Sep-2021,1.87
16-Sep-2021,1.88
15-Sep-2021,1.87
14-Sep-2021,1.83
13-Sep-2021,1.84
10-Sep-2021,1.86
09-Sep-2021,1.85
08-Sep-2021,1.88
07-Sep-2021,1.92
03-Sep-2021,1.91
02-Sep-2021,1.92
01-Sep-2021,1.93
31-Aug-2021,1.93
30-Aug-2021,1.97
27-Aug-2021,1.90
26-Aug-2021,1.86
25-Aug-2021,1.84
24-Aug-2021,1.83
23-Aug-2021,1.80
20-Aug-2021,1.78
19-Aug-2021,1.78
18-Aug-2021,1.80
17-Aug-2021,1.79
16-Aug-2021,1.83
13-Aug-2021,1.83
12-Aug-2021,1.87
11-Aug-2021,1.84
10-Aug-2021,1.82
09-Aug-2021,1.79
06-Aug-2021,1.76
05-Aug-2021,1.77
04-Aug-2021,1.76
03-Aug-2021,1.75
02-Aug-2021,1.73
30-Jul-2021,1.80
29-Jul-2021,1.97
28-Jul-2021,2.00
27-Jul-2021,2.02
26-Jul-2021,2.08
23-Jul-2021,1.89
22-Jul-2021,1.94
21-Jul-2021,1.76
20-Jul-2021,1.66
19-Jul-2021,1.55
16-Jul-2021,1.61
15-Jul-2021,1.57
14-Jul-2021,1.56
13-Jul-2021,1.52
12-Jul-2021,1.54
09-Jul-2021,1.51
08-Jul-2021,1.52
07-Jul-2021,1.50
06-Jul-2021,1.48
02-Jul-2021,1.53
01-Jul-2021,1.56
30-Jun-2021,1.59
29-Jun-2021,1.60
28-Jun-2021,1.62
25-Jun-2021,1.57
24-Jun-2021,1.52
23-Jun-2021,1.53
22-Jun-2021,1.51
21-Jun-2021,1.52
18-Jun-2021,1.50
17-Jun-2021,1.50
16-Jun-2021,1.53
15-Jun-2021,1.51
14-Jun-2021,1.54
11-Jun-2021,1.57
10-Jun-2021,1.59
09-Jun-2021,1.57
08-Jun-2021,1.58
07-Jun-2021,1.60
04-Jun-2021,1.62
03-Jun-2021,1.58
02-Jun-2021,1.61
01-Jun-2021,1.61
28-May-2021,1.62
27-May-2021,1.55
26-May-2021,1.56
25-May-2021,1.51
24-May-2021,1.49
21-May-2021,1.50
20-May-2021,1.51
19-May-2021,1.51
18-May-2021,1.52
17-May-2021,1.45
14-May-2021,1.44
13-May-2021,1.46
12-May-2021,1.46
11-May-2021,1.48
10-May-2021,1.48
07-May-2021,1.52
06-May-2021,1.54
05-May-2021,1.49
04-May-2021,1.39
03-May-2021,1.39
30-Apr-2021,1.40
29-Apr-2021,1.41
28-Apr-2021,1.44
27-Apr-2021,1.44
26-Apr-2021,1.42
23-Apr-2021,1.37
22-Apr-2021,1.34
21-Apr-2021,1.32
20-Apr-2021,1.32
19-Apr-2021,1.30
16-Apr-2021,1.29
15-Apr-2021,1.33
14-Apr-2021,1.32
13-Apr-2021,1.30
12-Apr-2021,1.28
09-Apr-2021,1.27
08-Apr-2021,1.28
07-Apr-2021,1.27
06-Apr-2021,1.27
05-Apr-2021,1.22
01-Apr-2021,1.22
31-Mar-2021,1.24
30-Mar-2021,1.23
29-Mar-2021,1.27
26-Mar-2021,1.29
25-Mar-2021,1.27
24-Mar-2021,1.27
23-Mar-2021,1.28
22-Mar-2021,1.30
19-Mar-2021,1.25
18-Mar-2021,1.26
17-Mar-2021,1.33
16-Mar-2021,1.34
15-Mar-2021,1.31
12-Mar-2021,1.32
11-Mar-2021,1.32
10-Mar-2021,1.29
09-Mar-2021,1.29
08-Mar-2021,1.29
05-Mar-2021,1.29
04-Mar-2021,1.28
03-Mar-2021,1.31
02-Mar-2021,1.33
01-Mar-2021,1.35
26-Feb-2021,1.37
25-Feb-2021,1.39
24-Feb-2021,1.36
23-Feb-2021,1.37
22-Feb-2021,1.33
19-Feb-2021,1.28
18-Feb-2021,1.28
17-Feb-2021,1.26
16-Feb-2021,1.24
12-Feb-2021,1.21
11-Feb-2021,1.21
10-Feb-2021,1.21
09-Feb-2021,1.23
08-Feb-2021,1.24
05-Feb-2021,1.25
04-Feb-2021,1.24
03-Feb-2021,1.24
02-Feb-2021,1.23
01-Feb-2021,1.25
29-Jan-2021,1.23
28-Jan-2021,1.24
27-Jan-2021,1.26
26-Jan-2021,1.25
25-Jan-2021,1.23
22-Jan-2021,1.24
21-Jan-2021,1.26
20-Jan-2021,1.25
19-Jan-2021,1.27
15-Jan-2021,1.28
14-Jan-2021,1.27
13-Jan-2021,1.25
12-Jan-2021,1.21
11-Jan-2021,1.21
08-Jan-2021,1.24
07-Jan-2021,1.21
06-Jan-2021,1.21
05-Jan-2021,1.25
04-Jan-2021,1.26
31-Dec-2020,1.28
30-Dec-2020,1.25
29-Dec-2020,1.25
28-Dec-2020,1.23
24-Dec-2020,1.26
23-Dec-2020,1.25
22-Dec-2020,1.24
21-Dec-2020,1.24
18-Dec-2020,1.24
17-Dec-2020,1.25
16-Dec-2020,1.25
15-Dec-2020,1.23
14-Dec-2020,1.24
11-Dec-2020,1.19
10-Dec-2020,1.19
09-Dec-2020,1.15
08-Dec-2020,1.17
07-Dec-2020,1.17
04-Dec-2020,1.15
03-Dec-2020,1.18
02-Dec-2020,1.17
01-Dec-2020,1.16
30-Nov-2020,1.21
27-Nov-2020,1.22
25-Nov-2020,1.15
24-Nov-2020,1.13
23-Nov-2020,1.14
20-Nov-2020,1.16
19-Nov-2020,1.21
18-Nov-2020,1.20
17-Nov-2020,1.16
16-Nov-2020,1.16
13-Nov-2020,1.09
12-Nov-2020,1.10
11-Nov-2020,1.09
10-Nov-2020,1.07
09-Nov-2020,1.07
06-Nov-2020,1.07
05-Nov-2020,1.06
04-Nov-2020,1.03
03-Nov-2020,1.03
02-Nov-2020,1.03
30-Oct-2020,1.04
29-Oct-2020,1.05
28-Oct-2020,1.05
27-Oct-2020,1.07
26-Oct-2020,1.07
23-Oct-2020,1.06
22-Oct-2020,1.07
21-Oct-2020,1.04
20-Oct-2020,1.05
19-Oct-2020,1.06
16-Oct-2020,1.07
15-Oct-2020,1.10
14-Oct-2020,1.10
13-Oct-2020,1.10
12-Oct-2020,1.09
09-Oct-2020,1.12
08-Oct-2020,1.10
07-Oct-2020,1.10
06-Oct-2020,1.08
05-Oct-2020,1.07
02-Oct-2020,1.09
01-Oct-2020,1.07
30-Sep-2020,1.11
29-Sep-2020,1.10
28-Sep-2020,1.10
25-Sep-2020,1.14
24-Sep-2020,1.11
23-Sep-2020,1.11
22-Sep-2020,1.11
21-Sep-2020,1.12
18-Sep-2020,1.14
17-Sep-2020,1.18
16-Sep-2020,1.21
15-Sep-2020,1.22
14-Sep-2020,1.24
11-Sep-2020,1.33
10-Sep-2020,1.33
09-Sep-2020,1.30
08-Sep-2020,1.33
04-Sep-2020,1.35
03-Sep-2020,1.32
02-Sep-2020,1.32
01-Sep-2020,1.32
31-Aug-2020,1.30
28-Aug-2020,1.27
27-Aug-2020,1.23
26-Aug-2020,1.23
25-Aug-2020,1.23
24-Aug-2020,1.20
21-Aug-2020,1.20
20-Aug-2020,1.19
19-Aug-2020,1.18
18-Aug-2020,1.19
17-Aug-2020,1.16
14-Aug-2020,1.15
13-Aug-2020,1.16
12-Aug-2020,1.12
11-Aug-2020,1.11
10-Aug-2020,1.13
07-Aug-2020,1.15
06-Aug-2020,1.17
05-Aug-2020,1.22
04-Aug-2020,1.21
03-Aug-2020,1.18
31-Jul-2020,1.19
30-Jul-2020,1.15
29-Jul-2020,1.12
28-Jul-2020,1.10
27-Jul-2020,1.10
24-Jul-2020,1.08
23-Jul-2020,1.08
22-Jul-2020,1.08
21-Jul-2020,1.01
20-Jul-2020,0.99
17-Jul-2020,1.01
16-Jul-2020,0.97
15-Jul-2020,0.96
14-Jul-2020,0.97
13-Jul-2020,0.97
10-Jul-2020,0.96
09-Jul-2020,0.98
08-Jul-2020,0.99
07-Jul-2020,0.99
06-Jul-2020,0.97
02-Jul-2020,1.02
01-Jul-2020,1.03
30-Jun-2020,1.00
29-Jun-2020,0.99
26-Jun-2020,0.96
25-Jun-2020,0.95
24-Jun-2020,0.97
23-Jun-2020,0.96
22-Jun-2020,0.96
19-Jun-2020,0.94
18-Jun-2020,0.95
17-Jun-2020,0.96
16-Jun-2020,0.94
15-Jun-2020,0.94
12-Jun-2020,0.95
11-Jun-2020,0.96
10-Jun-2020,0.97
09-Jun-2020,0.98
08-Jun-2020,0.99
05-Jun-2020,0.99
04-Jun-2020,0.98
03-Jun-2020,0.99
02-Jun-2020,0.98
01-Jun-2020,0.98
29-May-2020,0.96
28-May-2020,0.99
27-May-2020,1.03
26-May-2020,1.05
22-May-2020,1.04
21-May-2020,1.05
20-May-2020,1.06
19-May-2020,1.07
18-May-2020,1.06
15-May-2020,1.05
14-May-2020,1.05
13-May-2020,1.04
12-May-2020,1.06
11-May-2020,1.09
08-May-2020,1.10
07-May-2020,1.07
06-May-2020,1.09
05-May-2020,1.09
04-May-2020,1.06
01-May-2020,1.04
30-Apr-2020,1.05
29-Apr-2020,1.04
28-Apr-2020,1.06
27-Apr-2020,1.05
24-Apr-2020,1.05
23-Apr-2020,1.11
22-Apr-2020,1.11
21-Apr-2020,1.10
20-Apr-2020,1.14
17-Apr-2020,1.16
16-Apr-2020,1.19
15-Apr-2020,1.20
14-Apr-2020,1.17
13-Apr-2020,1.20
09-Apr-2020,1.19
08-Apr-2020,1.20
07-Apr-2020,1.20
06-Apr-2020,1.17
03-Apr-2020,1.15
02-Apr-2020,1.19
01-Apr-2020,1.16
31-Mar-2020,1.20
30-Mar-2020,1.19
27-Mar-2020,1.16
26-Mar-2020,1.25
25-Mar-2020,1.30
24-Mar-2020,1.26
23-Mar-2020,1.21
20-Mar-2020,1.20
19-Mar-2020,1.17
18-Mar-2020,1.08
17-Mar-2020,1.03
16-Mar-2020,1.04
13-Mar-2020,1.07
12-Mar-2020,1.09
11-Mar-2020,1.12
10-Mar-2020,1.14
09-Mar-2020,1.09
06-Mar-2020,1.06
05-Mar-2020,1.10
04-Mar-2020,1.17
03-Mar-2020,1.21
02-Mar-2020,1.15
28-Feb-2020,1.10
27-Feb-2020,1.08
26-Feb-2020,1.09
25-Feb-2020,1.07
24-Feb-2020,1.06
21-Feb-2020,1.09
20-Feb-2020,1.04
19-Feb-2020,1.07
18-Feb-2020,1.07
14-Feb-2020,1.09
13-Feb-2020,1.04
12-Feb-2020,1.01
11-Feb-2020,1.01
10-Feb-2020,1.00
07-Feb-2020,0.98
06-Feb-2020,0.98
05-Feb-2020,0.98
04-Feb-2020,0.98
03-Feb-2020,0.98
31-Jan-2020,1.03
30-Jan-2020,1.02
29-Jan-2020,1.02
28-Jan-2020,1.05
27-Jan-2020,1.07
24-Jan-2020,1.10
23-Jan-2020,1.13
22-Jan-2020,1.11
21-Jan-2020,1.11
17-Jan-2020,1.12
16-Jan-2020,1.13
15-Jan-2020,1.14
14-Jan-2020,1.15
13-Jan-2020,1.15
10-Jan-2020,1.19
09-Jan-2020,1.17
08-Jan-2020,1.19
07-Jan-2020,1.22
06-Jan-2020,1.22
03-Jan-2020,1.26
02-Jan-2020,1.27
31-Dec-2019,1.30
30-Dec-2019,1.32
27-Dec-2019,1.33
26-Dec-2019,1.27
24-Dec-2019,1.29
23-Dec-2019,1.25
20-Dec-2019,1.31
19-Dec-2019,1.27
18-Dec-2019,1.32
17-Dec-2019,1.32
16-Dec-2019,1.36
13-Dec-2019,1.29
12-Dec-2019,1.36
11-Dec-2019,1.34
10-Dec-2019,1.32
09-Dec-2019,1.27
06-Dec-2019,1.24
05-Dec-2019,1.24
04-Dec-2019,1.21
03-Dec-2019,1.23
02-Dec-2019,1.22
29-Nov-2019,1.19
27-Nov-2019,1.17
26-Nov-2019,1.16
25-Nov-2019,1.18
22-Nov-2019,1.15
21-Nov-2019,1.15
20-Nov-2019,1.10
19-Nov-2019,1.03
18-Nov-2019,1.06
15-Nov-2019,1.06
14-Nov-2019,1.08
13-Nov-2019,1.08
12-Nov-2019,1.06
11-Nov-2019,1.06
08-Nov-2019,1.09
07-Nov-2019,1.09
06-Nov-2019,1.08
05-Nov-2019,1.06
04-Nov-2019,1.04
01-Nov-2019,1.04
31-Oct-2019,1.02
30-Oct-2019,0.99
29-Oct-2019,0.99
28-Oct-2019,1.01
25-Oct-2019,0.99
24-Oct-2019,0.96
23-Oct-2019,0.98
22-Oct-2019,0.99
21-Oct-2019,0.96
18-Oct-2019,0.96
17-Oct-2019,0.93
16-Oct-2019,0.94
15-Oct-2019,0.94
14-Oct-2019,0.95
11-Oct-2019,0.94
10-Oct-2019,0.94
09-Oct-2019,0.95
08-Oct-2019,0.96
07-Oct-2019,0.97
04-Oct-2019,0.99
03-Oct-2019,1.02
02-Oct-2019,1.01
01-Oct-2019,1.01
30-Sep-2019,1.01
27-Sep-2019,1.01
26-Sep-2019,1.01
25-Sep-2019,1.01
24-Sep-2019,0.99
23-Sep-2019,0.99
20-Sep-2019,0.98
19-Sep-2019,0.98
18-Sep-2019,0.97
17-Sep-2019,0.97
16-Sep-2019,1.01
13-Sep-2019,1.00
12-Sep-2019,1.00
11-Sep-2019,1.00
10-Sep-2019,0.98
09-Sep-2019,0.95
06-Sep-2019,0.94
05-Sep-2019,0.92
04-Sep-2019,0.93
03-Sep-2019,0.92
30-Aug-2019,0.94
29-Aug-2019,0.92
28-Aug-2019,0.94
27-Aug-2019,0.94
26-Aug-2019,0.94
23-Aug-2019,0.93
22-Aug-2019,0.94
21-Aug-2019,0.93
20-Aug-2019,0.91
19-Aug-2019,0.91
16-Aug-2019,0.93
15-Aug-2019,0.95
14-Aug-2019,0.94
13-Aug-2019,0.96
12-Aug-2019,0.94
09-Aug-2019,0.97
08-Aug-2019,0.97
07-Aug-2019,0.97
06-Aug-2019,0.97
05-Aug-2019,0.96
02-Aug-2019,0.98
01-Aug-2019,0.97
31-Jul-2019,1.00
30-Jul-2019,1.00
29-Jul-2019,1.01
26-Jul-2019,1.00
25-Jul-2019,1.01
24-Jul-2019,1.01
23-Jul-2019,1.02
22-Jul-2019,1.05
19-Jul-2019,1.06
18-Jul-2019,1.07
17-Jul-2019,1.06
16-Jul-2019,1.04
15-Jul-2019,1.09
12-Jul-2019,1.05
11-Jul-2019,1.06
10-Jul-2019,1.04
09-Jul-2019,1.06
08-Jul-2019,1.05
05-Jul-2019,1.09
03-Jul-2019,1.12
02-Jul-2019,1.08
01-Jul-2019,1.10
28-Jun-2019,1.08
27-Jun-2019,1.06
26-Jun-2019,1.05
25-Jun-2019,1.06
24-Jun-2019,1.02
21-Jun-2019,1.00
20-Jun-2019,1.01
19-Jun-2019,0.96
18-Jun-2019,0.94
17-Jun-2019,0.96
14-Jun-2019,0.96
13-Jun-2019,0.97
12-Jun-2019,0.99
11-Jun-2019,0.97
10-Jun-2019,0.99
07-Jun-2019,1.01
06-Jun-2019,1.02
05-Jun-2019,0.99
04-Jun-2019,1.06
03-Jun-2019,1.04
31-May-2019,1.05
30-May-2019,1.02
29-May-2019,1.00
28-May-2019,0.96
24-May-2019,0.93
23-May-2019,0.94
22-May-2019,0.92
21-May-2019,0.93
20-May-2019,0.88
17-May-2019,0.87
16-May-2019,0.90
15-May-2019,0.90
14-May-2019,0.90
13-May-2019,0.88
10-May-2019,0.89
09-May-2019,0.90
08-May-2019,0.87
07-May-2019,0.87
06-May-2019,0.89
03-May-2019,0.89
02-May-2019,0.90
01-May-2019,0.90
30-Apr-2019,0.92
29-Apr-2019,0.91
26-Apr-2019,0.93
25-Apr-2019,0.92
24-Apr-2019,0.90
23-Apr-2019,0.92
22-Apr-2019,0.91
18-Apr-2019,0.90
17-Apr-2019,0.87
16-Apr-2019,0.91
15-Apr-2019,0.91
12-Apr-2019,0.90
11-Apr-2019,0.90
10-Apr-2019,0.94
09-Apr-2019,0.94
08-Apr-2019,0.93
05-Apr-2019,0.93
04-Apr-2019,0.95
03-Apr-2019,0.95
02-Apr-2019,0.92
01-Apr-2019,0.92
29-Mar-2019,0.95
28-Mar-2019,0.94
27-Mar-2019,0.94
26-Mar-2019,0.95
25-Mar-2019,0.94
22-Mar-2019,0.94
21-Mar-2019,0.95
20-Mar-2019,0.95
19-Mar-2019,0.93
18-Mar-2019,0.94
15-Mar-2019,0.95
14-Mar-2019,0.94
13-Mar-2019,0.94
12-Mar-2019,0.93
11-Mar-2019,0.94
08-Mar-2019,0.95
07-Mar-2019,0.94
06-Mar-2019,0.96
05-Mar-2019,0.96
04-Mar-2019,0.94
01-Mar-2019,0.97
28-Feb-2019,0.95
27-Feb-2019,0.96
26-Feb-2019,0.94
25-Feb-2019,0.96
22-Feb-2019,0.96
21-Feb-2019,0.96
20-Feb-2019,0.98
19-Feb-2019,0.97
15-Feb-2019,0.98
14-Feb-2019,0.98
13-Feb-2019,0.99
12-Feb-2019,1.00
11-Feb-2019,1.00
08-Feb-2019,1.03
07-Feb-2019,1.04
06-Feb-2019,1.06
05-Feb-2019,1.05
04-Feb-2019,1.06
01-Feb-2019,1.04
31-Jan-2019,1.06
30-Jan-2019,1.02
29-Jan-2019,1.03
28-Jan-2019,1.03
25-Jan-2019,1.07
24-Jan-2019,1.05
23-Jan-2019,1.03
22-Jan-2019,1.03
18-Jan-2019,1.05
17-Jan-2019,1.02
16-Jan-2019,1.02
15-Jan-2019,1.01
14-Jan-2019,1.03
11-Jan-2019,1.04
10-Jan-2019,1.04
09-Jan-2019,1.05
08-Jan-2019,1.05
07-Jan-2019,1.03
04-Jan-2019,1.02
03-Jan-2019,1.02
02-Jan-2019,1.00
31-Dec-2018,1.02
28-Dec-2018,1.01
27-Dec-2018,1.02
26-Dec-2018,1.04
24-Dec-2018,1.02
21-Dec-2018,1.00
20-Dec-2018,1.03
19-Dec-2018,1.01
18-Dec-2018,0.94
17-Dec-2018,0.95
14-Dec-2018,0.97
13-Dec-2018,0.99
12-Dec-2018,0.98
11-Dec-2018,0.98
10-Dec-2018,1.00
07-Dec-2018,0.99
06-Dec-2018,1.01
05-Dec-2018,1.01
04-Dec-2018,1.02
03-Dec-2018,1.04
30-Nov-2018,1.03
29-Nov-2018,1.09
28-Nov-2018,1.10
27-Nov-2018,1.10
26-Nov-2018,1.07
23-Nov-2018,1.07
21-Nov-2018,1.10
20-Nov-2018,1.11
19-Nov-2018,1.12
16-Nov-2018,1.13
15-Nov-2018,1.10
14-Nov-2018,1.13
13-Nov-2018,1.09
12-Nov-2018,1.10
09-Nov-2018,1.14
08-Nov-2018,1.17
07-Nov-2018,1.16
06-Nov-2018,1.13
05-Nov-2018,1.17
02-Nov-2018,1.20
01-Nov-2018,1.18
31-Oct-2018,1.13
30-Oct-2018,1.12
29-Oct-2018,1.14
26-Oct-2018,1.20
25-Oct-2018,1.21
24-Oct-2018,1.20
23-Oct-2018,1.21
22-Oct-2018,1.18
19-Oct-2018,1.22
18-Oct-2018,1.22
17-Oct-2018,1.23
16-Oct-2018,1.18
15-Oct-2018,1.19
12-Oct-2018,1.17
11-Oct-2018,1.13
10-Oct-2018,1.12
09-Oct-2018,1.13
08-Oct-2018,1.12
05-Oct-2018,1.09
04-Oct-2018,1.07
03-Oct-2018,1.07
02-Oct-2018,1.08
01-Oct-2018,1.02
28-Sep-2018,1.02
27-Sep-2018,0.99
26-Sep-2018,0.98
25-Sep-2018,0.97
24-Sep-2018,0.99
21-Sep-2018,1.00
20-Sep-2018,1.00
19-Sep-2018,0.97
18-Sep-2018,0.92
17-Sep-2018,0.93
14-Sep-2018,0.95
13-Sep-2018,0.96
12-Sep-2018,0.98
11-Sep-2018,0.96
10-Sep-2018,0.98
07-Sep-2018,0.99
06-Sep-2018,0.98
05-Sep-2018,1.00
04-Sep-2018,0.98
31-Aug-2018,0.98
30-Aug-2018,0.99
29-Aug-2018,0.99
28-Aug-2018,0.99
27-Aug-2018,1.02
24-Aug-2018,1.01
23-Aug-2018,0.97
22-Aug-2018,0.96
21-Aug-2018,0.98
20-Aug-2018,0.97
17-Aug-2018,1.01
16-Aug-2018,1.02
15-Aug-2018,1.02
14-Aug-2018,1.05
13-Aug-2018,1.06
10-Aug-2018,1.07
09-Aug-2018,1.08
08-Aug-2018,1.08
07-Aug-2018,1.09
06-Aug-2018,1.09
03-Aug-2018,1.08
02-Aug-2018,1.07
01-Aug-2018,1.08
31-Jul-2018,1.10
30-Jul-2018,1.11
27-Jul-2018,1.10
26-Jul-2018,1.10
25-Jul-2018,1.11
24-Jul-2018,1.11
23-Jul-2018,1.12
20-Jul-2018,1.11
19-Jul-2018,1.05
18-Jul-2018,1.05
17-Jul-2018,1.06
16-Jul-2018,1.07
13-Jul-2018,1.07
12-Jul-2018,1.09
11-Jul-2018,1.09
10-Jul-2018,1.12
09-Jul-2018,1.12
06-Jul-2018,1.11
05-Jul-2018,1.06
03-Jul-2018,1.08
02-Jul-2018,1.08
29-Jun-2018,1.12
28-Jun-2018,1.12
27-Jun-2018,1.14
26-Jun-2018,1.15
25-Jun-2018,1.14
22-Jun-2018,1.14
21-Jun-2018,1.13
20-Jun-2018,1.14
19-Jun-2018,1.14
18-Jun-2018,1.14
15-Jun-2018,1.15
14-Jun-2018,1.16
13-Jun-2018,1.16
12-Jun-2018,1.17
11-Jun-2018,1.17
08-Jun-2018,1.17
07-Jun-2018,1.16
06-Jun-2018,1.18
05-Jun-2018,1.19
04-Jun-2018,1.22
01-Jun-2018,1.23
31-May-2018,1.24
30-May-2018,1.20
29-May-2018,1.20
25-May-2018,1.20
24-May-2018,1.21
23-May-2018,1.19
22-May-2018,1.21
21-May-2018,1.20
18-May-2018,1.14
17-May-2018,1.14
16-May-2018,1.13
15-May-2018,1.13
14-May-2018,1.14
11-May-2018,1.15
10-May-2018,1.16
09-May-2018,1.16
08-May-2018,1.17
07-May-2018,1.18
04-May-2018,1.20
03-May-2018,1.22
02-May-2018,1.22
01-May-2018,1.23
30-Apr-2018,1.21
27-Apr-2018,1.20
26-Apr-2018,1.18
25-Apr-2018,1.17
24-Apr-2018,1.19
23-Apr-2018,1.17
20-Apr-2018,1.16
19-Apr-2018,1.14
18-Apr-2018,1.15
17-Apr-2018,1.14
16-Apr-2018,1.14
13-Apr-2018,1.17
12-Apr-2018,1.18
11-Apr-2018,1.18
10-Apr-2018,1.18
09-Apr-2018,1.19
06-Apr-2018,1.17
05-Apr-2018,1.18
04-Apr-2018,1.17
03-Apr-2018,1.17
02-Apr-2018,1.16
29-Mar-2018,1.18
28-Mar-2018,1.18
27-Mar-2018,1.19
26-Mar-2018,1.18
23-Mar-2018,1.17
22-Mar-2018,1.19
21-Mar-2018,1.19
20-Mar-2018,1.19
19-Mar-2018,1.18
16-Mar-2018,1.17
15-Mar-2018,1.18
14-Mar-2018,1.20
13-Mar-2018,1.20
12-Mar-2018,1.18
09-Mar-2018,1.19
08-Mar-2018,1.19
07-Mar-2018,1.19
06-Mar-2018,1.20
05-Mar-2018,1.19
02-Mar-2018,1.20
01-Mar-2018,1.22
28-Feb-2018,1.21
27-Feb-2018,1.20
26-Feb-2018,1.21
23-Feb-2018,1.19
22-Feb-2018,1.20
21-Feb-2018,1.17
20-Feb-2018,1.18
16-Feb-2018,1.18
15-Feb-2018,1.22
14-Feb-2018,1.23
13-Feb-2018,1.23
12-Feb-2018,1.21
09-Feb-2018,1.22
08-Feb-2018,1.23
07-Feb-2018,1.23
06-Feb-2018,1.23
05-Feb-2018,1.20
02-Feb-2018,1.20
01-Feb-2018,1.21
31-Jan-2018,1.22
30-Jan-2018,1.22
29-Jan-2018,1.25
26-Jan-2018,1.25
25-Jan-2018,1.24
24-Jan-2018,1.23
23-Jan-2018,1.21
22-Jan-2018,1.23
19-Jan-2018,1.21
18-Jan-2018,1.21
17-Jan-2018,1.23
16-Jan-2018,1.20
12-Jan-2018,1.22
11-Jan-2018,1.23
10-Jan-2018,1.24
09-Jan-2018,1.25
08-Jan-2018,1.25
05-Jan-2018,1.28
04-Jan-2018,1.30
03-Jan-2018,1.29
02-Jan-2018,1.30
29-Dec-2017,1.26
28-Dec-2017,1.25
27-Dec-2017,1.25
26-Dec-2017,1.22
22-Dec-2017,1.20
21-Dec-2017,1.22
20-Dec-2017,1.23
19-Dec-2017,1.22
18-Dec-2017,1.19
15-Dec-2017,1.17
14-Dec-2017,1.19
13-Dec-2017,1.19
12-Dec-2017,1.17
11-Dec-2017,1.19
08-Dec-2017,1.21
07-Dec-2017,1.21
06-Dec-2017,1.25
05-Dec-2017,1.26
04-Dec-2017,1.27
01-Dec-2017,1.28
30-Nov-2017,1.26
29-Nov-2017,1.30
28-Nov-2017,1.27
27-Nov-2017,1.26
24-Nov-2017,1.25
22-Nov-2017,1.25
21-Nov-2017,1.24
20-Nov-2017,1.23
17-Nov-2017,1.24
16-Nov-2017,1.27
15-Nov-2017,1.27
14-Nov-2017,1.27
13-Nov-2017,1.28
10-Nov-2017,1.28
09-Nov-2017,1.26
08-Nov-2017,1.26
07-Nov-2017,1.25
06-Nov-2017,1.26
03-Nov-2017,1.24
02-Nov-2017,1.26
01-Nov-2017,1.23
31-Oct-2017,1.25
30-Oct-2017,1.26
27-Oct-2017,1.27
26-Oct-2017,1.25
25-Oct-2017,1.24
24-Oct-2017,1.23
23-Oct-2017,1.24
20-Oct-2017,1.25
19-Oct-2017,1.27
18-Oct-2017,1.24
17-Oct-2017,1.24
16-Oct-2017,1.24
13-Oct-2017,1.26
12-Oct-2017,1.26
11-Oct-2017,1.27
10-Oct-2017,1.31
09-Oct-2017,1.31
06-Oct-2017,1.30
05-Oct-2017,1.27
04-Oct-2017,1.25
03-Oct-2017,1.25
02-Oct-2017,1.27
29-Sep-2017,1.28
28-Sep-2017,1.29
27-Sep-2017,1.29
26-Sep-2017,1.32
25-Sep-2017,1.32
22-Sep-2017,1.34
21-Sep-2017,1.35
20-Sep-2017,1.37
19-Sep-2017,1.34
18-Sep-2017,1.39
15-Sep-2017,1.40
14-Sep-2017,1.36
13-Sep-2017,1.37
12-Sep-2017,1.34
11-Sep-2017,1.31
08-Sep-2017,1.29
07-Sep-2017,1.28
06-Sep-2017,1.27
05-Sep-2017,1.27
01-Sep-2017,1.28
31-Aug-2017,1.28
30-Aug-2017,1.27
29-Aug-2017,1.27
28-Aug-2017,1.30
25-Aug-2017,1.30
24-Aug-2017,1.27
23-Aug-2017,1.26
22-Aug-2017,1.26
21-Aug-2017,1.26
18-Aug-2017,1.28
17-Aug-2017,1.28
16-Aug-2017,1.31
15-Aug-2017,1.32
14-Aug-2017,1.37
11-Aug-2017,1.40
10-Aug-2017,1.39
09-Aug-2017,1.43
08-Aug-2017,1.43
07-Aug-2017,1.42
04-Aug-2017,1.40
03-Aug-2017,1.40
02-Aug-2017,1.40
01-Aug-2017,1.38
31-Jul-2017,1.39
28-Jul-2017,1.38
27-Jul-2017,1.36
26-Jul-2017,1.35
25-Jul-2017,1.31
24-Jul-2017,1.33
21-Jul-2017,1.37
20-Jul-2017,1.35
19-Jul-2017,1.31
18-Jul-2017,1.32
17-Jul-2017,1.32
14-Jul-2017,1.32
13-Jul-2017,1.29
12-Jul-2017,1.26
11-Jul-2017,1.24
10-Jul-2017,1.26
07-Jul-2017,1.27
06-Jul-2017,1.27
05-Jul-2017,1.28
03-Jul-2017,1.26
30-Jun-2017,1.24
29-Jun-2017,1.25
28-Jun-2017,1.23
27-Jun-2017,1.23
26-Jun-2017,1.22
23-Jun-2017,1.20
22-Jun-2017,1.13
21-Jun-2017,1.19
20-Jun-2017,1.22
19-Jun-2017,1.24
16-Jun-2017,1.24
15-Jun-2017,1.26
14-Jun-2017,1.26
13-Jun-2017,1.26
12-Jun-2017,1.28
09-Jun-2017,1.27
08-Jun-2017,1.26
07-Jun-2017,1.26
06-Jun-2017,1.26
05-Jun-2017,1.28
02-Jun-2017,1.26
01-Jun-2017,1.28
31-May-2017,1.29
30-May-2017,1.32
26-May-2017,1.31
25-May-2017,1.29
24-May-2017,1.29
23-May-2017,1.30
22-May-2017,1.31
19-May-2017,1.32
18-May-2017,1.27
17-May-2017,1.32
16-May-2017,1.29
15-May-2017,1.31
12-May-2017,1.33
11-May-2017,1.32
10-May-2017,1.34
09-May-2017,1.33
08-May-2017,1.35
05-May-2017,1.33
04-May-2017,1.33
03-May-2017,1.35
02-May-2017,1.34
01-May-2017,1.34
28-Apr-2017,1.31
27-Apr-2017,1.27
26-Apr-2017,1.28
25-Apr-2017,1.30
24-Apr-2017,1.30
21-Apr-2017,1.30
20-Apr-2017,1.32
19-Apr-2017,1.38
18-Apr-2017,1.43
17-Apr-2017,1.41
13-Apr-2017,1.39
12-Apr-2017,1.38
11-Apr-2017,1.40
10-Apr-2017,1.40
07-Apr-2017,1.40
06-Apr-2017,1.38
05-Apr-2017,1.37
04-Apr-2017,1.38
03-Apr-2017,1.38
31-Mar-2017,1.39
30-Mar-2017,1.39
29-Mar-2017,1.39
28-Mar-2017,1.39
27-Mar-2017,1.39
24-Mar-2017,1.38
23-Mar-2017,1.41
22-Mar-2017,1.42
21-Mar-2017,1.44
20-Mar-2017,1.44
17-Mar-2017,1.41
16-Mar-2017,1.40
15-Mar-2017,1.39
14-Mar-2017,1.40
13-Mar-2017,1.41
10-Mar-2017,1.40
09-Mar-2017,1.39
08-Mar-2017,1.40
07-Mar-2017,1.39
06-Mar-2017,1.40
03-Mar-2017,1.41
02-Mar-2017,1.42
01-Mar-2017,1.43
28-Feb-2017,1.41
27-Feb-2017,1.39
24-Feb-2017,1.44
23-Feb-2017,1.48
22-Feb-2017,1.49
21-Feb-2017,1.50
17-Feb-2017,1.48
16-Feb-2017,1.46
15-Feb-2017,1.45
14-Feb-2017,1.44
13-Feb-2017,1.44
10-Feb-2017,1.46
09-Feb-2017,1.45
08-Feb-2017,1.43
07-Feb-2017,1.43
06-Feb-2017,1.44
03-Feb-2017,1.46
02-Feb-2017,1.46
01-Feb-2017,1.50
31-Jan-2017,1.50
30-Jan-2017,1.51
27-Jan-2017,1.52
26-Jan-2017,1.51
25-Jan-2017,1.53
24-Jan-2017,1.52
23-Jan-2017,1.55
20-Jan-2017,1.53
19-Jan-2017,1.51
18-Jan-2017,1.49
17-Jan-2017,1.50
13-Jan-2017,1.49
12-Jan-2017,1.50
11-Jan-2017,1.49
10-Jan-2017,1.48
09-Jan-2017,1.44
06-Jan-2017,1.43
05-Jan-2017,1.44
04-Jan-2017,1.42
03-Jan-2017,1.37
30-Dec-2016,1.37
29-Dec-2016,1.35
28-Dec-2016,1.34
27-Dec-2016,1.34
23-Dec-2016,1.36
22-Dec-2016,1.39
21-Dec-2016,1.45
20-Dec-2016,1.44
19-Dec-2016,1.41
16-Dec-2016,1.38
15-Dec-2016,1.38
14-Dec-2016,1.40
13-Dec-2016,1.39
12-Dec-2016,1.38
09-Dec-2016,1.36
08-Dec-2016,1.38
07-Dec-2016,1.38
06-Dec-2016,1.38
05-Dec-2016,1.40
02-Dec-2016,1.41
01-Dec-2016,1.42
30-Nov-2016,1.48
29-Nov-2016,1.50
28-Nov-2016,1.53
25-Nov-2016,1.52
23-Nov-2016,1.55
22-Nov-2016,1.57
21-Nov-2016,1.59
18-Nov-2016,1.58
17-Nov-2016,1.59
16-Nov-2016,1.61
15-Nov-2016,1.62
14-Nov-2016,1.62
11-Nov-2016,1.59
10-Nov-2016,1.62
09-Nov-2016,1.70
08-Nov-2016,1.68
07-Nov-2016,1.74
04-Nov-2016,1.71
03-Nov-2016,1.66
02-Nov-2016,1.63
01-Nov-2016,1.61
31-Oct-2016,1.64
28-Oct-2016,1.66
27-Oct-2016,1.65
26-Oct-2016,1.64
25-Oct-2016,1.65
24-Oct-2016,1.58
21-Oct-2016,1.56
20-Oct-2016,1.56
19-Oct-2016,1.58
18-Oct-2016,1.59
17-Oct-2016,1.57
14-Oct-2016,1.55
13-Oct-2016,1.53
12-Oct-2016,1.52
11-Oct-2016,1.51
10-Oct-2016,1.53
07-Oct-2016,1.48
06-Oct-2016,1.46
05-Oct-2016,1.48
04-Oct-2016,1.47
03-Oct-2016,1.48
30-Sep-2016,1.52
29-Sep-2016,1.50
28-Sep-2016,1.53
27-Sep-2016,1.54
26-Sep-2016,1.54
23-Sep-2016,1.51
22-Sep-2016,1.55
21-Sep-2016,1.57
20-Sep-2016,1.56
19-Sep-2016,1.52
16-Sep-2016,1.47
15-Sep-2016,1.48
14-Sep-2016,1.48
13-Sep-2016,1.47
12-Sep-2016,1.50
09-Sep-2016,1.50
08-Sep-2016,1.54
07-Sep-2016,1.54
06-Sep-2016,1.52
02-Sep-2016,1.50
01-Sep-2016,1.50
31-Aug-2016,1.46
30-Aug-2016,1.45
29-Aug-2016,1.44
26-Aug-2016,1.44
25-Aug-2016,1.44
24-Aug-2016,1.42
23-Aug-2016,1.45
22-Aug-2016,1.44
19-Aug-2016,1.39
18-Aug-2016,1.38
17-Aug-2016,1.35
16-Aug-2016,1.37
15-Aug-2016,1.37
12-Aug-2016,1.37
11-Aug-2016,1.38
10-Aug-2016,1.39
09-Aug-2016,1.41
08-Aug-2016,1.41
05-Aug-2016,1.43
04-Aug-2016,1.42
03-Aug-2016,1.40
02-Aug-2016,1.41
01-Aug-2016,1.43
29-Jul-2016,1.46
28-Jul-2016,1.42
27-Jul-2016,1.41
26-Jul-2016,1.42
25-Jul-2016,1.41
22-Jul-2016,1.42
21-Jul-2016,1.47
20-Jul-2016,1.47
19-Jul-2016,1.45
18-Jul-2016,1.48
15-Jul-2016,1.46
14-Jul-2016,1.50
13-Jul-2016,1.46
12-Jul-2016,1.46
11-Jul-2016,1.48
08-Jul-2016,1.43
07-Jul-2016,1.40
06-Jul-2016,1.42
05-Jul-2016,1.44
01-Jul-2016,1.45
30-Jun-2016,1.44
29-Jun-2016,1.43
28-Jun-2016,1.39
27-Jun-2016,1.35
24-Jun-2016,1.34
23-Jun-2016,1.39
22-Jun-2016,1.37
21-Jun-2016,1.39
20-Jun-2016,1.40
17-Jun-2016,1.41
16-Jun-2016,1.40
15-Jun-2016,1.38
14-Jun-2016,1.35
13-Jun-2016,1.37
10-Jun-2016,1.37
09-Jun-2016,1.34
08-Jun-2016,1.40
07-Jun-2016,1.32
06-Jun-2016,1.32
03-Jun-2016,1.27
02-Jun-2016,1.23
01-Jun-2016,1.22
31-May-2016,1.22
27-May-2016,1.21
26-May-2016,1.22
25-May-2016,1.21
24-May-2016,1.22
23-May-2016,1.22
20-May-2016,1.25
19-May-2016,1.24
18-May-2016,1.29
17-May-2016,1.32
16-May-2016,1.33
13-May-2016,1.29
12-May-2016,1.28
11-May-2016,1.28
10-May-2016,1.27
09-May-2016,1.25
06-May-2016,1.23
05-May-2016,1.21
04-May-2016,1.19
03-May-2016,1.19
02-May-2016,1.19
29-Apr-2016,1.21
28-Apr-2016,1.20
27-Apr-2016,1.21
26-Apr-2016,1.25
25-Apr-2016,1.23
22-Apr-2016,1.23
21-Apr-2016,1.24
20-Apr-2016,1.27
19-Apr-2016,1.26
18-Apr-2016,1.24
15-Apr-2016,1.23
14-Apr-2016,1.23
13-Apr-2016,1.22
12-Apr-2016,1.25
11-Apr-2016,1.23
08-Apr-2016,1.20
07-Apr-2016,1.20
06-Apr-2016,1.22
05-Apr-2016,1.21
04-Apr-2016,1.23
01-Apr-2016,1.27
31-Mar-2016,1.27
30-Mar-2016,1.27
29-Mar-2016,1.27
28-Mar-2016,1.29
24-Mar-2016,1.28
23-Mar-2016,1.31
22-Mar-2016,1.35
21-Mar-2016,1.32
18-Mar-2016,1.34
17-Mar-2016,1.32
16-Mar-2016,1.27
15-Mar-2016,1.24
14-Mar-2016,1.26
11-Mar-2016,1.24
10-Mar-2016,1.21
09-Mar-2016,1.21
08-Mar-2016,1.20
07-Mar-2016,1.19
04-Mar-2016,1.19
03-Mar-2016,1.16
02-Mar-2016,1.13
01-Mar-2016,1.13
29-Feb-2016,1.13
26-Feb-2016,1.13
25-Feb-2016,1.15
24-Feb-2016,1.15
23-Feb-2016,1.18
22-Feb-2016,1.20
19-Feb-2016,1.16
18-Feb-2016,1.14
17-Feb-2016,1.15
16-Feb-2016,1.15
12-Feb-2016,1.16
11-Feb-2016,1.13
10-Feb-2016,1.15
09-Feb-2016,1.15
08-Feb-2016,1.16
05-Feb-2016,1.20
04-Feb-2016,1.23
03-Feb-2016,1.22
02-Feb-2016,1.20
01-Feb-2016,1.18
29-Jan-2016,1.16
28-Jan-2016,1.19
27-Jan-2016,1.18
26-Jan-2016,1.17
25-Jan-2016,1.16
22-Jan-2016,1.16
21-Jan-2016,1.14
20-Jan-2016,1.12
19-Jan-2016,1.16
15-Jan-2016,1.15
14-Jan-2016,1.16
13-Jan-2016,1.15
12-Jan-2016,1.14
11-Jan-2016,1.14
08-Jan-2016,1.19
07-Jan-2016,1.18
06-Jan-2016,1.20
05-Jan-2016,1.23
04-Jan-2016,1.24
31-Dec-2015,1.27
30-Dec-2015,1.24
29-Dec-2015,1.21
28-Dec-2015,1.19
24-Dec-2015,1.20
23-Dec-2015,1.21
22-Dec-2015,1.19
21-Dec-2015,1.18
18-Dec-2015,1.18
17-Dec-2015,1.18
16-Dec-2015,1.18
15-Dec-2015,1.16
14-Dec-2015,1.17
11-Dec-2015,1.18
10-Dec-2015,1.23
09-Dec-2015,1.24
08-Dec-2015,1.22
07-Dec-2015,1.23
04-Dec-2015,1.24
03-Dec-2015,1.22
02-Dec-2015,1.18
01-Dec-2015,1.17
30-Nov-2015,1.17
27-Nov-2015,1.21
25-Nov-2015,1.23
24-Nov-2015,1.22
23-Nov-2015,1.20
20-Nov-2015,1.22
19-Nov-2015,1.20
18-Nov-2015,1.13
17-Nov-2015,1.14
16-Nov-2015,1.14
13-Nov-2015,1.12
12-Nov-2015,1.15
11-Nov-2015,1.17
10-Nov-2015,1.16
09-Nov-2015,1.18
06-Nov-2015,1.18
05-Nov-2015,1.21
04-Nov-2015,1.21
03-Nov-2015,1.20
02-Nov-2015,1.19
30-Oct-2015,1.21
29-Oct-2015,1.20
28-Oct-2015,1.19
27-Oct-2015,1.17
26-Oct-2015,1.17
23-Oct-2015,1.18
22-Oct-2015,1.20
21-Oct-2015,1.21
20-Oct-2015,1.25
19-Oct-2015,1.24
16-Oct-2015,1.26
15-Oct-2015,1.34
14-Oct-2015,1.35
13-Oct-2015,1.34
12-Oct-2015,1.35
09-Oct-2015,1.32
08-Oct-2015,1.28
07-Oct-2015,1.26
06-Oct-2015,1.28
05-Oct-2015,1.28
02-Oct-2015,1.24
01-Oct-2015,1.21
30-Sep-2015,1.21
29-Sep-2015,1.21
28-Sep-2015,1.19
25-Sep-2015,1.23
24-Sep-2015,1.18
23-Sep-2015,1.16
22-Sep-2015,1.15
21-Sep-2015,1.17
18-Sep-2015,1.13
17-Sep-2015,1.14
16-Sep-2015,1.14
15-Sep-2015,1.16
14-Sep-2015,1.17
11-Sep-2015,1.13
10-Sep-2015,1.13
09-Sep-2015,1.18
08-Sep-2015,1.18
04-Sep-2015,1.16
03-Sep-2015,1.16
02-Sep-2015,1.15
01-Sep-2015,1.17
31-Aug-2015,1.21
28-Aug-2015,1.20
27-Aug-2015,1.21
26-Aug-2015,1.19
25-Aug-2015,1.17
24-Aug-2015,1.18
21-Aug-2015,1.22
20-Aug-2015,1.28
19-Aug-2015,1.31
18-Aug-2015,1.35
17-Aug-2015,1.35
14-Aug-2015,1.38
13-Aug-2015,1.37
12-Aug-2015,1.32
11-Aug-2015,1.37
10-Aug-2015,1.34
07-Aug-2015,1.28
06-Aug-2015,1.24
05-Aug-2015,1.26
04-Aug-2015,1.25
03-Aug-2015,1.24
31-Jul-2015,1.25
30-Jul-2015,1.25
29-Jul-2015,1.22
28-Jul-2015,1.20
27-Jul-2015,1.20
24-Jul-2015,1.22
23-Jul-2015,1.22
22-Jul-2015,1.25
21-Jul-2015,1.24
20-Jul-2015,1.26
17-Jul-2015,1.27
16-Jul-2015,1.27
15-Jul-2015,1.28
14-Jul-2015,1.30
13-Jul-2015,1.27
10-Jul-2015,1.23
09-Jul-2015,1.23
08-Jul-2015,1.23
07-Jul-2015,1.23
06-Jul-2015,1.23
02-Jul-2015,1.26
01-Jul-2015,1.25
30-Jun-2015,1.31
29-Jun-2015,1.31
26-Jun-2015,1.32
25-Jun-2015,1.33
24-Jun-2015,1.33
23-Jun-2015,1.28
22-Jun-2015,1.30
19-Jun-2015,1.27
18-Jun-2015,1.29
17-Jun-2015,1.27
16-Jun-2015,1.29
15-Jun-2015,1.28
12-Jun-2015,1.32
11-Jun-2015,1.32
10-Jun-2015,1.36
09-Jun-2015,1.37
08-Jun-2015,1.37
05-Jun-2015,1.35
04-Jun-2015,1.36
03-Jun-2015,1.34
02-Jun-2015,1.33
01-Jun-2015,1.30
29-May-2015,1.26
28-May-2015,1.25
27-May-2015,1.25
26-May-2015,1.24
22-May-2015,1.27
21-May-2015,1.28
20-May-2015,1.36
19-May-2015,1.40
18-May-2015,1.42
15-May-2015,1.37
14-May-2015,1.36
13-May-2015,1.34
12-May-2015,1.35
11-May-2015,1.33
08-May-2015,1.33
07-May-2015,1.31
06-May-2015,1.28
05-May-2015,1.33
04-May-2015,1.32
01-May-2015,1.33
30-Apr-2015,1.37
29-Apr-2015,1.38
28-Apr-2015,1.38
27-Apr-2015,1.36
24-Apr-2015,1.41
23-Apr-2015,1.40
22-Apr-2015,1.42
21-Apr-2015,1.40
20-Apr-2015,1.39
17-Apr-2015,1.39
16-Apr-2015,1.40
15-Apr-2015,1.36
14-Apr-2015,1.35
13-Apr-2015,1.34
10-Apr-2015,1.35
09-Apr-2015,1.37
08-Apr-2015,1.36
07-Apr-2015,1.42
06-Apr-2015,1.46
02-Apr-2015,1.41
01-Apr-2015,1.35
31-Mar-2015,1.33
30-Mar-2015,1.32
27-Mar-2015,1.38
26-Mar-2015,1.40
25-Mar-2015,1.40
24-Mar-2015,1.37
23-Mar-2015,1.42
20-Mar-2015,1.43
19-Mar-2015,1.40
18-Mar-2015,1.36
17-Mar-2015,1.34
16-Mar-2015,1.35
13-Mar-2015,1.26
12-Mar-2015,1.29
11-Mar-2015,1.28
10-Mar-2015,1.32
09-Mar-2015,1.34
06-Mar-2015,1.37
05-Mar-2015,1.32
04-Mar-2015,1.34
03-Mar-2015,1.26
02-Mar-2015,1.35
27-Feb-2015,1.37
26-Feb-2015,1.37
25-Feb-2015,1.40
24-Feb-2015,1.45
23-Feb-2015,1.44
20-Feb-2015,1.49
19-Feb-2015,1.49
18-Feb-2015,1.53
17-Feb-2015,1.56
13-Feb-2015,1.63
12-Feb-2015,1.65
11-Feb-2015,1.59
10-Feb-2015,1.59
09-Feb-2015,1.68
06-Feb-2015,1.67
05-Feb-2015,1.65
04-Feb-2015,1.65
03-Feb-2015,1.61
02-Feb-2015,1.62
30-Jan-2015,1.62
29-Jan-2015,1.60
28-Jan-2015,1.68
27-Jan-2015,1.68
26-Jan-2015,1.62
23-Jan-2015,1.62
22-Jan-2015,1.60
21-Jan-2015,1.61
20-Jan-2015,1.64
16-Jan-2015,1.71
15-Jan-2015,1.77
14-Jan-2015,1.80
13-Jan-2015,1.77
12-Jan-2015,1.77
09-Jan-2015,1.80
08-Jan-2015,1.77
07-Jan-2015,1.75
06-Jan-2015,1.75
05-Jan-2015,1.68
02-Jan-2015,1.61
31-Dec-2014,1.67
30-Dec-2014,1.65
29-Dec-2014,1.65
26-Dec-2014,1.69
24-Dec-2014,1.70
23-Dec-2014,1.71
22-Dec-2014,1.72
19-Dec-2014,1.75
18-Dec-2014,1.74
17-Dec-2014,1.71
16-Dec-2014,1.77
15-Dec-2014,1.78
12-Dec-2014,1.73
11-Dec-2014,1.75
10-Dec-2014,1.78
09-Dec-2014,1.79
08-Dec-2014,1.77
05-Dec-2014,1.79
04-Dec-2014,1.82
03-Dec-2014,1.83
02-Dec-2014,1.82
01-Dec-2014,1.89
28-Nov-2014,1.87
26-Nov-2014,1.94
25-Nov-2014,1.94
24-Nov-2014,1.90
21-Nov-2014,1.90
20-Nov-2014,1.88
19-Nov-2014,1.98
18-Nov-2014,1.91
17-Nov-2014,1.88
14-Nov-2014,1.92
13-Nov-2014,1.89
12-Nov-2014,1.84
11-Nov-2014,1.85
10-Nov-2014,1.81
07-Nov-2014,1.82
06-Nov-2014,1.84
05-Nov-2014,1.86
04-Nov-2014,1.88
03-Nov-2014,1.86
31-Oct-2014,1.88
30-Oct-2014,1.88
29-Oct-2014,1.90
28-Oct-2014,1.92
27-Oct-2014,1.91
24-Oct-2014,1.92
23-Oct-2014,1.93
22-Oct-2014,1.91
21-Oct-2014,2.00
20-Oct-2014,1.99
17-Oct-2014,2.11
16-Oct-2014,2.17
15-Oct-2014,2.16
14-Oct-2014,2.22
13-Oct-2014,2.18
10-Oct-2014,2.20
09-Oct-2014,2.22
08-Oct-2014,2.14
07-Oct-2014,2.16
06-Oct-2014,2.21
03-Oct-2014,2.07
02-Oct-2014,2.09
01-Oct-2014,2.00
30-Sep-2014,1.93
29-Sep-2014,1.91
26-Sep-2014,1.86
25-Sep-2014,1.82
24-Sep-2014,1.89
23-Sep-2014,1.81
22-Sep-2014,1.79
19-Sep-2014,1.78
18-Sep-2014,1.76
17-Sep-2014,1.81
16-Sep-2014,1.81
15-Sep-2014,1.77
12-Sep-2014,1.80
11-Sep-2014,1.81
10-Sep-2014,1.77
09-Sep-2014,1.88
08-Sep-2014,1.90
05-Sep-2014,1.93
04-Sep-2014,1.97
03-Sep-2014,1.97
02-Sep-2014,2.04
29-Aug-2014,1.96
28-Aug-2014,1.95
27-Aug-2014,1.92
26-Aug-2014,1.93
25-Aug-2014,1.83
22-Aug-2014,1.82
21-Aug-2014,1.84
20-Aug-2014,1.84
19-Aug-2014,1.82
18-Aug-2014,1.89
15-Aug-2014,1.89
14-Aug-2014,1.84
13-Aug-2014,1.85
12-Aug-2014,1.85
11-Aug-2014,1.89
08-Aug-2014,1.81
07-Aug-2014,1.84
06-Aug-2014,1.91
05-Aug-2014,1.89
04-Aug-2014,1.91
01-Aug-2014,1.92
31-Jul-2014,1.95
30-Jul-2014,1.83
29-Jul-2014,1.81
28-Jul-2014,1.81
25-Jul-2014,1.79
24-Jul-2014,1.78
23-Jul-2014,1.77
22-Jul-2014,1.68
21-Jul-2014,1.72
18-Jul-2014,1.71
17-Jul-2014,1.62
16-Jul-2014,1.60
15-Jul-2014,1.59
14-Jul-2014,1.62
11-Jul-2014,1.59
10-Jul-2014,1.60
09-Jul-2014,1.70
08-Jul-2014,1.70
07-Jul-2014,1.69
03-Jul-2014,1.69
02-Jul-2014,1.71
01-Jul-2014,1.68
30-Jun-2014,1.73
27-Jun-2014,1.70
26-Jun-2014,1.79
25-Jun-2014,1.80
24-Jun-2014,1.74
23-Jun-2014,1.75
20-Jun-2014,1.73
19-Jun-2014,1.67
18-Jun-2014,1.67
17-Jun-2014,1.69
16-Jun-2014,1.73
13-Jun-2014,1.74
12-Jun-2014,1.72
11-Jun-2014,1.72
10-Jun-2014,1.66
09-Jun-2014,1.65
06-Jun-2014,1.72
05-Jun-2014,1.69
04-Jun-2014,1.70
03-Jun-2014,1.71
02-Jun-2014,1.72
30-May-2014,1.78
29-May-2014,1.82
28-May-2014,1.76
27-May-2014,1.79
23-May-2014,1.82
22-May-2014,1.81
21-May-2014,1.81
20-May-2014,1.86
19-May-2014,1.80
16-May-2014,1.83
15-May-2014,1.94
14-May-2014,1.81
13-May-2014,1.84
12-May-2014,1.86
09-May-2014,1.81
08-May-2014,1.93
07-May-2014,1.98
06-May-2014,2.00
05-May-2014,2.02
02-May-2014,2.01
01-May-2014,2.01
30-Apr-2014,2.03
29-Apr-2014,2.09
28-Apr-2014,1.99
25-Apr-2014,2.05
24-Apr-2014,2.12
23-Apr-2014,2.12
22-Apr-2014,2.12
21-Apr-2014,1.97
17-Apr-2014,2.01
16-Apr-2014,1.86
15-Apr-2014,1.92
14-Apr-2014,2.05
11-Apr-2014,2.01
10-Apr-2014,2.06
09-Apr-2014,2.00
08-Apr-2014,1.97
07-Apr-2014,1.93
04-Apr-2014,1.85
03-Apr-2014,1.75
02-Apr-2014,1.73
01-Apr-2014,1.75
31-Mar-2014,1.78
28-Mar-2014,1.81
27-Mar-2014,1.76
26-Mar-2014,1.76
25-Mar-2014,1.75
24-Mar-2014,1.76
21-Mar-2014,1.71
20-Mar-2014,1.74
19-Mar-2014,1.85
18-Mar-2014,1.91
17-Mar-2014,1.90
14-Mar-2014,1.98
13-Mar-2014,2.05
12-Mar-2014,2.05
11-Mar-2014,2.05
10-Mar-2014,2.03
07-Mar-2014,1.96
06-Mar-2014,1.95
05-Mar-2014,2.01
04-Mar-2014,1.85
03-Mar-2014,1.93
28-Feb-2014,1.80
27-Feb-2014,1.79
26-Feb-2014,1.77
25-Feb-2014,1.76
24-Feb-2014,1.76
21-Feb-2014,1.69
20-Feb-2014,1.69
19-Feb-2014,1.72
18-Feb-2014,1.53
14-Feb-2014,1.40
13-Feb-2014,1.40
12-Feb-2014,1.41
11-Feb-2014,1.37
10-Feb-2014,1.36
07-Feb-2014,1.36
06-Feb-2014,1.36
05-Feb-2014,1.43
04-Feb-2014,1.36
03-Feb-2014,1.36
31-Jan-2014,1.25
30-Jan-2014,1.20
29-Jan-2014,1.17
28-Jan-2014,1.15
27-Jan-2014,1.14
24-Jan-2014,1.14
23-Jan-2014,1.15
22-Jan-2014,1.15
21-Jan-2014,1.16
17-Jan-2014,1.17
16-Jan-2014,1.18
15-Jan-2014,1.17
14-Jan-2014,1.19
13-Jan-2014,1.20
10-Jan-2014,1.21
09-Jan-2014,1.19
08-Jan-2014,1.21
07-Jan-2014,1.17
06-Jan-2014,1.21
03-Jan-2014,1.16
02-Jan-2014,1.11
31-Dec-2013,1.11
30-Dec-2013,1.15
27-Dec-2013,1.16
26-Dec-2013,1.15
24-Dec-2013,1.15
23-Dec-2013,1.16
20-Dec-2013,1.15
19-Dec-2013,1.14
18-Dec-2013,1.15
17-Dec-2013,1.14
16-Dec-2013,1.15
13-Dec-2013,1.15
12-Dec-2013,1.11
11-Dec-2013,1.09
10-Dec-2013,1.10
09-Dec-2013,1.06
06-Dec-2013,1.06
05-Dec-2013,1.05
04-Dec-2013,1.08
03-Dec-2013,1.10
02-Dec-2013,1.09
29-Nov-2013,1.10
27-Nov-2013,1.08
26-Nov-2013,1.08
25-Nov-2013,1.08
22-Nov-2013,1.07
21-Nov-2013,1.10
20-Nov-2013,1.07
19-Nov-2013,1.05
18-Nov-2013,1.06
15-Nov-2013,1.06
14-Nov-2013,1.03
13-Nov-2013,1.03
12-Nov-2013,1.06
11-Nov-2013,1.03
08-Nov-2013,1.04
07-Nov-2013,1.04
06-Nov-2013,1.02
05-Nov-2013,1.03
04-Nov-2013,1.04
01-Nov-2013,1.06
31-Oct-2013,1.05
30-Oct-2013,1.07
29-Oct-2013,1.07
28-Oct-2013,1.08
25-Oct-2013,1.09
24-Oct-2013,1.10
23-Oct-2013,1.11
22-Oct-2013,1.12
21-Oct-2013,1.13
18-Oct-2013,1.15
17-Oct-2013,1.15
16-Oct-2013,1.16
15-Oct-2013,1.16
14-Oct-2013,1.17
11-Oct-2013,1.17
10-Oct-2013,1.14
09-Oct-2013,1.15
08-Oct-2013,1.15
07-Oct-2013,1.15
04-Oct-2013,1.14
03-Oct-2013,1.15
02-Oct-2013,1.14
01-Oct-2013,1.14
30-Sep-2013,1.14
27-Sep-2013,1.14
26-Sep-2013,1.16
25-Sep-2013,1.17
24-Sep-2013,1.18
23-Sep-2013,1.17
20-Sep-2013,1.15
19-Sep-2013,1.16
18-Sep-2013,1.11
17-Sep-2013,1.11
16-Sep-2013,1.15
13-Sep-2013,1.16
12-Sep-2013,1.16
11-Sep-2013,1.16
10-Sep-2013,1.12
09-Sep-2013,1.14
06-Sep-2013,1.14
05-Sep-2013,1.13
04-Sep-2013,1.13
03-Sep-2013,1.13
30-Aug-2013,1.12
29-Aug-2013,1.13
28-Aug-2013,1.15
27-Aug-2013,1.13
26-Aug-2013,1.14
23-Aug-2013,1.13
22-Aug-2013,1.13
21-Aug-2013,1.14
20-Aug-2013,1.15
19-Aug-2013,1.19
16-Aug-2013,1.21
15-Aug-2013,1.22
14-Aug-2013,1.23
13-Aug-2013,1.21
12-Aug-2013,1.23
09-Aug-2013,1.23
08-Aug-2013,1.22
07-Aug-2013,1.21
06-Aug-2013,1.18
05-Aug-2013,1.20
02-Aug-2013,1.18
01-Aug-2013,1.16
31-Jul-2013,1.19
30-Jul-2013,1.20
29-Jul-2013,1.21
26-Jul-2013,1.22
25-Jul-2013,1.25
24-Jul-2013,1.21
23-Jul-2013,1.26
22-Jul-2013,1.25
19-Jul-2013,1.23
18-Jul-2013,1.27
17-Jul-2013,1.28
16-Jul-2013,1.26
15-Jul-2013,1.23
12-Jul-2013,1.19
11-Jul-2013,1.23
10-Jul-2013,1.21
09-Jul-2013,1.22
08-Jul-2013,1.23
05-Jul-2013,1.21
03-Jul-2013,1.21
02-Jul-2013,1.24
01-Jul-2013,1.21
28-Jun-2013,1.20
27-Jun-2013,1.22
26-Jun-2013,1.18
25-Jun-2013,1.20
24-Jun-2013,1.19
21-Jun-2013,1.19
20-Jun-2013,1.18
19-Jun-2013,1.23
18-Jun-2013,1.22
17-Jun-2013,1.22
14-Jun-2013,1.22
13-Jun-2013,1.24
12-Jun-2013,1.23
11-Jun-2013,1.28
10-Jun-2013,1.29
07-Jun-2013,1.27
06-Jun-2013,1.29
05-Jun-2013,1.27
04-Jun-2013,1.28
03-Jun-2013,1.29
31-May-2013,1.27
30-May-2013,1.26
29-May-2013,1.28
28-May-2013,1.26
24-May-2013,1.27
23-May-2013,1.30
22-May-2013,1.28
21-May-2013,1.33
20-May-2013,1.34
17-May-2013,1.36
16-May-2013,1.38
15-May-2013,1.38
14-May-2013,1.42
13-May-2013,1.45
10-May-2013,1.44
09-May-2013,1.46
08-May-2013,1.44
07-May-2013,1.42
06-May-2013,1.41
03-May-2013,1.40
02-May-2013,1.39
01-May-2013,1.35
30-Apr-2013,1.35
29-Apr-2013,1.34
26-Apr-2013,1.34
25-Apr-2013,1.37
24-Apr-2013,1.38
23-Apr-2013,1.38
22-Apr-2013,1.43
19-Apr-2013,1.42
18-Apr-2013,1.39
17-Apr-2013,1.36
16-Apr-2013,1.36
15-Apr-2013,1.34
12-Apr-2013,1.35
11-Apr-2013,1.37
10-Apr-2013,1.36
09-Apr-2013,1.35
08-Apr-2013,1.36
05-Apr-2013,1.40
04-Apr-2013,1.40
03-Apr-2013,1.39
02-Apr-2013,1.36
01-Apr-2013,1.38
28-Mar-2013,1.37
27-Mar-2013,1.37
26-Mar-2013,1.38
25-Mar-2013,1.36
22-Mar-2013,1.35
21-Mar-2013,1.34
20-Mar-2013,1.34
19-Mar-2013,1.33
18-Mar-2013,1.33
15-Mar-2013,1.37
14-Mar-2013,1.39
13-Mar-2013,1.40
12-Mar-2013,1.42
11-Mar-2013,1.43
08-Mar-2013,1.43
07-Mar-2013,1.42
06-Mar-2013,1.41
05-Mar-2013,1.41
04-Mar-2013,1.46
01-Mar-2013,1.43
28-Feb-2013,1.43
27-Feb-2013,1.42
26-Feb-2013,1.43
25-Feb-2013,1.43
22-Feb-2013,1.43
21-Feb-2013,1.42
20-Feb-2013,1.41
19-Feb-2013,1.37
15-Feb-2013,1.37
14-Feb-2013,1.38
13-Feb-2013,1.39
12-Feb-2013,1.41
11-Feb-2013,1.40
08-Feb-2013,1.41
07-Feb-2013,1.40
06-Feb-2013,1.42
05-Feb-2013,1.44
04-Feb-2013,1.44
01-Feb-2013,1.48
31-Jan-2013,1.47
30-Jan-2013,1.48
29-Jan-2013,1.50
28-Jan-2013,1.49
25-Jan-2013,1.48
24-Jan-2013,1.47
23-Jan-2013,1.50
22-Jan-2013,1.49
18-Jan-2013,1.56
17-Jan-2013,1.56
16-Jan-2013,1.53
15-Jan-2013,1.53
14-Jan-2013,1.53
11-Jan-2013,1.53
10-Jan-2013,1.50
09-Jan-2013,1.48
08-Jan-2013,1.48
07-Jan-2013,1.50
04-Jan-2013,1.47
03-Jan-2013,1.47
02-Jan-2013,1.49
31-Dec-2012,1.44
28-Dec-2012,1.47
27-Dec-2012,1.48
26-Dec-2012,1.48
24-Dec-2012,1.47
21-Dec-2012,1.47
20-Dec-2012,1.43
19-Dec-2012,1.45
18-Dec-2012,1.34
17-Dec-2012,1.38
14-Dec-2012,1.37
13-Dec-2012,1.35
12-Dec-2012,1.38
11-Dec-2012,1.41
10-Dec-2012,1.38
07-Dec-2012,1.42
06-Dec-2012,1.40
05-Dec-2012,1.40
04-Dec-2012,1.37
03-Dec-2012,1.42
30-Nov-2012,1.42
29-Nov-2012,1.46
28-Nov-2012,1.45
27-Nov-2012,1.40
26-Nov-2012,1.40
23-Nov-2012,1.42
21-Nov-2012,1.45
20-Nov-2012,1.44
19-Nov-2012,1.51
16-Nov-2012,1.47
15-Nov-2012,1.49
14-Nov-2012,1.48
13-Nov-2012,1.46
12-Nov-2012,1.53
09-Nov-2012,1.50
08-Nov-2012,1.51
07-Nov-2012,1.51
06-Nov-2012,1.51
05-Nov-2012,1.51
02-Nov-2012,1.55
01-Nov-2012,1.53
31-Oct-2012,1.55
30-Oct-2012,1.57
29-Oct-2012,1.62
26-Oct-2012,1.58
25-Oct-2012,1.61
24-Oct-2012,1.60
23-Oct-2012,1.61
22-Oct-2012,1.65
19-Oct-2012,1.62
18-Oct-2012,1.59
17-Oct-2012,1.62
16-Oct-2012,1.63
15-Oct-2012,1.61
12-Oct-2012,1.62
11-Oct-2012,1.61
10-Oct-2012,1.63
09-Oct-2012,1.65
08-Oct-2012,1.69
05-Oct-2012,1.68
04-Oct-2012,1.75
03-Oct-2012,1.81
02-Oct-2012,1.84
01-Oct-2012,1.78
28-Sep-2012,1.74
27-Sep-2012,1.74
26-Sep-2012,1.69
25-Sep-2012,1.74
24-Sep-2012,1.72
21-Sep-2012,1.73
20-Sep-2012,1.69
19-Sep-2012,1.74
18-Sep-2012,1.77
17-Sep-2012,1.75
14-Sep-2012,1.81
13-Sep-2012,1.79
12-Sep-2012,1.77
11-Sep-2012,1.77
10-Sep-2012,1.73
07-Sep-2012,1.63
06-Sep-2012,1.58
05-Sep-2012,1.60
04-Sep-2012,1.65
31-Aug-2012,1.65
30-Aug-2012,1.63
29-Aug-2012,1.66
28-Aug-2012,1.68
27-Aug-2012,1.67
24-Aug-2012,1.63
23-Aug-2012,1.60
22-Aug-2012,1.59
21-Aug-2012,1.61
20-Aug-2012,1.61
17-Aug-2012,1.60
16-Aug-2012,1.59
15-Aug-2012,1.62
14-Aug-2012,1.63
13-Aug-2012,1.64
10-Aug-2012,1.66
09-Aug-2012,1.66
08-Aug-2012,1.71
07-Aug-2012,1.73
06-Aug-2012,1.76
03-Aug-2012,1.74
02-Aug-2012,1.72
01-Aug-2012,1.75
31-Jul-2012,1.74
30-Jul-2012,1.78
27-Jul-2012,1.74
26-Jul-2012,1.74
25-Jul-2012,1.76
24-Jul-2012,1.75
23-Jul-2012,1.85
20-Jul-2012,1.87
19-Jul-2012,1.88
18-Jul-2012,1.81
17-Jul-2012,1.81
16-Jul-2012,1.83
13-Jul-2012,1.84
12-Jul-2012,1.81
11-Jul-2012,1.83
10-Jul-2012,1.84
09-Jul-2012,1.82
06-Jul-2012,1.76
05-Jul-2012,1.79
03-Jul-2012,1.80
02-Jul-2012,1.74
29-Jun-2012,1.70
28-Jun-2012,1.63
27-Jun-2012,1.65
26-Jun-2012,1.65
25-Jun-2012,1.59
22-Jun-2012,1.55
21-Jun-2012,1.58
20-Jun-2012,1.51
19-Jun-2012,1.57
18-Jun-2012,1.50
15-Jun-2012,1.50
14-Jun-2012,1.49
13-Jun-2012,1.53
12-Jun-2012,1.54
11-Jun-2012,1.55
08-Jun-2012,1.56
07-Jun-2012,1.57
06-Jun-2012,1.56
05-Jun-2012,1.56
04-Jun-2012,1.58
01-Jun-2012,1.58
31-May-2012,1.61
30-May-2012,1.64
29-May-2012,1.65
25-May-2012,1.68
24-May-2012,1.67
23-May-2012,1.67
22-May-2012,1.75
21-May-2012,1.75
18-May-2012,1.78
17-May-2012,1.79
16-May-2012,1.77
15-May-2012,1.77
14-May-2012,1.77
11-May-2012,1.77
10-May-2012,1.79
09-May-2012,1.75
08-May-2012,1.75
07-May-2012,1.74
04-May-2012,1.74
03-May-2012,1.74
02-May-2012,1.81
01-May-2012,1.83
30-Apr-2012,1.78
27-Apr-2012,1.75
26-Apr-2012,1.75
25-Apr-2012,1.76
24-Apr-2012,1.83
23-Apr-2012,1.78
20-Apr-2012,1.78
19-Apr-2012,1.74
18-Apr-2012,1.73
17-Apr-2012,1.73
16-Apr-2012,1.75
13-Apr-2012,1.79
12-Apr-2012,1.83
11-Apr-2012,1.81
10-Apr-2012,1.78
09-Apr-2012,1.78
05-Apr-2012,1.83
04-Apr-2012,1.85
03-Apr-2012,1.85
02-Apr-2012,1.86
30-Mar-2012,1.82
29-Mar-2012,1.76
28-Mar-2012,1.82
27-Mar-2012,1.87
26-Mar-2012,1.79
23-Mar-2012,1.79
22-Mar-2012,1.77
21-Mar-2012,1.85
20-Mar-2012,1.83
19-Mar-2012,1.83
16-Mar-2012,1.81
15-Mar-2012,1.84
14-Mar-2012,1.83
13-Mar-2012,1.85
12-Mar-2012,1.83
09-Mar-2012,1.86
08-Mar-2012,1.89
07-Mar-2012,1.88
06-Mar-2012,1.93
05-Mar-2012,2.02
02-Mar-2012,2.02
01-Mar-2012,2.04
29-Feb-2012,2.03
28-Feb-2012,2.06
27-Feb-2012,2.04
24-Feb-2012,2.03
23-Feb-2012,2.02
22-Feb-2012,2.01
21-Feb-2012,2.05
17-Feb-2012,2.00
16-Feb-2012,1.99
15-Feb-2012,2.00
14-Feb-2012,2.04
13-Feb-2012,2.12
10-Feb-2012,2.15
09-Feb-2012,2.16
08-Feb-2012,2.20
07-Feb-2012,2.21
06-Feb-2012,2.19
03-Feb-2012,2.16
02-Feb-2012,2.16
01-Feb-2012,2.14
31-Jan-2012,2.15
30-Jan-2012,2.17
27-Jan-2012,2.17
26-Jan-2012,2.20
25-Jan-2012,2.17
24-Jan-2012,2.20
23-Jan-2012,2.19
20-Jan-2012,2.25
19-Jan-2012,2.27
18-Jan-2012,2.25
17-Jan-2012,2.25
13-Jan-2012,2.25
12-Jan-2012,2.34
11-Jan-2012,2.35
10-Jan-2012,2.26
09-Jan-2012,2.22
06-Jan-2012,2.22
05-Jan-2012,2.20
04-Jan-2012,2.27
03-Jan-2012,2.27
30-Dec-2011,2.27
29-Dec-2011,2.24
28-Dec-2011,2.27
27-Dec-2011,2.23
23-Dec-2011,2.20
22-Dec-2011,2.21
21-Dec-2011,2.20
20-Dec-2011,2.23
19-Dec-2011,2.15
16-Dec-2011,2.11
15-Dec-2011,2.14
14-Dec-2011,2.15
13-Dec-2011,2.19
12-Dec-2011,2.19
09-Dec-2011,2.25
08-Dec-2011,2.26
07-Dec-2011,2.27
06-Dec-2011,2.33
05-Dec-2011,2.34
02-Dec-2011,2.27
01-Dec-2011,2.33
30-Nov-2011,2.34
29-Nov-2011,2.25
28-Nov-2011,2.25
25-Nov-2011,2.30
23-Nov-2011,2.32
22-Nov-2011,2.33
21-Nov-2011,2.32
18-Nov-2011,2.34
17-Nov-2011,2.32
16-Nov-2011,2.36
15-Nov-2011,2.40
14-Nov-2011,2.31
11-Nov-2011,2.34
10-Nov-2011,2.30
09-Nov-2011,2.30
08-Nov-2011,2.30
07-Nov-2011,2.33
04-Nov-2011,2.30
03-Nov-2011,2.27
02-Nov-2011,2.24
01-Nov-2011,2.24
31-Oct-2011,2.27
28-Oct-2011,2.35
27-Oct-2011,2.35
26-Oct-2011,2.34
25-Oct-2011,2.37
24-Oct-2011,2.51
21-Oct-2011,2.45
20-Oct-2011,2.32
19-Oct-2011,2.36
18-Oct-2011,2.32
17-Oct-2011,2.34
14-Oct-2011,2.40
13-Oct-2011,2.38
12-Oct-2011,2.29
11-Oct-2011,2.23
10-Oct-2011,2.26
07-Oct-2011,2.24
06-Oct-2011,2.34
05-Oct-2011,2.28
04-Oct-2011,2.27
03-Oct-2011,2.23
30-Sep-2011,2.29
29-Sep-2011,2.31
28-Sep-2011,2.34
27-Sep-2011,2.41
26-Sep-2011,2.36
23-Sep-2011,2.31
22-Sep-2011,2.39
21-Sep-2011,2.52
20-Sep-2011,2.59
19-Sep-2011,2.63
16-Sep-2011,2.63
15-Sep-2011,2.63
14-Sep-2011,2.68
13-Sep-2011,2.73
12-Sep-2011,2.74
09-Sep-2011,2.71
08-Sep-2011,2.85
07-Sep-2011,2.86
06-Sep-2011,2.82
02-Sep-2011,2.89
01-Sep-2011,2.91
31-Aug-2011,2.89
30-Aug-2011,2.87
29-Aug-2011,2.85
26-Aug-2011,2.79
25-Aug-2011,2.75
24-Aug-2011,2.73
23-Aug-2011,2.69
22-Aug-2011,2.65
19-Aug-2011,2.66
18-Aug-2011,2.65
17-Aug-2011,2.63
16-Aug-2011,2.52
15-Aug-2011,2.46
12-Aug-2011,2.40
11-Aug-2011,2.41
10-Aug-2011,2.35
09-Aug-2011,2.35
08-Aug-2011,2.34
05-Aug-2011,2.38
04-Aug-2011,2.36
03-Aug-2011,2.42
02-Aug-2011,2.43
01-Aug-2011,2.41
29-Jul-2011,2.40
28-Jul-2011,2.39
27-Jul-2011,2.41
26-Jul-2011,2.45
25-Jul-2011,2.43
22-Jul-2011,2.42
21-Jul-2011,2.41
20-Jul-2011,2.43
19-Jul-2011,2.44
18-Jul-2011,2.48
15-Jul-2011,2.53
14-Jul-2011,2.57
13-Jul-2011,2.63
12-Jul-2011,2.57
11-Jul-2011,2.58
08-Jul-2011,2.63
07-Jul-2011,2.68
06-Jul-2011,2.67
05-Jul-2011,2.69
01-Jul-2011,2.63
30-Jun-2011,2.65
29-Jun-2011,2.60
28-Jun-2011,2.58
27-Jun-2011,2.50
24-Jun-2011,2.49
23-Jun-2011,2.48
22-Jun-2011,2.44
21-Jun-2011,2.44
20-Jun-2011,2.44
17-Jun-2011,2.50
16-Jun-2011,2.58
15-Jun-2011,2.63
14-Jun-2011,2.69
13-Jun-2011,2.67
10-Jun-2011,2.65
09-Jun-2011,2.67
08-Jun-2011,2.64
07-Jun-2011,2.63
06-Jun-2011,2.61
03-Jun-2011,2.71
02-Jun-2011,2.61
01-Jun-2011,2.56
31-May-2011,2.65
27-May-2011,2.64
26-May-2011,2.66
25-May-2011,2.65
24-May-2011,2.61
23-May-2011,2.63
20-May-2011,2.59
19-May-2011,2.64
18-May-2011,2.68
17-May-2011,2.65
16-May-2011,2.64
13-May-2011,2.69
12-May-2011,2.74
11-May-2011,2.73
10-May-2011,2.82
09-May-2011,2.87
06-May-2011,2.87
05-May-2011,2.88
04-May-2011,2.94
03-May-2011,3.05
02-May-2011,3.05
29-Apr-2011,2.99
28-Apr-2011,2.99
27-Apr-2011,2.96
26-Apr-2011,2.95
25-Apr-2011,2.88
21-Apr-2011,2.91
20-Apr-2011,2.94
19-Apr-2011,2.91
18-Apr-2011,2.84
15-Apr-2011,2.88
14-Apr-2011,2.82
13-Apr-2011,2.81
12-Apr-2011,2.74
11-Apr-2011,2.75
08-Apr-2011,2.75
07-Apr-2011,2.73
06-Apr-2011,2.65
05-Apr-2011,2.68
04-Apr-2011,2.56
01-Apr-2011,2.60
31-Mar-2011,2.64
30-Mar-2011,2.65
29-Mar-2011,2.61
28-Mar-2011,2.64
25-Mar-2011,2.69
24-Mar-2011,2.66
23-Mar-2011,2.69
22-Mar-2011,2.73
21-Mar-2011,2.76
18-Mar-2011,2.77
17-Mar-2011,2.71
16-Mar-2011,2.65
15-Mar-2011,2.62
14-Mar-2011,2.73
11-Mar-2011,2.74
10-Mar-2011,2.80
09-Mar-2011,2.94
08-Mar-2011,2.87
07-Mar-2011,2.81
04-Mar-2011,2.73
03-Mar-2011,2.75
02-Mar-2011,2.70
01-Mar-2011,2.69
28-Feb-2011,2.72
25-Feb-2011,2.68
24-Feb-2011,2.64
23-Feb-2011,2.69
22-Feb-2011,2.74
18-Feb-2011,2.72
17-Feb-2011,2.67
16-Feb-2011,2.59
15-Feb-2011,2.58
14-Feb-2011,2.59
11-Feb-2011,2.52
10-Feb-2011,2.56
09-Feb-2011,2.54
08-Feb-2011,2.48
07-Feb-2011,2.50
04-Feb-2011,2.49
03-Feb-2011,2.51
02-Feb-2011,2.50
01-Feb-2011,2.49
31-Jan-2011,2.45
28-Jan-2011,2.45
27-Jan-2011,2.37
26-Jan-2011,2.38
25-Jan-2011,2.31
24-Jan-2011,2.37
21-Jan-2011,2.40
20-Jan-2011,2.32
19-Jan-2011,2.33
18-Jan-2011,2.35
14-Jan-2011,2.35
13-Jan-2011,2.38
12-Jan-2011,2.41
11-Jan-2011,2.35
10-Jan-2011,2.31
07-Jan-2011,2.31
06-Jan-2011,2.33
05-Jan-2011,2.33
04-Jan-2011,2.35
03-Jan-2011,
31-Dec-2010,2.41
30-Dec-2010,2.36
29-Dec-2010,2.40
28-Dec-2010,2.39
27-Dec-2010,2.37
23-Dec-2010,2.36
22-Dec-2010,2.30
21-Dec-2010,2.34
20-Dec-2010,2.25
17-Dec-2010,2.25
16-Dec-2010,2.16
15-Dec-2010,2.17
14-Dec-2010,2.16
13-Dec-2010,2.17
10-Dec-2010,2.09
09-Dec-2010,2.04
08-Dec-2010,2.04
07-Dec-2010,2.08
06-Dec-2010,2.09
03-Dec-2010,2.05
02-Dec-2010,2.03
01-Dec-2010,2.03
30-Nov-2010,2.01
29-Nov-2010,2.02
26-Nov-2010,2.02
24-Nov-2010,2.07
23-Nov-2010,2.10
22-Nov-2010,2.06
19-Nov-2010,2.10
18-Nov-2010,2.09
17-Nov-2010,1.99
16-Nov-2010,1.98
15-Nov-2010,2.04
12-Nov-2010,2.00
11-Nov-2010,2.07
10-Nov-2010,2.12
09-Nov-2010,2.17
08-Nov-2010,2.08
05-Nov-2010,2.05
04-Nov-2010,2.06
03-Nov-2010,1.96
02-Nov-2010,1.99
01-Nov-2010,1.98
29-Oct-2010,2.03
28-Oct-2010,1.97
27-Oct-2010,2.00
26-Oct-2010,2.02
25-Oct-2010,2.01
22-Oct-2010,1.99
21-Oct-2010,2.01
20-Oct-2010,1.97
19-Oct-2010,1.91
18-Oct-2010,1.86
15-Oct-2010,1.86
14-Oct-2010,1.88
13-Oct-2010,1.86
12-Oct-2010,1.86
11-Oct-2010,1.79
08-Oct-2010,1.82
07-Oct-2010,1.73
06-Oct-2010,1.76
05-Oct-2010,1.77
04-Oct-2010,1.73
01-Oct-2010,1.81
30-Sep-2010,1.83
29-Sep-2010,1.86
28-Sep-2010,1.89
27-Sep-2010,1.82
24-Sep-2010,1.81
23-Sep-2010,1.82
22-Sep-2010,1.80
21-Sep-2010,1.83
20-Sep-2010,1.81
17-Sep-2010,1.88
16-Sep-2010,1.90
15-Sep-2010,1.93
14-Sep-2010,1.94
13-Sep-2010,1.88
10-Sep-2010,1.88
09-Sep-2010,1.89
08-Sep-2010,1.93
07-Sep-2010,1.91
03-Sep-2010,1.85
02-Sep-2010,1.83
01-Sep-2010,1.81
31-Aug-2010,1.77
30-Aug-2010,1.80
27-Aug-2010,1.77
26-Aug-2010,1.70
25-Aug-2010,1.64
24-Aug-2010,1.67
23-Aug-2010,1.82
20-Aug-2010,1.82
19-Aug-2010,1.77
18-Aug-2010,1.75
17-Aug-2010,1.76
16-Aug-2010,1.79
13-Aug-2010,1.76
12-Aug-2010,1.76
11-Aug-2010,1.71
10-Aug-2010,1.70
09-Aug-2010,1.70
06-Aug-2010,1.67
05-Aug-2010,1.70
04-Aug-2010,1.70
03-Aug-2010,1.67
02-Aug-2010,1.73
30-Jul-2010,1.76
29-Jul-2010,1.73
28-Jul-2010,1.67
27-Jul-2010,1.64
26-Jul-2010,1.66
23-Jul-2010,1.66
22-Jul-2010,1.62
21-Jul-2010,1.57
20-Jul-2010,1.56
19-Jul-2010,1.62
16-Jul-2010,1.65
15-Jul-2010,1.65
14-Jul-2010,1.63
13-Jul-2010,1.63
12-Jul-2010,1.61
09-Jul-2010,1.61
08-Jul-2010,1.60
07-Jul-2010,1.61
06-Jul-2010,1.56
02-Jul-2010,1.62
01-Jul-2010,1.66
30-Jun-2010,1.64
29-Jun-2010,1.62
28-Jun-2010,1.66
25-Jun-2010,1.67
24-Jun-2010,1.67
23-Jun-2010,1.59
22-Jun-2010,1.59
21-Jun-2010,1.59
18-Jun-2010,1.60
17-Jun-2010,1.56
16-Jun-2010,1.59
15-Jun-2010,1.59
14-Jun-2010,1.51
11-Jun-2010,1.45
10-Jun-2010,1.37
09-Jun-2010,1.34
08-Jun-2010,1.34
07-Jun-2010,1.33
04-Jun-2010,1.34
03-Jun-2010,1.36
02-Jun-2010,1.35
01-Jun-2010,1.37
28-May-2010,1.34
27-May-2010,1.35
26-May-2010,1.34
25-May-2010,1.33
24-May-2010,1.32
21-May-2010,1.32
20-May-2010,1.32
19-May-2010,1.33
18-May-2010,1.36
17-May-2010,1.35
14-May-2010,1.34
13-May-2010,1.37
12-May-2010,1.37
11-May-2010,1.35
10-May-2010,1.34
07-May-2010,1.33
06-May-2010,1.33
05-May-2010,1.37
04-May-2010,1.37
03-May-2010,1.38
30-Apr-2010,1.35
29-Apr-2010,1.35
28-Apr-2010,1.34
27-Apr-2010,1.31
26-Apr-2010,1.33
23-Apr-2010,1.32
22-Apr-2010,1.31
21-Apr-2010,1.30
20-Apr-2010,1.29
19-Apr-2010,1.29
16-Apr-2010,1.29
15-Apr-2010,1.32
14-Apr-2010,1.32
13-Apr-2010,1.32
12-Apr-2010,1.34
09-Apr-2010,1.33
08-Apr-2010,1.35
07-Apr-2010,1.38
06-Apr-2010,1.39
05-Apr-2010,1.40
01-Apr-2010,1.37
31-Mar-2010,1.36
30-Mar-2010,1.39
29-Mar-2010,1.38
26-Mar-2010,1.36
25-Mar-2010,1.37
24-Mar-2010,1.34
23-Mar-2010,1.35
22-Mar-2010,1.33
19-Mar-2010,1.30
18-Mar-2010,1.33
17-Mar-2010,1.31
16-Mar-2010,1.30
15-Mar-2010,1.29
12-Mar-2010,1.30
11-Mar-2010,1.31
10-Mar-2010,1.31
09-Mar-2010,1.30
08-Mar-2010,1.29
05-Mar-2010,1.28
04-Mar-2010,1.28
03-Mar-2010,1.30
02-Mar-2010,1.30
01-Mar-2010,1.30
26-Feb-2010,1.29
25-Feb-2010,1.28
24-Feb-2010,1.30
23-Feb-2010,1.30
22-Feb-2010,1.30
19-Feb-2010,1.35
18-Feb-2010,1.34
17-Feb-2010,1.32
16-Feb-2010,1.33
12-Feb-2010,1.33
11-Feb-2010,1.32
10-Feb-2010,1.32
09-Feb-2010,1.30
08-Feb-2010,1.31
05-Feb-2010,1.29
04-Feb-2010,1.32
03-Feb-2010,1.33
02-Feb-2010,1.35
01-Feb-2010,1.33
29-Jan-2010,1.32
28-Jan-2010,1.33
27-Jan-2010,1.34
26-Jan-2010,1.38
25-Jan-2010,1.39
22-Jan-2010,1.40
21-Jan-2010,1.39
20-Jan-2010,1.39
19-Jan-2010,1.41
15-Jan-2010,1.41
14-Jan-2010,1.44
13-Jan-2010,1.45
12-Jan-2010,1.43
11-Jan-2010,1.44
08-Jan-2010,1.45
07-Jan-2010,1.42
06-Jan-2010,1.42
05-Jan-2010,1.41
04-Jan-2010,1.42
31-Dec-2009,1.36
30-Dec-2009,1.37
29-Dec-2009,1.36
28-Dec-2009,1.37
24-Dec-2009,1.39
23-Dec-2009,1.43
22-Dec-2009,1.42
21-Dec-2009,1.46
18-Dec-2009,1.44
17-Dec-2009,1.46
16-Dec-2009,1.48
15-Dec-2009,1.47
14-Dec-2009,1.46
11-Dec-2009,1.43
10-Dec-2009,1.43
09-Dec-2009,1.42
08-Dec-2009,1.44
07-Dec-2009,1.46
04-Dec-2009,1.41
03-Dec-2009,1.44
02-Dec-2009,1.43
01-Dec-2009,1.43
30-Nov-2009,1.42
27-Nov-2009,1.38
25-Nov-2009,1.39
24-Nov-2009,1.36
23-Nov-2009,1.36
20-Nov-2009,1.35
19-Nov-2009,1.35
18-Nov-2009,1.38
17-Nov-2009,1.36
16-Nov-2009,1.36
13-Nov-2009,1.31
12-Nov-2009,1.31
11-Nov-2009,1.33
10-Nov-2009,1.34
09-Nov-2009,1.40
06-Nov-2009,1.39
05-Nov-2009,1.42
04-Nov-2009,1.41
03-Nov-2009,1.41
02-Nov-2009,1.42
30-Oct-2009,1.36
29-Oct-2009,1.37
28-Oct-2009,1.35
27-Oct-2009,1.36
26-Oct-2009,1.37
23-Oct-2009,1.37
22-Oct-2009,1.44
21-Oct-2009,1.44
20-Oct-2009,1.42
19-Oct-2009,1.44
16-Oct-2009,1.43
15-Oct-2009,1.38
14-Oct-2009,1.39
13-Oct-2009,1.38
12-Oct-2009,1.38
09-Oct-2009,1.36
08-Oct-2009,1.38
07-Oct-2009,1.34
06-Oct-2009,1.34
05-Oct-2009,1.29
02-Oct-2009,1.30
01-Oct-2009,1.27
30-Sep-2009,1.28
29-Sep-2009,1.26
28-Sep-2009,1.27
25-Sep-2009,1.28
24-Sep-2009,1.29
23-Sep-2009,1.36
22-Sep-2009,1.38
21-Sep-2009,1.36
18-Sep-2009,1.35
17-Sep-2009,1.35
16-Sep-2009,1.33
15-Sep-2009,1.34
14-Sep-2009,1.32
11-Sep-2009,1.25
10-Sep-2009,1.23
09-Sep-2009,1.24
08-Sep-2009,1.23
04-Sep-2009,1.23
03-Sep-2009,1.20
02-Sep-2009,1.20
01-Sep-2009,1.19
31-Aug-2009,1.21
28-Aug-2009,1.21
27-Aug-2009,1.20
26-Aug-2009,1.24
25-Aug-2009,1.20
24-Aug-2009,1.21
21-Aug-2009,1.24
20-Aug-2009,1.23
19-Aug-2009,1.25
18-Aug-2009,1.25
17-Aug-2009,1.25
14-Aug-2009,1.29
13-Aug-2009,1.33
12-Aug-2009,1.36
11-Aug-2009,1.37
10-Aug-2009,1.36
07-Aug-2009,1.38
06-Aug-2009,1.35
05-Aug-2009,1.32
04-Aug-2009,1.33
03-Aug-2009,1.33
31-Jul-2009,1.28
30-Jul-2009,1.25
29-Jul-2009,1.23
28-Jul-2009,1.23
27-Jul-2009,1.24
24-Jul-2009,1.24
23-Jul-2009,1.25
22-Jul-2009,1.20
21-Jul-2009,1.20
20-Jul-2009,1.20
17-Jul-2009,1.16
16-Jul-2009,1.14
15-Jul-2009,1.16
14-Jul-2009,1.13
13-Jul-2009,1.12
10-Jul-2009,1.12
09-Jul-2009,1.14
08-Jul-2009,1.13
07-Jul-2009,1.14
06-Jul-2009,1.15
02-Jul-2009,1.15
01-Jul-2009,1.16
30-Jun-2009,1.17
29-Jun-2009,1.18
26-Jun-2009,1.17
25-Jun-2009,1.18
24-Jun-2009,1.16
23-Jun-2009,1.16
22-Jun-2009,1.18
19-Jun-2009,1.17
18-Jun-2009,1.20
17-Jun-2009,1.18
16-Jun-2009,1.22
15-Jun-2009,1.21
12-Jun-2009,1.30
11-Jun-2009,1.32
10-Jun-2009,1.30
09-Jun-2009,1.31
08-Jun-2009,1.30
05-Jun-2009,1.34
04-Jun-2009,1.39
03-Jun-2009,1.38
02-Jun-2009,1.42
01-Jun-2009,1.42
29-May-2009,1.37
28-May-2009,1.37
27-May-2009,1.36
26-May-2009,1.36
22-May-2009,1.35
21-May-2009,1.36
20-May-2009,1.33
19-May-2009,1.32
18-May-2009,1.29
15-May-2009,1.28
14-May-2009,1.28
13-May-2009,1.27
12-May-2009,1.28
11-May-2009,1.28
08-May-2009,1.26
07-May-2009,1.24
06-May-2009,1.24
05-May-2009,1.24
04-May-2009,1.20
01-May-2009,1.20
30-Apr-2009,1.15
29-Apr-2009,1.16
28-Apr-2009,1.16
27-Apr-2009,1.15
24-Apr-2009,1.19
23-Apr-2009,1.18
22-Apr-2009,1.17
21-Apr-2009,1.12
20-Apr-2009,1.12
17-Apr-2009,1.12
16-Apr-2009,1.14
15-Apr-2009,1.16
14-Apr-2009,1.15
13-Apr-2009,1.15
09-Apr-2009,1.19
08-Apr-2009,1.18
07-Apr-2009,1.18
06-Apr-2009,1.18
03-Apr-2009,1.18
02-Apr-2009,1.17
01-Apr-2009,1.15
31-Mar-2009,1.16
30-Mar-2009,1.13
27-Mar-2009,1.16
26-Mar-2009,1.17
25-Mar-2009,1.17
24-Mar-2009,1.17
23-Mar-2009,1.18
20-Mar-2009,1.16
19-Mar-2009,1.14
18-Mar-2009,1.11
17-Mar-2009,1.09
16-Mar-2009,1.09
13-Mar-2009,1.08
12-Mar-2009,1.08
11-Mar-2009,1.05
10-Mar-2009,1.04
09-Mar-2009,1.04
06-Mar-2009,1.05
05-Mar-2009,1.07
04-Mar-2009,1.06
03-Mar-2009,1.04
02-Mar-2009,1.04
27-Feb-2009,1.09
26-Feb-2009,1.11
25-Feb-2009,1.11
24-Feb-2009,1.11
23-Feb-2009,1.11
20-Feb-2009,1.09
19-Feb-2009,1.10
18-Feb-2009,1.09
17-Feb-2009,1.10
13-Feb-2009,1.12
12-Feb-2009,1.12
11-Feb-2009,1.16
10-Feb-2009,1.17
09-Feb-2009,1.21
06-Feb-2009,1.20
05-Feb-2009,1.19
04-Feb-2009,1.16
03-Feb-2009,1.19
02-Feb-2009,1.20
30-Jan-2009,1.19
29-Jan-2009,1.22
28-Jan-2009,1.23
27-Jan-2009,1.22
26-Jan-2009,1.22
23-Jan-2009,1.20
22-Jan-2009,1.19
21-Jan-2009,1.18
20-Jan-2009,1.15
16-Jan-2009,1.16
15-Jan-2009,1.14
14-Jan-2009,1.15
13-Jan-2009,1.15
12-Jan-2009,1.15
09-Jan-2009,1.17
08-Jan-2009,1.13
07-Jan-2009,1.14
06-Jan-2009,1.16
05-Jan-2009,1.08
02-Jan-2009,1.11
31-Dec-2008,1.12
30-Dec-2008,1.08
29-Dec-2008,1.07
26-Dec-2008,1.08
24-Dec-2008,1.08
23-Dec-2008,1.07
22-Dec-2008,1.08
19-Dec-2008,1.11
18-Dec-2008,1.11
17-Dec-2008,1.11
16-Dec-2008,1.10
15-Dec-2008,1.08
12-Dec-2008,1.10
11-Dec-2008,1.11
10-Dec-2008,1.08
09-Dec-2008,1.08
08-Dec-2008,1.08
05-Dec-2008,1.02
04-Dec-2008,1.05
03-Dec-2008,1.10
02-Dec-2008,1.10
01-Dec-2008,1.12
28-Nov-2008,1.14
26-Nov-2008,1.14
25-Nov-2008,1.13
24-Nov-2008,1.12
21-Nov-2008,1.09
20-Nov-2008,1.08
19-Nov-2008,1.11
18-Nov-2008,1.11
17-Nov-2008,1.11
14-Nov-2008,1.11
13-Nov-2008,1.10
12-Nov-2008,1.12
11-Nov-2008,1.12
10-Nov-2008,1.13
07-Nov-2008,1.12
06-Nov-2008,1.11
05-Nov-2008,1.16
04-Nov-2008,1.17
03-Nov-2008,1.12
31-Oct-2008,1.13
30-Oct-2008,1.11
29-Oct-2008,1.12
28-Oct-2008,1.08
27-Oct-2008,1.08
24-Oct-2008,1.09
23-Oct-2008,1.10
22-Oct-2008,1.13
21-Oct-2008,1.14
20-Oct-2008,1.15
17-Oct-2008,1.16
16-Oct-2008,1.13
15-Oct-2008,1.13
14-Oct-2008,1.19
13-Oct-2008,1.18
10-Oct-2008,1.15
09-Oct-2008,1.15
08-Oct-2008,1.15
07-Oct-2008,1.14
06-Oct-2008,1.15
03-Oct-2008,1.22
02-Oct-2008,1.25
01-Oct-2008,1.29
30-Sep-2008,1.30
29-Sep-2008,1.30
26-Sep-2008,1.34
25-Sep-2008,1.38
24-Sep-2008,1.36
23-Sep-2008,1.35
22-Sep-2008,1.37
19-Sep-2008,1.33
18-Sep-2008,1.26
17-Sep-2008,1.29
16-Sep-2008,1.30
15-Sep-2008,1.35
12-Sep-2008,1.35
11-Sep-2008,1.34
10-Sep-2008,1.37
09-Sep-2008,1.36
08-Sep-2008,1.40
05-Sep-2008,1.39
04-Sep-2008,1.44
03-Sep-2008,1.40
02-Sep-2008,1.41
01-Sep-2008,
29-Aug-2008,1.42
28-Aug-2008,1.43
27-Aug-2008,1.44
26-Aug-2008,1.44
25-Aug-2008,1.39
22-Aug-2008,1.40
21-Aug-2008,1.40
20-Aug-2008,1.37
19-Aug-2008,1.36
18-Aug-2008,1.34
15-Aug-2008,1.33
14-Aug-2008,1.35
13-Aug-2008,1.36
12-Aug-2008,1.37
11-Aug-2008,1.36
08-Aug-2008,1.36
07-Aug-2008,1.40
06-Aug-2008,1.38
05-Aug-2008,1.40
04-Aug-2008,1.37
01-Aug-2008,1.40
31-Jul-2008,1.39
30-Jul-2008,1.38
29-Jul-2008,1.36
28-Jul-2008,1.35
25-Jul-2008,1.37
24-Jul-2008,1.35
23-Jul-2008,1.36
22-Jul-2008,1.37
21-Jul-2008,1.35
18-Jul-2008,1.36
17-Jul-2008,1.36
16-Jul-2008,1.39
15-Jul-2008,1.39
14-Jul-2008,1.41
11-Jul-2008,1.40
10-Jul-2008,1.39
09-Jul-2008,1.38
08-Jul-2008,1.40
07-Jul-2008,1.41
03-Jul-2008,1.50
02-Jul-2008,1.53
01-Jul-2008,1.53
30-Jun-2008,1.51
27-Jun-2008,1.50
26-Jun-2008,1.51
25-Jun-2008,1.48
24-Jun-2008,1.46
23-Jun-2008,1.44
20-Jun-2008,1.44
19-Jun-2008,1.37
18-Jun-2008,1.37
17-Jun-2008,1.39
16-Jun-2008,1.36
13-Jun-2008,1.34
12-Jun-2008,1.35
11-Jun-2008,1.34
10-Jun-2008,1.35
09-Jun-2008,1.31
06-Jun-2008,1.36
05-Jun-2008,1.36
04-Jun-2008,1.33
03-Jun-2008,1.33
02-Jun-2008,1.37
30-May-2008,1.34
29-May-2008,1.33
28-May-2008,1.36
27-May-2008,1.32
23-May-2008,1.34
22-May-2008,1.34
21-May-2008,1.40
20-May-2008,1.37
19-May-2008,1.35
16-May-2008,1.38
15-May-2008,1.37
14-May-2008,1.37
13-May-2008,1.37
12-May-2008,1.38
09-May-2008,1.36
08-May-2008,1.34
07-May-2008,1.30
06-May-2008,1.33
05-May-2008,1.32
02-May-2008,1.29
01-May-2008,1.28
30-Apr-2008,1.35
29-Apr-2008,1.34
28-Apr-2008,1.34
25-Apr-2008,1.30
24-Apr-2008,1.31
23-Apr-2008,1.35
22-Apr-2008,1.35
21-Apr-2008,1.31
18-Apr-2008,1.35
17-Apr-2008,1.40
16-Apr-2008,1.35
15-Apr-2008,1.34
14-Apr-2008,1.31
11-Apr-2008,1.31
10-Apr-2008,1.32
09-Apr-2008,1.37
08-Apr-2008,1.33
07-Apr-2008,1.34
04-Apr-2008,1.32
03-Apr-2008,1.31
02-Apr-2008,1.29
01-Apr-2008,1.29
31-Mar-2008,1.27
29-Mar-2008,
28-Mar-2008,1.30
27-Mar-2008,1.33
26-Mar-2008,1.32
25-Mar-2008,1.33
24-Mar-2008,1.29
20-Mar-2008,1.31
19-Mar-2008,1.33
18-Mar-2008,1.36
17-Mar-2008,1.34
14-Mar-2008,1.50
13-Mar-2008,1.56
12-Mar-2008,1.52
11-Mar-2008,1.50
10-Mar-2008,1.48
07-Mar-2008,1.49
06-Mar-2008,1.52
05-Mar-2008,1.62
04-Mar-2008,1.63
03-Mar-2008,1.65
29-Feb-2008,1.65
28-Feb-2008,1.65
27-Feb-2008,1.62
26-Feb-2008,1.58
25-Feb-2008,1.62
22-Feb-2008,1.60
21-Feb-2008,1.56
20-Feb-2008,1.55
19-Feb-2008,1.55
15-Feb-2008,1.50
14-Feb-2008,1.53
13-Feb-2008,1.50
12-Feb-2008,1.48
11-Feb-2008,1.48
08-Feb-2008,1.47
07-Feb-2008,1.43
06-Feb-2008,1.43
05-Feb-2008,1.43
04-Feb-2008,1.43
01-Feb-2008,1.39
31-Jan-2008,1.38
30-Jan-2008,1.37
29-Jan-2008,1.34
28-Jan-2008,1.34
25-Jan-2008,1.31
24-Jan-2008,1.32
23-Jan-2008,1.31
22-Jan-2008,1.35
18-Jan-2008,1.33
17-Jan-2008,1.34
16-Jan-2008,1.35
15-Jan-2008,1.37
14-Jan-2008,1.38
11-Jan-2008,1.36
10-Jan-2008,1.37
09-Jan-2008,1.36
08-Jan-2008,1.35
07-Jan-2008,1.31
04-Jan-2008,1.33
03-Jan-2008,1.35
02-Jan-2008,1.34
01-Jan-2008,
31-Dec-2007,1.36
28-Dec-2007,1.33
27-Dec-2007,1.32
26-Dec-2007,1.34
25-Dec-2007,
24-Dec-2007,
21-Dec-2007,1.34
20-Dec-2007,1.34
19-Dec-2007,1.35
18-Dec-2007,1.31
17-Dec-2007,1.30
14-Dec-2007,1.31
13-Dec-2007,1.30
12-Dec-2007,1.31
11-Dec-2007,1.30
10-Dec-2007,1.30
07-Dec-2007,1.28
06-Dec-2007,1.26
05-Dec-2007,1.28
04-Dec-2007,1.27
03-Dec-2007,1.27
30-Nov-2007,1.26
29-Nov-2007,1.25
28-Nov-2007,1.26
27-Nov-2007,1.22
26-Nov-2007,1.22
23-Nov-2007,
22-Nov-2007,
21-Nov-2007,1.23
20-Nov-2007,1.24
19-Nov-2007,1.22
16-Nov-2007,1.25
15-Nov-2007,1.25
14-Nov-2007,1.24
13-Nov-2007,1.23
12-Nov-2007,1.22
09-Nov-2007,1.22
08-Nov-2007,1.22
07-Nov-2007,1.20
06-Nov-2007,1.21
05-Nov-2007,1.20
02-Nov-2007,1.19
01-Nov-2007,1.23
31-Oct-2007,1.21
30-Oct-2007,1.22
29-Oct-2007,1.22
26-Oct-2007,1.21
25-Oct-2007,1.21
24-Oct-2007,1.24
23-Oct-2007,1.24
22-Oct-2007,1.24
19-Oct-2007,1.25
18-Oct-2007,1.25
17-Oct-2007,1.30
16-Oct-2007,1.28
15-Oct-2007,1.30
12-Oct-2007,1.39
11-Oct-2007,1.38
10-Oct-2007,1.33
09-Oct-2007,1.34
08-Oct-2007,1.39
05-Oct-2007,1.37
04-Oct-2007,1.35
03-Oct-2007,1.36
02-Oct-2007,1.34
01-Oct-2007,1.35
28-Sep-2007,1.29
27-Sep-2007,1.29
26-Sep-2007,1.29
25-Sep-2007,1.33
24-Sep-2007,1.32
21-Sep-2007,1.30
20-Sep-2007,1.33
19-Sep-2007,1.31
18-Sep-2007,1.27
17-Sep-2007,1.25
14-Sep-2007,1.18
13-Sep-2007,1.16
12-Sep-2007,1.17
11-Sep-2007,1.17
10-Sep-2007,1.17
07-Sep-2007,1.14
06-Sep-2007,1.14
05-Sep-2007,1.12
04-Sep-2007,1.15
03-Sep-2007,
31-Aug-2007,1.13
30-Aug-2007,1.12
29-Aug-2007,1.13
28-Aug-2007,1.14
27-Aug-2007,1.13
24-Aug-2007,1.15
23-Aug-2007,1.16
22-Aug-2007,1.14
21-Aug-2007,1.14
20-Aug-2007,1.15
17-Aug-2007,1.16
16-Aug-2007,1.11
15-Aug-2007,1.19
14-Aug-2007,1.19
13-Aug-2007,1.21
10-Aug-2007,1.21
09-Aug-2007,1.20
08-Aug-2007,1.19
07-Aug-2007,1.17
06-Aug-2007,1.18
03-Aug-2007,1.18
02-Aug-2007,1.16
01-Aug-2007,1.13
31-Jul-2007,1.14
30-Jul-2007,1.13
27-Jul-2007,1.13
26-Jul-2007,1.11
25-Jul-2007,1.14
24-Jul-2007,1.16
23-Jul-2007,1.12
20-Jul-2007,1.14
19-Jul-2007,1.13
18-Jul-2007,1.13
17-Jul-2007,1.11
16-Jul-2007,1.09
13-Jul-2007,1.08
12-Jul-2007,1.09
11-Jul-2007,1.09
10-Jul-2007,1.09
09-Jul-2007,1.07
06-Jul-2007,1.07
05-Jul-2007,1.08
04-Jul-2007,
03-Jul-2007,1.09
02-Jul-2007,1.10
29-Jun-2007,1.11
28-Jun-2007,1.11
27-Jun-2007,1.10
26-Jun-2007,1.10
25-Jun-2007,1.10
22-Jun-2007,1.14
21-Jun-2007,1.15
20-Jun-2007,1.15
19-Jun-2007,1.13
18-Jun-2007,1.15
15-Jun-2007,1.15
14-Jun-2007,1.15
13-Jun-2007,1.15
12-Jun-2007,1.13
11-Jun-2007,1.15
08-Jun-2007,1.15
07-Jun-2007,1.17
06-Jun-2007,1.16
05-Jun-2007,1.17
04-Jun-2007,1.15
01-Jun-2007,1.17
31-May-2007,1.12
30-May-2007,1.11
29-May-2007,1.11
28-May-2007,
25-May-2007,1.13
24-May-2007,1.13
23-May-2007,1.12
22-May-2007,1.12
21-May-2007,1.12
18-May-2007,1.10
17-May-2007,1.10
16-May-2007,1.07
15-May-2007,1.05
14-May-2007,1.04
11-May-2007,1.03
10-May-2007,1.04
09-May-2007,1.03
08-May-2007,1.02
07-May-2007,1.02
04-May-2007,1.03
03-May-2007,1.01
02-May-2007,1.02
01-May-2007,1.02
30-Apr-2007,1.03
27-Apr-2007,1.04
26-Apr-2007,1.04
25-Apr-2007,1.04
24-Apr-2007,1.04
23-Apr-2007,1.06
20-Apr-2007,1.08
19-Apr-2007,1.09
18-Apr-2007,1.09
17-Apr-2007,1.10
16-Apr-2007,1.08
13-Apr-2007,1.12
12-Apr-2007,1.13
11-Apr-2007,1.09
10-Apr-2007,1.09
09-Apr-2007,1.10
06-Apr-2007,
05-Apr-2007,1.11
04-Apr-2007,1.11
03-Apr-2007,1.11
02-Apr-2007,1.09
30-Mar-2007,1.09
29-Mar-2007,1.11
28-Mar-2007,1.13
27-Mar-2007,1.12
26-Mar-2007,1.14
23-Mar-2007,1.13
22-Mar-2007,1.12
21-Mar-2007,1.13
20-Mar-2007,1.09
19-Mar-2007,1.08
16-Mar-2007,1.09
15-Mar-2007,1.10
14-Mar-2007,1.09
13-Mar-2007,1.10
12-Mar-2007,1.11
09-Mar-2007,1.12
08-Mar-2007,1.11
07-Mar-2007,1.11
06-Mar-2007,1.12
05-Mar-2007,1.11
02-Mar-2007,1.14
01-Mar-2007,1.16
28-Feb-2007,1.18
27-Feb-2007,1.17
26-Feb-2007,1.18
23-Feb-2007,1.19
22-Feb-2007,1.19
21-Feb-2007,1.15
20-Feb-2007,1.13
16-Feb-2007,1.13
15-Feb-2007,1.15
14-Feb-2007,1.14
13-Feb-2007,1.14
12-Feb-2007,1.14
09-Feb-2007,1.15
08-Feb-2007,1.16
07-Feb-2007,1.17
06-Feb-2007,1.17
05-Feb-2007,1.17
02-Feb-2007,1.18
01-Feb-2007,1.19
31-Jan-2007,1.18
30-Jan-2007,1.17
29-Jan-2007,1.17
26-Jan-2007,1.16
25-Jan-2007,1.16
24-Jan-2007,1.17
23-Jan-2007,1.16
22-Jan-2007,1.17
19-Jan-2007,1.20
18-Jan-2007,1.20
17-Jan-2007,1.22
16-Jan-2007,1.22
12-Jan-2007,1.20
11-Jan-2007,1.21
10-Jan-2007,1.21
09-Jan-2007,1.18
08-Jan-2007,1.20
05-Jan-2007,1.20
04-Jan-2007,1.25
03-Jan-2007,1.24
29-Dec-2006,1.26
28-Dec-2006,1.25
27-Dec-2006,1.29
26-Dec-2006,1.28
22-Dec-2006,1.25
21-Dec-2006,1.26
20-Dec-2006,1.27
19-Dec-2006,1.23
18-Dec-2006,1.21
15-Dec-2006,1.22
14-Dec-2006,1.25
13-Dec-2006,1.25
12-Dec-2006,1.24
11-Dec-2006,1.25
08-Dec-2006,1.22
07-Dec-2006,1.22
06-Dec-2006,1.22
05-Dec-2006,1.23
04-Dec-2006,1.20
01-Dec-2006,1.23
30-Nov-2006,1.20
29-Nov-2006,1.19
28-Nov-2006,1.20
27-Nov-2006,1.18
22-Nov-2006,1.16
21-Nov-2006,1.15
20-Nov-2006,1.15
17-Nov-2006,1.13
16-Nov-2006,1.17
15-Nov-2006,1.18
14-Nov-2006,1.16
13-Nov-2006,1.15
10-Nov-2006,1.16
09-Nov-2006,1.19
08-Nov-2006,1.16
07-Nov-2006,1.13
06-Nov-2006,1.13
03-Nov-2006,1.12
02-Nov-2006,1.11
01-Nov-2006,1.09
31-Oct-2006,1.08
30-Oct-2006,1.08
27-Oct-2006,1.08
26-Oct-2006,1.08
25-Oct-2006,1.07
24-Oct-2006,1.07
23-Oct-2006,1.07
20-Oct-2006,1.02
19-Oct-2006,1.02
18-Oct-2006,1.02
17-Oct-2006,1.02
16-Oct-2006,1.02
13-Oct-2006,1.04
12-Oct-2006,1.03
11-Oct-2006,1.03
10-Oct-2006,1.03
09-Oct-2006,1.03
06-Oct-2006,1.04
05-Oct-2006,1.05
04-Oct-2006,1.04
03-Oct-2006,1.04
02-Oct-2006,1.04
29-Sep-2006,1.08
28-Sep-2006,1.08
27-Sep-2006,1.07
26-Sep-2006,1.07
25-Sep-2006,1.07
22-Sep-2006,1.04
21-Sep-2006,1.04
20-Sep-2006,1.02
19-Sep-2006,1.00
18-Sep-2006,0.99
15-Sep-2006,0.99
14-Sep-2006,1.00
13-Sep-2006,1.01
12-Sep-2006,1.00
11-Sep-2006,1.00
08-Sep-2006,1.02
07-Sep-2006,1.04
06-Sep-2006,1.06
05-Sep-2006,1.06
01-Sep-2006,1.03
31-Aug-2006,1.04
30-Aug-2006,1.03
29-Aug-2006,1.03
28-Aug-2006,1.03
25-Aug-2006,1.06
24-Aug-2006,1.07
23-Aug-2006,1.07
22-Aug-2006,1.08
21-Aug-2006,1.07
18-Aug-2006,1.03
17-Aug-2006,1.04
16-Aug-2006,1.05
15-Aug-2006,1.03
14-Aug-2006,1.01
11-Aug-2006,1.04
10-Aug-2006,1.06
09-Aug-2006,1.08
08-Aug-2006,1.07
07-Aug-2006,1.07
04-Aug-2006,1.05
03-Aug-2006,1.06
02-Aug-2006,1.04
01-Aug-2006,0.98
31-Jul-2006,0.99
28-Jul-2006,0.99
27-Jul-2006,0.97
26-Jul-2006,0.96
25-Jul-2006,0.95
24-Jul-2006,0.94
21-Jul-2006,0.96
20-Jul-2006,0.96
19-Jul-2006,0.96
18-Jul-2006,0.96
17-Jul-2006,0.96
14-Jul-2006,0.97
13-Jul-2006,0.99
12-Jul-2006,0.99
11-Jul-2006,0.98
10-Jul-2006,0.99
07-Jul-2006,0.98
06-Jul-2006,1.01
05-Jul-2006,1.02
03-Jul-2006,1.02
30-Jun-2006,1.00
29-Jun-2006,0.98
28-Jun-2006,0.98
27-Jun-2006,0.95
26-Jun-2006,0.95
23-Jun-2006,0.95
22-Jun-2006,0.96
21-Jun-2006,0.95
20-Jun-2006,0.95
19-Jun-2006,0.95
16-Jun-2006,0.95
15-Jun-2006,0.97
14-Jun-2006,0.96
13-Jun-2006,0.95
12-Jun-2006,0.96
09-Jun-2006,0.96
08-Jun-2006,0.96
07-Jun-2006,0.96
06-Jun-2006,0.96
05-Jun-2006,0.98
02-Jun-2006,1.01
01-Jun-2006,1.00
31-May-2006,0.99
30-May-2006,0.99
26-May-2006,0.98
25-May-2006,0.99
24-May-2006,1.00
23-May-2006,1.01
22-May-2006,1.00
19-May-2006,1.01
18-May-2006,1.00
17-May-2006,0.98
16-May-2006,1.01
15-May-2006,1.00
12-May-2006,1.02
11-May-2006,1.03
10-May-2006,1.07
09-May-2006,1.07
08-May-2006,1.06
05-May-2006,1.07
04-May-2006,1.07
03-May-2006,1.09
02-May-2006,1.10
01-May-2006,1.07
28-Apr-2006,1.07
27-Apr-2006,1.06
26-Apr-2006,1.09
25-Apr-2006,1.07
24-Apr-2006,1.11
21-Apr-2006,1.12
20-Apr-2006,1.13
19-Apr-2006,1.10
18-Apr-2006,1.09
17-Apr-2006,1.07
13-Apr-2006,1.05
12-Apr-2006,1.05
11-Apr-2006,1.05
10-Apr-2006,1.08
07-Apr-2006,1.08
06-Apr-2006,1.09
05-Apr-2006,1.08
04-Apr-2006,1.07
03-Apr-2006,1.09
31-Mar-2006,1.07
30-Mar-2006,1.09
29-Mar-2006,1.04
28-Mar-2006,1.06
27-Mar-2006,1.06
24-Mar-2006,1.05
23-Mar-2006,1.05
22-Mar-2006,1.04
21-Mar-2006,1.05
20-Mar-2006,1.04
17-Mar-2006,1.04
16-Mar-2006,1.05
15-Mar-2006,1.07
14-Mar-2006,1.05
13-Mar-2006,1.04
10-Mar-2006,1.06
09-Mar-2006,1.07
08-Mar-2006,1.07
07-Mar-2006,1.07
06-Mar-2006,1.09
03-Mar-2006,1.12
02-Mar-2006,1.10
01-Mar-2006,1.12
28-Feb-2006,1.12
27-Feb-2006,1.08
24-Feb-2006,1.11
23-Feb-2006,1.11
22-Feb-2006,1.10
21-Feb-2006,1.11
17-Feb-2006,1.09
16-Feb-2006,1.06
15-Feb-2006,1.08
14-Feb-2006,1.08
13-Feb-2006,1.09
10-Feb-2006,1.15
09-Feb-2006,1.14
08-Feb-2006,1.13
07-Feb-2006,1.15
06-Feb-2006,1.13
03-Feb-2006,1.18
02-Feb-2006,1.18
01-Feb-2006,1.17
31-Jan-2006,1.18
30-Jan-2006,1.22
27-Jan-2006,1.24
26-Jan-2006,1.23
25-Jan-2006,1.23
24-Jan-2006,1.22
23-Jan-2006,1.20
20-Jan-2006,1.18
19-Jan-2006,1.19
18-Jan-2006,1.22
17-Jan-2006,1.24
13-Jan-2006,1.20
12-Jan-2006,1.18
11-Jan-2006,1.17
10-Jan-2006,1.19
09-Jan-2006,1.20
06-Jan-2006,1.20
05-Jan-2006,1.17
04-Jan-2006,1.11
03-Jan-2006,1.09
30-Dec-2005,1.07
29-Dec-2005,1.07
28-Dec-2005,1.07
27-Dec-2005,1.06
23-Dec-2005,1.03
22-Dec-2005,1.03
21-Dec-2005,1.01
20-Dec-2005,1.02
19-Dec-2005,0.98
16-Dec-2005,0.94
15-Dec-2005,0.94
14-Dec-2005,0.93
13-Dec-2005,0.95
12-Dec-2005,0.96
09-Dec-2005,0.93
08-Dec-2005,0.93
07-Dec-2005,0.92
06-Dec-2005,0.93
05-Dec-2005,0.92
02-Dec-2005,0.91
01-Dec-2005,0.92
30-Nov-2005,0.93
29-Nov-2005,0.96
28-Nov-2005,0.96
23-Nov-2005,0.97
22-Nov-2005,0.99
21-Nov-2005,0.99
18-Nov-2005,0.97
17-Nov-2005,0.98
16-Nov-2005,0.97
15-Nov-2005,0.97
14-Nov-2005,1.00
11-Nov-2005,1.07
10-Nov-2005,1.07
09-Nov-2005,1.07
08-Nov-2005,1.08
07-Nov-2005,1.03
04-Nov-2005,1.04
03-Nov-2005,1.04
02-Nov-2005,1.01
01-Nov-2005,0.97
31-Oct-2005,0.97
28-Oct-2005,0.98
27-Oct-2005,1.00
26-Oct-2005,1.02
25-Oct-2005,1.04
24-Oct-2005,1.03
21-Oct-2005,1.03
20-Oct-2005,1.06
19-Oct-2005,1.04
18-Oct-2005,1.05
17-Oct-2005,1.04
14-Oct-2005,1.00
13-Oct-2005,1.00
12-Oct-2005,1.01
11-Oct-2005,1.01
10-Oct-2005,0.99
07-Oct-2005,0.95
06-Oct-2005,0.94
05-Oct-2005,0.94
04-Oct-2005,0.93
03-Oct-2005,0.93
30-Sep-2005,0.93
29-Sep-2005,0.93
28-Sep-2005,0.93
27-Sep-2005,0.89
26-Sep-2005,0.88
23-Sep-2005,0.89
22-Sep-2005,0.91
21-Sep-2005,0.90
20-Sep-2005,0.92
19-Sep-2005,0.84
16-Sep-2005,0.88
15-Sep-2005,0.89
14-Sep-2005,0.91
13-Sep-2005,0.89
12-Sep-2005,0.89
09-Sep-2005,0.92
08-Sep-2005,0.93
07-Sep-2005,0.92
06-Sep-2005,0.97
02-Sep-2005,1.00
01-Sep-2005,1.02
31-Aug-2005,0.98
30-Aug-2005,0.95
29-Aug-2005,0.93
26-Aug-2005,0.92
25-Aug-2005,0.93
24-Aug-2005,0.96
23-Aug-2005,0.99
22-Aug-2005,0.96
19-Aug-2005,0.96
18-Aug-2005,0.95
17-Aug-2005,0.98
16-Aug-2005,0.97
15-Aug-2005,0.96
12-Aug-2005,1.05
11-Aug-2005,1.07
10-Aug-2005,1.06
09-Aug-2005,1.03
08-Aug-2005,1.02
05-Aug-2005,1.05
04-Aug-2005,1.06
03-Aug-2005,1.06
02-Aug-2005,1.07
01-Aug-2005,1.02
29-Jul-2005,1.03
28-Jul-2005,1.02
27-Jul-2005,0.99
26-Jul-2005,1.02
25-Jul-2005,1.02
22-Jul-2005,0.99
21-Jul-2005,0.99
20-Jul-2005,0.98
19-Jul-2005,0.94
18-Jul-2005,0.98
15-Jul-2005,1.03
14-Jul-2005,1.06
13-Jul-2005,1.03
12-Jul-2005,1.02
11-Jul-2005,1.02
08-Jul-2005,1.04
07-Jul-2005,1.05
06-Jul-2005,1.05
05-Jul-2005,1.02
01-Jul-2005,1.02
30-Jun-2005,1.05
29-Jun-2005,1.03
28-Jun-2005,1.04
27-Jun-2005,1.03
24-Jun-2005,1.05
23-Jun-2005,1.08
22-Jun-2005,1.11
21-Jun-2005,1.08
20-Jun-2005,1.09
17-Jun-2005,1.08
16-Jun-2005,1.10
15-Jun-2005,1.11
14-Jun-2005,1.11
13-Jun-2005,1.10
10-Jun-2005,1.13
09-Jun-2005,1.16
08-Jun-2005,1.21
07-Jun-2005,1.26
06-Jun-2005,1.24
03-Jun-2005,1.26
02-Jun-2005,1.22
01-Jun-2005,1.18
31-May-2005,1.18
27-May-2005,1.22
26-May-2005,1.24
25-May-2005,1.22
24-May-2005,1.20
23-May-2005,1.18
20-May-2005,1.17
19-May-2005,1.17
18-May-2005,1.16
17-May-2005,1.16
16-May-2005,1.14
13-May-2005,1.19
12-May-2005,1.20
11-May-2005,1.22
10-May-2005,1.19
09-May-2005,1.21
06-May-2005,1.22
05-May-2005,1.20
04-May-2005,1.23
03-May-2005,1.19
02-May-2005,1.21
29-Apr-2005,1.25
28-Apr-2005,1.28
27-Apr-2005,1.30
26-Apr-2005,1.30
25-Apr-2005,1.24
22-Apr-2005,1.25
21-Apr-2005,1.20
20-Apr-2005,1.22
19-Apr-2005,1.18
18-Apr-2005,1.12
15-Apr-2005,1.13
14-Apr-2005,1.11
13-Apr-2005,1.15
12-Apr-2005,1.15
11-Apr-2005,1.14
08-Apr-2005,1.17
07-Apr-2005,1.22
06-Apr-2005,1.25
05-Apr-2005,1.26
04-Apr-2005,1.23
01-Apr-2005,1.24
31-Mar-2005,1.26
30-Mar-2005,1.25
29-Mar-2005,1.22
28-Mar-2005,1.22
24-Mar-2005,1.21
23-Mar-2005,1.25
22-Mar-2005,1.31
21-Mar-2005,1.31
18-Mar-2005,1.32
17-Mar-2005,1.35
16-Mar-2005,1.35
15-Mar-2005,1.35
14-Mar-2005,1.33
11-Mar-2005,1.34
10-Mar-2005,1.36
09-Mar-2005,1.30
08-Mar-2005,1.31
07-Mar-2005,1.28
04-Mar-2005,1.22
03-Mar-2005,1.21
02-Mar-2005,1.19
01-Mar-2005,1.19
28-Feb-2005,1.19
25-Feb-2005,1.15
24-Feb-2005,1.19
23-Feb-2005,1.22
22-Feb-2005,1.15
18-Feb-2005,1.18
17-Feb-2005,1.17
16-Feb-2005,1.17
15-Feb-2005,1.18
14-Feb-2005,1.12
11-Feb-2005,1.13
10-Feb-2005,1.14
09-Feb-2005,1.12
08-Feb-2005,1.12
07-Feb-2005,1.13
04-Feb-2005,1.11
03-Feb-2005,1.05
02-Feb-2005,1.05
01-Feb-2005,1.06
31-Jan-2005,1.05
28-Jan-2005,1.05
27-Jan-2005,1.03
26-Jan-2005,1.05
25-Jan-2005,1.06
24-Jan-2005,1.05
21-Jan-2005,1.03
20-Jan-2005,1.02
19-Jan-2005,1.04
18-Jan-2005,1.04
14-Jan-2005,1.00
13-Jan-2005,1.01
12-Jan-2005,0.99
11-Jan-2005,0.96
10-Jan-2005,0.96
07-Jan-2005,0.96
06-Jan-2005,0.97
05-Jan-2005,0.99
04-Jan-2005,1.01
03-Jan-2005,1.03
30-Dec-2004,1.04
29-Dec-2004,1.08
28-Dec-2004,1.05
27-Dec-2004,1.05
23-Dec-2004,1.05
22-Dec-2004,1.01
21-Dec-2004,1.05
20-Dec-2004,1.05
17-Dec-2004,1.02
16-Dec-2004,0.98
15-Dec-2004,0.98
14-Dec-2004,0.92
13-Dec-2004,0.91
10-Dec-2004,0.95
09-Dec-2004,0.95
08-Dec-2004,0.95
07-Dec-2004,0.95
06-Dec-2004,0.95
03-Dec-2004,0.95
02-Dec-2004,0.95
01-Dec-2004,0.96
30-Nov-2004,0.94
29-Nov-2004,0.95
24-Nov-2004,0.89
23-Nov-2004,0.89
22-Nov-2004,0.89
19-Nov-2004,0.87
18-Nov-2004,0.89
17-Nov-2004,0.88
16-Nov-2004,0.86
15-Nov-2004,0.92
12-Nov-2004,0.81
11-Nov-2004,0.81
10-Nov-2004,0.81
09-Nov-2004,0.80
08-Nov-2004,0.80
05-Nov-2004,0.78
04-Nov-2004,0.78
03-Nov-2004,0.77
02-Nov-2004,0.76
01-Nov-2004,0.74
29-Oct-2004,0.74
28-Oct-2004,0.78
27-Oct-2004,0.78
26-Oct-2004,0.76
25-Oct-2004,0.76
22-Oct-2004,0.75
21-Oct-2004,0.76
20-Oct-2004,0.75
19-Oct-2004,0.73
18-Oct-2004,0.74
15-Oct-2004,0.75
14-Oct-2004,0.73
13-Oct-2004,0.74
12-Oct-2004,0.75
11-Oct-2004,0.76
08-Oct-2004,0.77
07-Oct-2004,0.78
06-Oct-2004,0.78
05-Oct-2004,0.78
04-Oct-2004,0.76
01-Oct-2004,0.80
30-Sep-2004,0.82
29-Sep-2004,0.82
28-Sep-2004,0.81
27-Sep-2004,0.86
24-Sep-2004,0.83
23-Sep-2004,0.81
22-Sep-2004,0.84
21-Sep-2004,0.82
20-Sep-2004,0.77
17-Sep-2004,0.75
16-Sep-2004,0.75
15-Sep-2004,0.73
14-Sep-2004,0.74
13-Sep-2004,0.74
10-Sep-2004,0.70
09-Sep-2004,0.70
08-Sep-2004,0.68
07-Sep-2004,0.67
03-Sep-2004,0.68
02-Sep-2004,0.71
01-Sep-2004,0.70
31-Aug-2004,0.69
30-Aug-2004,0.69
27-Aug-2004,0.70
26-Aug-2004,0.71
25-Aug-2004,0.70
24-Aug-2004,0.69
23-Aug-2004,0.70
20-Aug-2004,0.67
19-Aug-2004,0.67
18-Aug-2004,0.67
17-Aug-2004,0.69
16-Aug-2004,0.69
13-Aug-2004,0.66
12-Aug-2004,0.66
11-Aug-2004,0.67
10-Aug-2004,0.67
09-Aug-2004,0.67
06-Aug-2004,0.67
05-Aug-2004,0.66
04-Aug-2004,0.66
03-Aug-2004,0.67
02-Aug-2004,0.66
30-Jul-2004,0.66
29-Jul-2004,0.68
28-Jul-2004,0.68
27-Jul-2004,0.68
26-Jul-2004,0.69
23-Jul-2004,0.70
22-Jul-2004,0.72
21-Jul-2004,0.71
20-Jul-2004,0.72
19-Jul-2004,0.70
16-Jul-2004,0.70
15-Jul-2004,0.70
14-Jul-2004,0.70
13-Jul-2004,0.69
12-Jul-2004,0.69
09-Jul-2004,0.69
08-Jul-2004,0.68
07-Jul-2004,0.69
06-Jul-2004,0.69
02-Jul-2004,0.70
01-Jul-2004,0.73
30-Jun-2004,0.73
29-Jun-2004,0.72
28-Jun-2004,0.73
25-Jun-2004,0.72
24-Jun-2004,0.74
23-Jun-2004,0.74
22-Jun-2004,0.74
21-Jun-2004,0.74
18-Jun-2004,0.76
17-Jun-2004,0.76
16-Jun-2004,0.78
15-Jun-2004,0.78
14-Jun-2004,0.80
10-Jun-2004,0.83
09-Jun-2004,0.83
08-Jun-2004,0.82
07-Jun-2004,0.81
04-Jun-2004,0.83
03-Jun-2004,0.83
02-Jun-2004,0.84
01-Jun-2004,0.83
28-May-2004,0.86
27-May-2004,0.80
26-May-2004,0.80
25-May-2004,0.78
24-May-2004,0.77
21-May-2004,0.72
20-May-2004,0.72
19-May-2004,0.73
18-May-2004,0.71
17-May-2004,0.68
14-May-2004,0.70
13-May-2004,0.70
12-May-2004,0.70
11-May-2004,0.70
10-May-2004,0.70
07-May-2004,0.68
06-May-2004,0.69
05-May-2004,0.70
04-May-2004,0.70
03-May-2004,0.68
30-Apr-2004,0.67
29-Apr-2004,0.68
28-Apr-2004,0.69
27-Apr-2004,0.69
26-Apr-2004,0.68
23-Apr-2004,0.68
22-Apr-2004,0.68
21-Apr-2004,0.67
20-Apr-2004,0.70
19-Apr-2004,0.70
16-Apr-2004,0.70
15-Apr-2004,0.70
14-Apr-2004,0.71
13-Apr-2004,0.69
12-Apr-2004,0.72
08-Apr-2004,0.73
07-Apr-2004,0.73
06-Apr-2004,0.73
05-Apr-2004,0.72
02-Apr-2004,0.73
01-Apr-2004,0.74
31-Mar-2004,0.74
30-Mar-2004,0.73
29-Mar-2004,0.72
26-Mar-2004,0.72
25-Mar-2004,0.71
24-Mar-2004,0.75
23-Mar-2004,0.76
22-Mar-2004,0.77
19-Mar-2004,0.76
18-Mar-2004,0.75
17-Mar-2004,0.76
16-Mar-2004,0.77
15-Mar-2004,0.76
12-Mar-2004,0.75
11-Mar-2004,0.75
10-Mar-2004,0.73
09-Mar-2004,0.72
08-Mar-2004,0.74
05-Mar-2004,0.73
04-Mar-2004,0.73
03-Mar-2004,0.72
02-Mar-2004,0.74
01-Mar-2004,0.74
27-Feb-2004,0.75
26-Feb-2004,0.75
25-Feb-2004,0.72
24-Feb-2004,0.73
23-Feb-2004,0.70
20-Feb-2004,0.70
19-Feb-2004,0.71
18-Feb-2004,0.70
17-Feb-2004,0.74
13-Feb-2004,0.74
12-Feb-2004,0.75
11-Feb-2004,0.74
10-Feb-2004,0.74
09-Feb-2004,0.72
06-Feb-2004,0.72
05-Feb-2004,0.73
04-Feb-2004,0.73
03-Feb-2004,0.75
02-Feb-2004,0.75
30-Jan-2004,0.76
29-Jan-2004,0.75
28-Jan-2004,0.77
27-Jan-2004,0.79
26-Jan-2004,0.77
23-Jan-2004,0.74
22-Jan-2004,0.75
21-Jan-2004,0.74
20-Jan-2004,0.75
16-Jan-2004,0.71
15-Jan-2004,0.70
14-Jan-2004,0.69
13-Jan-2004,0.70
12-Jan-2004,0.71
09-Jan-2004,0.69
08-Jan-2004,0.68
07-Jan-2004,0.69
06-Jan-2004,0.70
05-Jan-2004,0.69
31-Dec-2003,0.65
30-Dec-2003,0.64
29-Dec-2003,0.64
24-Dec-2003,0.63
23-Dec-2003,0.64
22-Dec-2003,0.64
19-Dec-2003,0.64
18-Dec-2003,0.60
17-Dec-2003,0.61
16-Dec-2003,0.60
15-Dec-2003,0.60
12-Dec-2003,0.63
11-Dec-2003,0.62
10-Dec-2003,0.63
09-Dec-2003,0.64
08-Dec-2003,0.64
05-Dec-2003,0.62
04-Dec-2003,0.61
03-Dec-2003,0.63
02-Dec-2003,0.62
01-Dec-2003,0.60
28-Nov-2003,
26-Nov-2003,0.58
25-Nov-2003,0.58
24-Nov-2003,0.57
21-Nov-2003,0.57
20-Nov-2003,0.58
19-Nov-2003,0.60
18-Nov-2003,0.60
17-Nov-2003,0.59
14-Nov-2003,0.60
13-Nov-2003,0.60
12-Nov-2003,0.59
11-Nov-2003,0.59
10-Nov-2003,0.59
07-Nov-2003,0.60
06-Nov-2003,0.60
05-Nov-2003,0.59
04-Nov-2003,0.60
03-Nov-2003,0.59
31-Oct-2003,0.59
30-Oct-2003,0.60
29-Oct-2003,0.61
28-Oct-2003,0.65
27-Oct-2003,0.65
24-Oct-2003,0.63
23-Oct-2003,0.63
22-Oct-2003,0.62
21-Oct-2003,0.62
20-Oct-2003,0.62
17-Oct-2003,0.61
16-Oct-2003,0.61
15-Oct-2003,0.61
14-Oct-2003,0.61
13-Oct-2003,0.61
10-Oct-2003,0.61
09-Oct-2003,0.62
08-Oct-2003,0.63
07-Oct-2003,0.63
06-Oct-2003,0.63
03-Oct-2003,0.65
02-Oct-2003,0.65
01-Oct-2003,0.65
30-Sep-2003,0.63
29-Sep-2003,0.63
26-Sep-2003,0.63
25-Sep-2003,0.65
24-Sep-2003,0.65
23-Sep-2003,0.64
22-Sep-2003,0.65
19-Sep-2003,0.63
18-Sep-2003,0.61
17-Sep-2003,0.62
16-Sep-2003,0.61
15-Sep-2003,0.64
12-Sep-2003,0.68
11-Sep-2003,0.70
10-Sep-2003,0.69
09-Sep-2003,0.69
08-Sep-2003,0.69
05-Sep-2003,0.65
04-Sep-2003,0.63
03-Sep-2003,0.62
02-Sep-2003,0.62
29-Aug-2003,0.61
28-Aug-2003,0.61
27-Aug-2003,0.60
26-Aug-2003,0.60
25-Aug-2003,0.61
22-Aug-2003,0.60
21-Aug-2003,0.61
20-Aug-2003,0.59
19-Aug-2003,0.59
18-Aug-2003,0.59
15-Aug-2003,0.60
14-Aug-2003,0.60
13-Aug-2003,0.62
12-Aug-2003,0.60
11-Aug-2003,0.61
08-Aug-2003,0.64
07-Aug-2003,0.64
06-Aug-2003,0.64
05-Aug-2003,0.63
04-Aug-2003,0.65
01-Aug-2003,0.65
31-Jul-2003,0.63
30-Jul-2003,0.63
29-Jul-2003,0.63
28-Jul-2003,0.61
25-Jul-2003,0.61
24-Jul-2003,0.59
23-Jul-2003,0.59
22-Jul-2003,0.60
21-Jul-2003,0.59
18-Jul-2003,0.62
17-Jul-2003,0.62
16-Jul-2003,0.62
15-Jul-2003,0.61
14-Jul-2003,0.61
11-Jul-2003,0.60
10-Jul-2003,0.60
09-Jul-2003,0.62
08-Jul-2003,0.61
07-Jul-2003,0.60
03-Jul-2003,0.61
02-Jul-2003,0.62
01-Jul-2003,0.59
30-Jun-2003,0.59
27-Jun-2003,0.58
26-Jun-2003,0.58
25-Jun-2003,0.56
24-Jun-2003,0.57
23-Jun-2003,0.56
20-Jun-2003,0.56
19-Jun-2003,0.57
18-Jun-2003,0.59
17-Jun-2003,0.60
16-Jun-2003,0.60
13-Jun-2003,0.61
12-Jun-2003,0.61
11-Jun-2003,0.61
10-Jun-2003,0.60
09-Jun-2003,0.59
06-Jun-2003,0.59
05-Jun-2003,0.59
04-Jun-2003,0.59
03-Jun-2003,0.60
02-Jun-2003,0.60
30-May-2003,0.58
29-May-2003,0.59
28-May-2003,0.61
27-May-2003,0.61
23-May-2003,0.66
22-May-2003,0.66
21-May-2003,0.66
20-May-2003,0.67
19-May-2003,0.64
16-May-2003,0.65
15-May-2003,0.64
14-May-2003,0.65
13-May-2003,0.67
12-May-2003,0.68
09-May-2003,0.68
08-May-2003,0.68
07-May-2003,0.68
06-May-2003,0.69
05-May-2003,0.67
02-May-2003,0.67
01-May-2003,0.68
30-Apr-2003,0.68
29-Apr-2003,0.65
28-Apr-2003,0.63
25-Apr-2003,0.64
24-Apr-2003,0.64
23-Apr-2003,0.64
22-Apr-2003,0.65
21-Apr-2003,0.63
17-Apr-2003,0.62
16-Apr-2003,0.60
15-Apr-2003,0.59
14-Apr-2003,0.58
11-Apr-2003,0.60
10-Apr-2003,0.60
09-Apr-2003,0.61
08-Apr-2003,0.61
07-Apr-2003,0.62
04-Apr-2003,0.61
03-Apr-2003,0.61
02-Apr-2003,0.60
01-Apr-2003,0.58
31-Mar-2003,0.59
28-Mar-2003,0.58
27-Mar-2003,0.57
26-Mar-2003,0.58
25-Mar-2003,0.58
24-Mar-2003,0.60
21-Mar-2003,0.61
20-Mar-2003,0.61
19-Mar-2003,0.57
18-Mar-2003,0.57
17-Mar-2003,0.56
14-Mar-2003,0.58
13-Mar-2003,0.57
12-Mar-2003,0.57
11-Mar-2003,0.57
10-Mar-2003,0.59
07-Mar-2003,0.59
06-Mar-2003,0.58
05-Mar-2003,0.58
04-Mar-2003,0.57
03-Mar-2003,0.58
28-Feb-2003,0.57
27-Feb-2003,0.58
26-Feb-2003,0.58
25-Feb-2003,0.59
24-Feb-2003,0.60
21-Feb-2003,0.62
20-Feb-2003,0.62
19-Feb-2003,0.61
14-Feb-2003,0.63
13-Feb-2003,0.62
12-Feb-2003,0.65
11-Feb-2003,0.66
10-Feb-2003,0.67
07-Feb-2003,0.66
06-Feb-2003,0.66
05-Feb-2003,0.64
04-Feb-2003,0.65
03-Feb-2003,0.66
31-Jan-2003,0.65
30-Jan-2003,0.64
29-Jan-2003,0.64
28-Jan-2003,0.65
27-Jan-2003,0.66
24-Jan-2003,0.68
23-Jan-2003,0.68
22-Jan-2003,0.68
21-Jan-2003,0.66
17-Jan-2003,0.66
16-Jan-2003,0.66
15-Jan-2003,0.66
14-Jan-2003,0.65
13-Jan-2003,0.65
10-Jan-2003,0.65
09-Jan-2003,0.63
08-Jan-2003,0.63
07-Jan-2003,0.64
06-Jan-2003,0.63
03-Jan-2003,0.61
02-Jan-2003,0.62
31-Dec-2002,0.60
30-Dec-2002,0.61
27-Dec-2002,0.61
24-Dec-2002,0.61
23-Dec-2002,0.61
20-Dec-2002,0.62
19-Dec-2002,0.62
18-Dec-2002,0.63
17-Dec-2002,0.59
16-Dec-2002,0.58
13-Dec-2002,0.57
12-Dec-2002,0.58
11-Dec-2002,0.58
10-Dec-2002,0.62
09-Dec-2002,0.62
06-Dec-2002,0.63
05-Dec-2002,0.67
04-Dec-2002,0.66
03-Dec-2002,0.67
02-Dec-2002,0.69
27-Nov-2002,0.67
26-Nov-2002,0.66
25-Nov-2002,0.65
22-Nov-2002,0.67
21-Nov-2002,0.67
20-Nov-2002,0.68
19-Nov-2002,0.67
18-Nov-2002,0.65
15-Nov-2002,0.66
14-Nov-2002,0.64
13-Nov-2002,0.64
12-Nov-2002,0.64
11-Nov-2002,0.66
08-Nov-2002,0.68
07-Nov-2002,0.67
06-Nov-2002,0.66
05-Nov-2002,0.66
04-Nov-2002,0.65
01-Nov-2002,0.64
31-Oct-2002,0.66
30-Oct-2002,0.63
29-Oct-2002,0.63
28-Oct-2002,0.65
25-Oct-2002,0.69
24-Oct-2002,0.68
23-Oct-2002,0.64
22-Oct-2002,0.64
21-Oct-2002,0.65
18-Oct-2002,0.63
17-Oct-2002,0.66
16-Oct-2002,0.67
15-Oct-2002,0.70
14-Oct-2002,0.63
11-Oct-2002,0.57
10-Oct-2002,0.57
09-Oct-2002,0.59
08-Oct-2002,0.58
07-Oct-2002,0.58
04-Oct-2002,0.56
03-Oct-2002,0.56
02-Oct-2002,0.57
01-Oct-2002,0.57
30-Sep-2002,0.55
27-Sep-2002,0.56
26-Sep-2002,0.55
25-Sep-2002,0.56
24-Sep-2002,0.55
23-Sep-2002,0.55
20-Sep-2002,0.56
19-Sep-2002,0.58
18-Sep-2002,0.59
17-Sep-2002,0.61
16-Sep-2002,0.61
13-Sep-2002,0.60
12-Sep-2002,0.59
11-Sep-2002,0.58
10-Sep-2002,0.58
09-Sep-2002,0.59
06-Sep-2002,0.56
05-Sep-2002,0.55
04-Sep-2002,0.56
03-Sep-2002,0.54
30-Aug-2002,0.52
29-Aug-2002,0.51
28-Aug-2002,0.51
27-Aug-2002,0.49
26-Aug-2002,0.48
23-Aug-2002,0.49
22-Aug-2002,0.48
21-Aug-2002,0.47
20-Aug-2002,0.47
19-Aug-2002,0.46
16-Aug-2002,0.47
15-Aug-2002,0.47
14-Aug-2002,0.48
13-Aug-2002,0.48
12-Aug-2002,0.48
09-Aug-2002,0.48
08-Aug-2002,0.48
07-Aug-2002,0.47
06-Aug-2002,0.47
05-Aug-2002,0.47
02-Aug-2002,0.48
01-Aug-2002,0.48
31-Jul-2002,0.47
30-Jul-2002,0.47
29-Jul-2002,0.47
26-Jul-2002,0.48
25-Jul-2002,0.48
24-Jul-2002,0.48
23-Jul-2002,0.49
22-Jul-2002,0.48
19-Jul-2002,0.47
18-Jul-2002,0.48
17-Jul-2002,0.50
16-Jul-2002,0.49
15-Jul-2002,0.49
12-Jul-2002,0.50
11-Jul-2002,0.52
10-Jul-2002,0.50
09-Jul-2002,0.49
08-Jul-2002,0.49
03-Jul-2002,0.48
02-Jul-2002,0.50
01-Jul-2002,0.48
28-Jun-2002,0.47
27-Jun-2002,0.47
26-Jun-2002,0.47
25-Jun-2002,0.47
24-Jun-2002,0.48
21-Jun-2002,0.47
20-Jun-2002,0.48
19-Jun-2002,0.46
18-Jun-2002,0.47
17-Jun-2002,0.47
14-Jun-2002,0.46
13-Jun-2002,0.47
12-Jun-2002,0.49
11-Jun-2002,0.49
10-Jun-2002,0.50
07-Jun-2002,0.49
06-Jun-2002,0.50
05-Jun-2002,0.50
04-Jun-2002,0.51
03-Jun-2002,0.51
31-May-2002,0.52
30-May-2002,0.52
29-May-2002,0.52
28-May-2002,0.51
24-May-2002,0.51
23-May-2002,0.51
22-May-2002,0.51
21-May-2002,0.53
20-May-2002,0.49
17-May-2002,0.48
16-May-2002,0.48
15-May-2002,0.47
14-May-2002,0.48
13-May-2002,0.47
10-May-2002,0.48
09-May-2002,0.47
08-May-2002,0.48
07-May-2002,0.49
06-May-2002,0.49
03-May-2002,0.49
02-May-2002,0.49
01-May-2002,0.50
30-Apr-2002,0.51
29-Apr-2002,0.49
26-Apr-2002,0.50
25-Apr-2002,0.51
24-Apr-2002,0.53
23-Apr-2002,0.54
22-Apr-2002,0.54
19-Apr-2002,0.53
18-Apr-2002,0.56
17-Apr-2002,0.54
16-Apr-2002,0.53
15-Apr-2002,0.53
12-Apr-2002,0.53
11-Apr-2002,0.55
10-Apr-2002,0.56
09-Apr-2002,0.56
08-Apr-2002,0.54
05-Apr-2002,0.55
04-Apr-2002,0.57
03-Apr-2002,0.59
02-Apr-2002,0.59
01-Apr-2002,0.59
28-Mar-2002,0.57
27-Mar-2002,0.56
26-Mar-2002,0.55
25-Mar-2002,0.54
22-Mar-2002,0.54
21-Mar-2002,0.54
20-Mar-2002,0.56
19-Mar-2002,0.53
18-Mar-2002,0.51
15-Mar-2002,0.55
14-Mar-2002,0.54
13-Mar-2002,0.54
12-Mar-2002,0.55
11-Mar-2002,0.53
08-Mar-2002,0.48
07-Mar-2002,0.47
06-Mar-2002,0.48
05-Mar-2002,0.47
04-Mar-2002,0.46
01-Mar-2002,0.46
28-Feb-2002,0.45
27-Feb-2002,0.45
26-Feb-2002,0.46
25-Feb-2002,0.47
22-Feb-2002,0.48
21-Feb-2002,0.49
20-Feb-2002,0.47
19-Feb-2002,0.44
15-Feb-2002,0.44
14-Feb-2002,0.44
13-Feb-2002,0.43
12-Feb-2002,0.43
11-Feb-2002,0.43
08-Feb-2002,0.45
07-Feb-2002,0.45
06-Feb-2002,0.45
05-Feb-2002,0.45
04-Feb-2002,0.46
01-Feb-2002,0.45
31-Jan-2002,0.45
30-Jan-2002,0.45
29-Jan-2002,0.45
28-Jan-2002,0.45
25-Jan-2002,0.46
24-Jan-2002,0.46
23-Jan-2002,0.47
22-Jan-2002,0.47
18-Jan-2002,0.47
17-Jan-2002,0.49
16-Jan-2002,0.49
15-Jan-2002,0.50
14-Jan-2002,0.50
11-Jan-2002,0.50
10-Jan-2002,0.51
09-Jan-2002,0.51
08-Jan-2002,0.49
07-Jan-2002,0.48
04-Jan-2002,0.49
03-Jan-2002,0.48
02-Jan-2002,0.47
28-Dec-2001,0.46
27-Dec-2001,0.47
26-Dec-2001,
24-Dec-2001,
21-Dec-2001,0.47
20-Dec-2001,0.50
19-Dec-2001,0.47
18-Dec-2001,0.46
17-Dec-2001,0.46
14-Dec-2001,0.44
13-Dec-2001,0.44
12-Dec-2001,0.44
11-Dec-2001,0.44
10-Dec-2001,0.44
07-Dec-2001,0.43
06-Dec-2001,0.42
05-Dec-2001,0.42
04-Dec-2001,0.42
03-Dec-2001,0.42
30-Nov-2001,0.43
29-Nov-2001,0.42
28-Nov-2001,0.42
27-Nov-2001,0.42
26-Nov-2001,0.46
21-Nov-2001,0.46
20-Nov-2001,0.46
19-Nov-2001,0.46
16-Nov-2001,0.49
15-Nov-2001,0.48
14-Nov-2001,0.50
13-Nov-2001,0.45
12-Nov-2001,0.45
09-Nov-2001,0.45
08-Nov-2001,0.46
07-Nov-2001,0.47
06-Nov-2001,0.48
05-Nov-2001,0.47
02-Nov-2001,0.45
01-Nov-2001,0.45
31-Oct-2001,0.44
30-Oct-2001,0.43
29-Oct-2001,0.44
26-Oct-2001,0.43
25-Oct-2001,0.44
24-Oct-2001,0.43
23-Oct-2001,0.44
22-Oct-2001,0.43
19-Oct-2001,0.44
18-Oct-2001,0.46
17-Oct-2001,0.45
16-Oct-2001,0.44
15-Oct-2001,0.44
12-Oct-2001,0.45
11-Oct-2001,0.45
10-Oct-2001,0.45
09-Oct-2001,0.45
08-Oct-2001,0.46
05-Oct-2001,0.47
04-Oct-2001,0.47
03-Oct-2001,0.46
02-Oct-2001,0.47
01-Oct-2001,0.47
28-Sep-2001,0.48
27-Sep-2001,0.49
26-Sep-2001,0.49
25-Sep-2001,0.49
24-Sep-2001,0.49
21-Sep-2001,0.49
20-Sep-2001,0.46
19-Sep-2001,0.47
18-Sep-2001,0.48
17-Sep-2001,0.48
10-Sep-2001,0.48
07-Sep-2001,0.49
06-Sep-2001,0.49
05-Sep-2001,0.49
04-Sep-2001,0.48
31-Aug-2001,0.51
30-Aug-2001,0.51
29-Aug-2001,0.52
28-Aug-2001,0.51
27-Aug-2001,0.51
24-Aug-2001,0.51
23-Aug-2001,0.52
22-Aug-2001,0.51
21-Aug-2001,0.50
20-Aug-2001,0.50
17-Aug-2001,0.54
16-Aug-2001,0.49
15-Aug-2001,0.49
14-Aug-2001,0.49
13-Aug-2001,0.49
10-Aug-2001,0.48
09-Aug-2001,0.50
08-Aug-2001,0.50
07-Aug-2001,0.50
06-Aug-2001,0.50
03-Aug-2001,0.50
02-Aug-2001,0.50
01-Aug-2001,0.51
31-Jul-2001,0.52
30-Jul-2001,0.52
27-Jul-2001,0.51
26-Jul-2001,0.51
25-Jul-2001,0.53
24-Jul-2001,0.55
23-Jul-2001,0.54
20-Jul-2001,0.54
19-Jul-2001,0.52
18-Jul-2001,0.53
17-Jul-2001,0.52
16-Jul-2001,0.52
13-Jul-2001,0.52
12-Jul-2001,0.52
11-Jul-2001,0.53
10-Jul-2001,0.53
09-Jul-2001,0.53
06-Jul-2001,0.54
05-Jul-2001,0.54
03-Jul-2001,0.55
02-Jul-2001,0.55
29-Jun-2001,0.56
28-Jun-2001,0.56
27-Jun-2001,0.55
26-Jun-2001,0.56
25-Jun-2001,0.55
22-Jun-2001,0.56
21-Jun-2001,0.58
20-Jun-2001,0.55
19-Jun-2001,0.58
18-Jun-2001,0.61
15-Jun-2001,0.59
14-Jun-2001,0.59
13-Jun-2001,0.58
12-Jun-2001,0.58
11-Jun-2001,0.57
08-Jun-2001,0.58
07-Jun-2001,0.58
06-Jun-2001,0.58
05-Jun-2001,0.60
04-Jun-2001,0.59
01-Jun-2001,0.58
31-May-2001,0.57
30-May-2001,0.59
29-May-2001,0.60
25-May-2001,0.60
24-May-2001,0.63
23-May-2001,0.64
22-May-2001,0.65
21-May-2001,0.65
18-May-2001,0.64
17-May-2001,0.63
16-May-2001,0.63
15-May-2001,0.62
14-May-2001,0.62
11-May-2001,0.65
10-May-2001,0.66
09-May-2001,0.66
08-May-2001,0.66
07-May-2001,0.66
04-May-2001,0.64
03-May-2001,0.65
02-May-2001,0.63
01-May-2001,0.65
30-Apr-2001,0.62
27-Apr-2001,0.61
26-Apr-2001,0.59
25-Apr-2001,0.58
24-Apr-2001,0.59
23-Apr-2001,0.62
20-Apr-2001,0.57
19-Apr-2001,0.58
18-Apr-2001,0.59
17-Apr-2001,0.56
16-Apr-2001,0.57
12-Apr-2001,0.58
11-Apr-2001,0.57
10-Apr-2001,0.57
09-Apr-2001,0.58
06-Apr-2001,0.58
05-Apr-2001,0.59
04-Apr-2001,0.59
03-Apr-2001,0.59
02-Apr-2001,0.60
30-Mar-2001,0.60
29-Mar-2001,0.62
28-Mar-2001,0.61
27-Mar-2001,0.61
26-Mar-2001,0.62
23-Mar-2001,0.60
22-Mar-2001,0.60
21-Mar-2001,0.61
20-Mar-2001,0.60
19-Mar-2001,0.60
16-Mar-2001,0.59
15-Mar-2001,0.59
14-Mar-2001,0.61
13-Mar-2001,0.61
12-Mar-2001,0.62
09-Mar-2001,0.62
08-Mar-2001,0.64
07-Mar-2001,0.66
06-Mar-2001,0.65
05-Mar-2001,0.64
02-Mar-2001,0.63
01-Mar-2001,0.63
28-Feb-2001,0.64
27-Feb-2001,0.64
26-Feb-2001,0.64
23-Feb-2001,0.65
22-Feb-2001,0.63
21-Feb-2001,0.63
20-Feb-2001,0.63
16-Feb-2001,0.60
15-Feb-2001,0.62
14-Feb-2001,0.63
13-Feb-2001,0.63
12-Feb-2001,0.62
09-Feb-2001,0.63
08-Feb-2001,0.62
07-Feb-2001,0.62
06-Feb-2001,0.62
05-Feb-2001,0.63
02-Feb-2001,0.63
01-Feb-2001,0.65
31-Jan-2001,0.64
30-Jan-2001,0.64
29-Jan-2001,0.65
26-Jan-2001,0.67
25-Jan-2001,0.68
24-Jan-2001,0.70
23-Jan-2001,0.70
22-Jan-2001,0.71
19-Jan-2001,0.68
18-Jan-2001,0.67
17-Jan-2001,0.70
16-Jan-2001,0.67
12-Jan-2001,0.65
11-Jan-2001,0.64
10-Jan-2001,0.63
09-Jan-2001,0.64
08-Jan-2001,0.64
05-Jan-2001,0.64
04-Jan-2001,0.63
03-Jan-2001,0.63
02-Jan-2001,0.63
29-Dec-2000,0.66
28-Dec-2000,0.67
27-Dec-2000,0.66
26-Dec-2000,0.67
22-Dec-2000,0.65
21-Dec-2000,0.67
20-Dec-2000,0.65
19-Dec-2000,0.65
18-Dec-2000,0.63
15-Dec-2000,0.63
14-Dec-2000,0.62
13-Dec-2000,0.64
12-Dec-2000,0.64
11-Dec-2000,0.64
08-Dec-2000,0.64
07-Dec-2000,0.66
06-Dec-2000,0.66
05-Dec-2000,0.67
04-Dec-2000,0.67
01-Dec-2000,0.67
30-Nov-2000,0.67
29-Nov-2000,0.70
28-Nov-2000,0.70
27-Nov-2000,0.68
22-Nov-2000,0.68
21-Nov-2000,0.69
20-Nov-2000,0.70
17-Nov-2000,0.69
16-Nov-2000,0.69
15-Nov-2000,0.70
14-Nov-2000,0.71
13-Nov-2000,0.71
10-Nov-2000,0.74
09-Nov-2000,0.74
08-Nov-2000,0.75
07-Nov-2000,0.75
06-Nov-2000,0.75
03-Nov-2000,0.74
02-Nov-2000,0.74
01-Nov-2000,0.74
31-Oct-2000,0.74
30-Oct-2000,0.74
27-Oct-2000,0.76
26-Oct-2000,0.75
25-Oct-2000,0.78
24-Oct-2000,0.79
23-Oct-2000,0.78
20-Oct-2000,0.84
19-Oct-2000,0.87
18-Oct-2000,0.88
17-Oct-2000,0.89
16-Oct-2000,0.86
13-Oct-2000,0.81
12-Oct-2000,0.81
11-Oct-2000,0.83
10-Oct-2000,0.81
09-Oct-2000,0.80
06-Oct-2000,0.79
05-Oct-2000,0.79
04-Oct-2000,0.79
03-Oct-2000,0.79
02-Oct-2000,0.79
29-Sep-2000,0.83
28-Sep-2000,0.80
27-Sep-2000,0.79
26-Sep-2000,0.82
25-Sep-2000,0.79
22-Sep-2000,0.78
21-Sep-2000,0.78
20-Sep-2000,0.79
19-Sep-2000,0.77
18-Sep-2000,0.77
15-Sep-2000,0.76
14-Sep-2000,0.77
13-Sep-2000,0.80
12-Sep-2000,0.79
11-Sep-2000,0.78
08-Sep-2000,0.77
07-Sep-2000,0.78
06-Sep-2000,0.75
05-Sep-2000,0.73
01-Sep-2000,0.75
31-Aug-2000,0.75
30-Aug-2000,0.74
29-Aug-2000,0.75
28-Aug-2000,0.75
25-Aug-2000,0.78
24-Aug-2000,0.78
23-Aug-2000,0.75
22-Aug-2000,0.77
21-Aug-2000,0.78
18-Aug-2000,0.78
17-Aug-2000,0.79
16-Aug-2000,0.78
15-Aug-2000,0.79
14-Aug-2000,0.79
11-Aug-2000,0.81
10-Aug-2000,0.80
09-Aug-2000,0.80
08-Aug-2000,0.84
07-Aug-2000,0.85
04-Aug-2000,0.86
03-Aug-2000,0.86
02-Aug-2000,0.86
01-Aug-2000,0.86
31-Jul-2000,0.86
28-Jul-2000,0.87
27-Jul-2000,0.86
26-Jul-2000,0.87
25-Jul-2000,0.85
24-Jul-2000,0.86
21-Jul-2000,0.97
20-Jul-2000,0.98
19-Jul-2000,1.11
18-Jul-2000,1.17
17-Jul-2000,0.99
14-Jul-2000,0.89
13-Jul-2000,0.99
12-Jul-2000,0.90
11-Jul-2000,0.90
10-Jul-2000,0.84
07-Jul-2000,0.81
06-Jul-2000,0.83
05-Jul-2000,0.85
03-Jul-2000,
30-Jun-2000,0.85
29-Jun-2000,0.86
28-Jun-2000,0.88
27-Jun-2000,0.89
26-Jun-2000,0.87
23-Jun-2000,0.87
22-Jun-2000,0.86
21-Jun-2000,0.84
20-Jun-2000,0.87
19-Jun-2000,0.87
16-Jun-2000,0.87
15-Jun-2000,0.88
14-Jun-2000,0.90
13-Jun-2000,0.91
12-Jun-2000,0.91
09-Jun-2000,0.92
08-Jun-2000,0.93
07-Jun-2000,0.92
06-Jun-2000,0.89
05-Jun-2000,0.93
02-Jun-2000,0.96
01-Jun-2000,0.94
31-May-2000,0.93
30-May-2000,1.00
26-May-2000,0.99
25-May-2000,0.99
24-May-2000,1.02
23-May-2000,1.04
22-May-2000,1.03
19-May-2000,0.98
18-May-2000,0.92
17-May-2000,0.92
16-May-2000,0.92
15-May-2000,0.91
12-May-2000,0.92
11-May-2000,0.96
10-May-2000,0.97
09-May-2000,0.97
08-May-2000,0.97
05-May-2000,0.97
04-May-2000,0.97
03-May-2000,0.94
02-May-2000,0.99
01-May-2000,1.00
28-Apr-2000,0.95
27-Apr-2000,0.95
26-Apr-2000,0.95
25-Apr-2000,0.96
24-Apr-2000,0.94
20-Apr-2000,0.98
19-Apr-2000,0.96
18-Apr-2000,0.94
17-Apr-2000,0.93
14-Apr-2000,0.93
13-Apr-2000,0.95
12-Apr-2000,0.94
11-Apr-2000,0.97
10-Apr-2000,0.97
07-Apr-2000,1.00
06-Apr-2000,1.01
05-Apr-2000,1.02
04-Apr-2000,1.00
03-Apr-2000,1.02
31-Mar-2000,1.04
30-Mar-2000,1.04
29-Mar-2000,1.04
28-Mar-2000,1.05
27-Mar-2000,1.03
24-Mar-2000,1.03
23-Mar-2000,1.02
22-Mar-2000,1.06
21-Mar-2000,1.04
20-Mar-2000,1.03
17-Mar-2000,1.06
16-Mar-2000,1.06
15-Mar-2000,1.03
14-Mar-2000,1.03
13-Mar-2000,1.06
10-Mar-2000,1.06
09-Mar-2000,1.07
08-Mar-2000,1.07
07-Mar-2000,1.08
06-Mar-2000,1.06
03-Mar-2000,1.04
02-Mar-2000,1.05
01-Mar-2000,1.01
29-Feb-2000,1.00
28-Feb-2000,1.02
25-Feb-2000,0.99
24-Feb-2000,1.02
23-Feb-2000,1.04
22-Feb-2000,1.03
18-Feb-2000,1.04
17-Feb-2000,1.05
16-Feb-2000,1.05
15-Feb-2000,1.06
14-Feb-2000,1.05
11-Feb-2000,1.09
10-Feb-2000,1.09
09-Feb-2000,1.08
08-Feb-2000,1.09
07-Feb-2000,1.12
04-Feb-2000,1.13
03-Feb-2000,1.13
02-Feb-2000,1.12
01-Feb-2000,1.12
31-Jan-2000,1.11
28-Jan-2000,1.15
27-Jan-2000,1.15
26-Jan-2000,1.15
25-Jan-2000,1.13
24-Jan-2000,1.12
21-Jan-2000,1.11
20-Jan-2000,1.12
19-Jan-2000,1.17
18-Jan-2000,1.16
14-Jan-2000,1.13
13-Jan-2000,1.19
12-Jan-2000,1.19
11-Jan-2000,1.18
10-Jan-2000,1.18
07-Jan-2000,1.14
06-Jan-2000,1.17
05-Jan-2000,1.19
04-Jan-2000,1.16
03-Jan-2000,1.17
30-Dec-1999,1.26
29-Dec-1999,1.20
28-Dec-1999,1.19
27-Dec-1999,1.22
23-Dec-1999,1.21
22-Dec-1999,1.18
21-Dec-1999,1.21
20-Dec-1999,1.35
17-Dec-1999,1.29
16-Dec-1999,1.28
15-Dec-1999,1.26
14-Dec-1999,1.20
13-Dec-1999,1.21
10-Dec-1999,1.24
09-Dec-1999,1.20
08-Dec-1999,1.25
07-Dec-1999,1.30
06-Dec-1999,1.31
03-Dec-1999,1.42
02-Dec-1999,1.34
01-Dec-1999,1.27
30-Nov-1999,1.30
29-Nov-1999,1.14
24-Nov-1999,1.07
23-Nov-1999,1.07
22-Nov-1999,1.10
19-Nov-1999,1.10
18-Nov-1999,1.12
17-Nov-1999,1.25
16-Nov-1999,1.26
15-Nov-1999,1.29
12-Nov-1999,1.23
11-Nov-1999,1.17
10-Nov-1999,1.12
09-Nov-1999,1.13
08-Nov-1999,1.11
05-Nov-1999,1.05
04-Nov-1999,1.06
03-Nov-1999,1.05
02-Nov-1999,1.04
01-Nov-1999,1.10
29-Oct-1999,1.00
28-Oct-1999,0.97
27-Oct-1999,0.96
26-Oct-1999,0.95
25-Oct-1999,1.00
22-Oct-1999,0.93
21-Oct-1999,0.91
20-Oct-1999,0.95
19-Oct-1999,0.98
18-Oct-1999,0.96
15-Oct-1999,1.08
14-Oct-1999,1.07
13-Oct-1999,1.19
12-Oct-1999,0.97
11-Oct-1999,0.91
08-Oct-1999,0.85
07-Oct-1999,0.85
06-Oct-1999,0.86
05-Oct-1999,0.85
04-Oct-1999,0.83
01-Oct-1999,0.81
30-Sep-1999,0.82
29-Sep-1999,0.87
28-Sep-1999,0.85
27-Sep-1999,0.84
24-Sep-1999,0.84
23-Sep-1999,0.83
22-Sep-1999,0.82
21-Sep-1999,0.83
20-Sep-1999,0.80
17-Sep-1999,0.81
16-Sep-1999,0.82
15-Sep-1999,0.81
14-Sep-1999,0.83
13-Sep-1999,0.82
10-Sep-1999,0.82
09-Sep-1999,0.84
08-Sep-1999,0.88
07-Sep-1999,0.87
03-Sep-1999,0.89
02-Sep-1999,0.90
01-Sep-1999,0.91
31-Aug-1999,0.86
30-Aug-1999,0.85
27-Aug-1999,0.88
26-Aug-1999,0.88
25-Aug-1999,0.89
24-Aug-1999,0.89
23-Aug-1999,0.90
20-Aug-1999,0.88
19-Aug-1999,0.89
18-Aug-1999,0.90
17-Aug-1999,0.90
16-Aug-1999,0.90
13-Aug-1999,0.99
12-Aug-1999,0.94
11-Aug-1999,0.97
10-Aug-1999,0.94
09-Aug-1999,0.94
06-Aug-1999,0.93
05-Aug-1999,0.94
04-Aug-1999,0.94
03-Aug-1999,0.94
02-Aug-1999,0.94
30-Jul-1999,0.91
29-Jul-1999,0.95
28-Jul-1999,0.96
27-Jul-1999,0.98
26-Jul-1999,0.96
23-Jul-1999,0.95
22-Jul-1999,0.98
21-Jul-1999,0.95
20-Jul-1999,0.94
19-Jul-1999,0.95
16-Jul-1999,0.93
15-Jul-1999,0.94
14-Jul-1999,0.96
13-Jul-1999,0.94
12-Jul-1999,0.93
09-Jul-1999,0.98
08-Jul-1999,0.96
07-Jul-1999,0.94
06-Jul-1999,0.92
02-Jul-1999,0.98
01-Jul-1999,1.00
30-Jun-1999,1.01
29-Jun-1999,1.01
28-Jun-1999,1.00
25-Jun-1999,1.01
24-Jun-1999,1.03
23-Jun-1999,1.05
22-Jun-1999,1.06
21-Jun-1999,1.04
18-Jun-1999,1.06
17-Jun-1999,1.05
16-Jun-1999,1.05
15-Jun-1999,1.04
14-Jun-1999,1.04
11-Jun-1999,1.06
10-Jun-1999,1.06
09-Jun-1999,1.06
08-Jun-1999,1.06
07-Jun-1999,1.12
04-Jun-1999,1.20
03-Jun-1999,1.23
02-Jun-1999,1.22
01-Jun-1999,1.21
28-May-1999,1.22
27-May-1999,1.23
26-May-1999,1.25
25-May-1999,1.19
24-May-1999,1.19
21-May-1999,1.19
20-May-1999,1.20
19-May-1999,1.23
18-May-1999,1.10
17-May-1999,1.09
14-May-1999,1.07
13-May-1999,1.04
12-May-1999,1.06
11-May-1999,1.07
10-May-1999,1.05
07-May-1999,1.02
06-May-1999,1.03
05-May-1999,1.04
04-May-1999,1.02
03-May-1999,1.03
30-Apr-1999,1.04
29-Apr-1999,1.04
28-Apr-1999,1.00
27-Apr-1999,1.00
26-Apr-1999,0.99
23-Apr-1999,0.98
22-Apr-1999,0.97
21-Apr-1999,0.99
20-Apr-1999,1.00
19-Apr-1999,1.02
16-Apr-1999,1.00
15-Apr-1999,0.98
14-Apr-1999,0.99
13-Apr-1999,0.98
12-Apr-1999,0.98
09-Apr-1999,0.99
08-Apr-1999,0.98
07-Apr-1999,1.03
06-Apr-1999,1.06
05-Apr-1999,1.07
01-Apr-1999,1.10
31-Mar-1999,1.10
30-Mar-1999,1.12
29-Mar-1999,1.13
26-Mar-1999,1.09
25-Mar-1999,1.04
24-Mar-1999,1.02
23-Mar-1999,1.01
22-Mar-1999,1.01
19-Mar-1999,1.02
18-Mar-1999,1.03
17-Mar-1999,1.07
16-Mar-1999,1.05
15-Mar-1999,1.03
12-Mar-1999,1.04
11-Mar-1999,1.06
10-Mar-1999,1.05
09-Mar-1999,1.04
08-Mar-1999,1.03
05-Mar-1999,1.05
04-Mar-1999,1.02
03-Mar-1999,1.00
02-Mar-1999,1.03
01-Mar-1999,1.03
26-Feb-1999,1.03
25-Feb-1999,1.03
24-Feb-1999,1.06
23-Feb-1999,1.06
22-Feb-1999,1.03
19-Feb-1999,1.03
18-Feb-1999,1.03
17-Feb-1999,1.03
16-Feb-1999,1.01
12-Feb-1999,1.06
11-Feb-1999,1.07
10-Feb-1999,1.04
09-Feb-1999,1.03
08-Feb-1999,1.04
05-Feb-1999,1.04
04-Feb-1999,1.04
03-Feb-1999,1.06
02-Feb-1999,1.06
01-Feb-1999,1.06
29-Jan-1999,1.04
28-Jan-1999,1.03
27-Jan-1999,1.04
26-Jan-1999,1.07
25-Jan-1999,1.06
22-Jan-1999,1.06
21-Jan-1999,1.06
20-Jan-1999,1.07
19-Jan-1999,1.07
15-Jan-1999,1.16
14-Jan-1999,1.18
13-Jan-1999,1.20
12-Jan-1999,1.17
11-Jan-1999,1.20
08-Jan-1999,1.20
07-Jan-1999,1.19
06-Jan-1999,1.18
05-Jan-1999,1.19
04-Jan-1999,1.23
31-Dec-1998,1.18
30-Dec-1998,1.17
29-Dec-1998,1.17
28-Dec-1998,1.15
24-Dec-1998,1.14
23-Dec-1998,1.18
22-Dec-1998,1.16
21-Dec-1998,1.15
18-Dec-1998,1.17
17-Dec-1998,1.19
16-Dec-1998,1.20
15-Dec-1998,1.20
14-Dec-1998,1.18
11-Dec-1998,1.16
10-Dec-1998,1.15
09-Dec-1998,1.12
08-Dec-1998,1.14
07-Dec-1998,1.13
04-Dec-1998,1.14
03-Dec-1998,1.16
02-Dec-1998,1.13
01-Dec-1998,1.11
30-Nov-1998,1.12
25-Nov-1998,1.13
24-Nov-1998,1.10
23-Nov-1998,1.08
20-Nov-1998,1.11
19-Nov-1998,1.11
18-Nov-1998,1.11
17-Nov-1998,1.12
16-Nov-1998,1.14
13-Nov-1998,1.13
12-Nov-1998,1.13
11-Nov-1998,1.16
10-Nov-1998,1.17
09-Nov-1998,1.20
06-Nov-1998,1.23
05-Nov-1998,1.24
04-Nov-1998,1.25
03-Nov-1998,1.29
02-Nov-1998,1.20
30-Oct-1998,1.10
29-Oct-1998,1.07
28-Oct-1998,1.06
27-Oct-1998,1.05
26-Oct-1998,1.10
23-Oct-1998,1.07
22-Oct-1998,1.07
21-Oct-1998,1.05
20-Oct-1998,1.04
19-Oct-1998,1.07
16-Oct-1998,1.05
15-Oct-1998,1.07
14-Oct-1998,1.05
13-Oct-1998,1.04
12-Oct-1998,1.03
09-Oct-1998,1.09
08-Oct-1998,1.11
07-Oct-1998,1.07
06-Oct-1998,1.06
05-Oct-1998,1.04
02-Oct-1998,1.03
01-Oct-1998,1.03
30-Sep-1998,1.05
29-Sep-1998,1.06
28-Sep-1998,1.08
25-Sep-1998,1.05
24-Sep-1998,1.04
23-Sep-1998,1.03
22-Sep-1998,1.03
21-Sep-1998,1.02
18-Sep-1998,1.05
17-Sep-1998,1.08
16-Sep-1998,1.11
15-Sep-1998,1.11
14-Sep-1998,1.07
11-Sep-1998,1.11
10-Sep-1998,1.17
09-Sep-1998,1.20
08-Sep-1998,1.22
04-Sep-1998,1.19
03-Sep-1998,1.18
02-Sep-1998,1.19
01-Sep-1998,1.19
31-Aug-1998,1.21
28-Aug-1998,1.23
27-Aug-1998,1.21
26-Aug-1998,1.20
25-Aug-1998,1.24
24-Aug-1998,1.18
21-Aug-1998,1.15
20-Aug-1998,1.14
19-Aug-1998,1.18
18-Aug-1998,1.16
17-Aug-1998,1.11
14-Aug-1998,1.12
13-Aug-1998,1.17
12-Aug-1998,1.19
11-Aug-1998,1.24
10-Aug-1998,1.34
07-Aug-1998,1.35
06-Aug-1998,1.32
05-Aug-1998,1.31
04-Aug-1998,1.29
03-Aug-1998,1.31
31-Jul-1998,1.29
30-Jul-1998,1.23
29-Jul-1998,1.18
28-Jul-1998,1.16
27-Jul-1998,1.12
24-Jul-1998,1.12
23-Jul-1998,1.14
22-Jul-1998,1.15
21-Jul-1998,1.14
20-Jul-1998,1.12
17-Jul-1998,1.10
16-Jul-1998,1.10
15-Jul-1998,1.09
14-Jul-1998,1.11
13-Jul-1998,1.10
10-Jul-1998,1.13
09-Jul-1998,1.15
08-Jul-1998,1.15
07-Jul-1998,1.12
06-Jul-1998,1.13
02-Jul-1998,1.11
01-Jul-1998,1.12
30-Jun-1998,1.11
29-Jun-1998,1.12
26-Jun-1998,1.13
25-Jun-1998,1.15
24-Jun-1998,1.12
23-Jun-1998,1.12
22-Jun-1998,1.12
19-Jun-1998,1.14
18-Jun-1998,1.18
17-Jun-1998,1.18
16-Jun-1998,1.17
15-Jun-1998,1.20
12-Jun-1998,1.22
11-Jun-1998,1.24
10-Jun-1998,1.22
09-Jun-1998,1.22
08-Jun-1998,1.20
05-Jun-1998,1.26
04-Jun-1998,1.25
03-Jun-1998,1.25
02-Jun-1998,1.25
01-Jun-1998,1.24
29-May-1998,1.33
28-May-1998,1.32
27-May-1998,1.30
26-May-1998,1.31
22-May-1998,1.36
21-May-1998,1.34
20-May-1998,1.36
19-May-1998,1.36
18-May-1998,1.30
15-May-1998,1.29
14-May-1998,1.30
13-May-1998,1.27
12-May-1998,1.28
11-May-1998,1.30
08-May-1998,1.30
07-May-1998,1.30
06-May-1998,1.29
05-May-1998,1.34
04-May-1998,1.29
01-May-1998,1.29
30-Apr-1998,1.35
29-Apr-1998,1.34
28-Apr-1998,1.35
27-Apr-1998,1.34
24-Apr-1998,1.36
23-Apr-1998,1.39
22-Apr-1998,1.48
21-Apr-1998,1.48
20-Apr-1998,1.51
17-Apr-1998,1.51
16-Apr-1998,1.51
15-Apr-1998,1.52
14-Apr-1998,1.54
13-Apr-1998,1.53
09-Apr-1998,1.46
08-Apr-1998,1.45
07-Apr-1998,1.42
06-Apr-1998,1.42
03-Apr-1998,1.41
02-Apr-1998,1.44
01-Apr-1998,1.44
31-Mar-1998,1.46
30-Mar-1998,1.46
27-Mar-1998,1.46
26-Mar-1998,1.46
25-Mar-1998,1.44
24-Mar-1998,1.46
23-Mar-1998,1.48
20-Mar-1998,1.47
19-Mar-1998,1.49
18-Mar-1998,1.50
17-Mar-1998,1.52
16-Mar-1998,1.53
13-Mar-1998,1.50
12-Mar-1998,1.52
11-Mar-1998,1.54
10-Mar-1998,1.51
09-Mar-1998,1.52
06-Mar-1998,1.49
05-Mar-1998,1.52
04-Mar-1998,1.54
03-Mar-1998,1.55
02-Mar-1998,1.63
27-Feb-1998,1.66
26-Feb-1998,1.71
25-Feb-1998,1.75
24-Feb-1998,1.74
23-Feb-1998,1.79
20-Feb-1998,1.75
19-Feb-1998,1.74
18-Feb-1998,1.71
17-Feb-1998,1.65
13-Feb-1998,1.67
12-Feb-1998,1.68
11-Feb-1998,1.67
10-Feb-1998,1.68
09-Feb-1998,1.73
06-Feb-1998,1.78
05-Feb-1998,1.82
04-Feb-1998,1.80
03-Feb-1998,1.77
02-Feb-1998,1.78
30-Jan-1998,1.75
29-Jan-1998,1.77
28-Jan-1998,1.76
27-Jan-1998,1.71
26-Jan-1998,1.73
23-Jan-1998,1.79
22-Jan-1998,1.77
21-Jan-1998,1.78
20-Jan-1998,1.78
16-Jan-1998,1.67
15-Jan-1998,1.68
14-Jan-1998,1.65
13-Jan-1998,1.64
12-Jan-1998,1.60
09-Jan-1998,1.62
08-Jan-1998,1.68
07-Jan-1998,1.62
06-Jan-1998,1.61
05-Jan-1998,1.71
31-Dec-1997,1.62
30-Dec-1997,1.65
29-Dec-1997,1.63
24-Dec-1997,1.60
23-Dec-1997,1.62
22-Dec-1997,1.57
19-Dec-1997,1.59
18-Dec-1997,1.65
17-Dec-1997,1.64
16-Dec-1997,1.68
15-Dec-1997,1.88
12-Dec-1997,1.83
11-Dec-1997,1.84
10-Dec-1997,1.88
09-Dec-1997,1.88
08-Dec-1997,1.78
05-Dec-1997,1.79
04-Dec-1997,1.75
03-Dec-1997,1.74
02-Dec-1997,1.76
01-Dec-1997,1.69
28-Nov-1997,
26-Nov-1997,1.61
25-Nov-1997,1.59
24-Nov-1997,1.59
21-Nov-1997,1.61
20-Nov-1997,1.62
19-Nov-1997,1.66
18-Nov-1997,1.65
17-Nov-1997,1.59
14-Nov-1997,1.63
13-Nov-1997,1.64
12-Nov-1997,1.60
11-Nov-1997,1.56
10-Nov-1997,1.57
07-Nov-1997,1.50
06-Nov-1997,1.46
05-Nov-1997,1.53
04-Nov-1997,1.44
03-Nov-1997,1.44
31-Oct-1997,1.49
30-Oct-1997,1.48
29-Oct-1997,1.51
28-Oct-1997,1.51
27-Oct-1997,1.54
24-Oct-1997,1.53
23-Oct-1997,1.52
22-Oct-1997,1.50
21-Oct-1997,1.50
20-Oct-1997,1.51
17-Oct-1997,1.50
16-Oct-1997,1.57
15-Oct-1997,1.66
14-Oct-1997,1.66
13-Oct-1997,1.68
10-Oct-1997,1.66
09-Oct-1997,1.64
08-Oct-1997,1.67
07-Oct-1997,1.62
06-Oct-1997,1.70
03-Oct-1997,1.62
02-Oct-1997,1.61
01-Oct-1997,1.62
30-Sep-1997,1.63
29-Sep-1997,1.61
26-Sep-1997,1.66
25-Sep-1997,1.66
24-Sep-1997,1.69
23-Sep-1997,1.69
22-Sep-1997,1.70
19-Sep-1997,1.74
18-Sep-1997,1.78
17-Sep-1997,1.94
16-Sep-1997,1.86
15-Sep-1997,1.87
12-Sep-1997,1.88
11-Sep-1997,2.08
10-Sep-1997,1.99
09-Sep-1997,2.01
08-Sep-1997,2.08
05-Sep-1997,2.09
04-Sep-1997,2.11
03-Sep-1997,2.02
02-Sep-1997,1.96
29-Aug-1997,1.92
28-Aug-1997,1.87
27-Aug-1997,1.84
26-Aug-1997,1.78
25-Aug-1997,1.73
22-Aug-1997,1.71
21-Aug-1997,1.72
20-Aug-1997,1.71
19-Aug-1997,1.87
18-Aug-1997,1.80
15-Aug-1997,1.78
14-Aug-1997,1.85
13-Aug-1997,1.83
12-Aug-1997,1.88
11-Aug-1997,1.99
08-Aug-1997,2.06
07-Aug-1997,2.09
06-Aug-1997,2.01
05-Aug-1997,2.03
04-Aug-1997,1.94
01-Aug-1997,1.85
31-Jul-1997,1.85
30-Jul-1997,1.86
29-Jul-1997,1.89
28-Jul-1997,1.88
25-Jul-1997,1.76
24-Jul-1997,1.80
23-Jul-1997,1.82
22-Jul-1997,1.69
21-Jul-1997,1.96
18-Jul-1997,1.93
17-Jul-1997,1.87
16-Jul-1997,1.87
15-Jul-1997,1.85
14-Jul-1997,1.87
11-Jul-1997,1.86
10-Jul-1997,1.83
09-Jul-1997,1.97
08-Jul-1997,1.92
07-Jul-1997,1.85
03-Jul-1997,1.88
02-Jul-1997,1.96
01-Jul-1997,1.97
30-Jun-1997,1.92
27-Jun-1997,1.90
26-Jun-1997,1.90
25-Jun-1997,2.00
24-Jun-1997,1.98
23-Jun-1997,1.95
20-Jun-1997,1.99
19-Jun-1997,1.96
18-Jun-1997,1.90
17-Jun-1997,2.09
16-Jun-1997,1.97
13-Jun-1997,1.96
12-Jun-1997,2.08
11-Jun-1997,2.08
10-Jun-1997,2.18
09-Jun-1997,2.53
06-Jun-1997,2.37
05-Jun-1997,2.31
04-Jun-1997,2.52
03-Jun-1997,2.64
02-Jun-1997,2.54
30-May-1997,2.76
29-May-1997,3.15
28-May-1997,2.96
27-May-1997,2.74
23-May-1997,2.57
22-May-1997,2.60
21-May-1997,2.53
20-May-1997,2.40
19-May-1997,2.55
16-May-1997,2.77
15-May-1997,2.77
14-May-1997,2.62
13-May-1997,2.61
12-May-1997,2.46
09-May-1997,2.39
08-May-1997,2.40
07-May-1997,2.46
06-May-1997,2.50
05-May-1997,2.51
02-May-1997,2.48
01-May-1997,2.53
30-Apr-1997,2.39
29-Apr-1997,2.26
28-Apr-1997,2.20
25-Apr-1997,2.16
24-Apr-1997,2.20
23-Apr-1997,2.14
22-Apr-1997,2.11
21-Apr-1997,2.15
18-Apr-1997,2.17
17-Apr-1997,2.10
16-Apr-1997,2.08
15-Apr-1997,1.92
14-Apr-1997,1.96
11-Apr-1997,1.89
10-Apr-1997,1.91
09-Apr-1997,1.90
08-Apr-1997,1.79
07-Apr-1997,1.79
04-Apr-1997,1.79
03-Apr-1997,1.78
02-Apr-1997,1.93
01-Apr-1997,1.94
31-Mar-1997,1.91
27-Mar-1997,1.90
26-Mar-1997,1.87
25-Mar-1997,1.79
24-Mar-1997,1.63
21-Mar-1997,1.66
20-Mar-1997,1.69
19-Mar-1997,1.68
18-Mar-1997,2.10
17-Mar-1997,1.98
14-Mar-1997,2.05
13-Mar-1997,2.02
12-Mar-1997,2.16
11-Mar-1997,2.19
10-Mar-1997,2.16
07-Mar-1997,2.06
06-Mar-1997,2.12
05-Mar-1997,2.20
04-Mar-1997,2.12
03-Mar-1997,1.98
28-Feb-1997,1.90
27-Feb-1997,1.83
26-Feb-1997,1.85
25-Feb-1997,1.74
24-Feb-1997,1.73
21-Feb-1997,1.75
20-Feb-1997,1.78
19-Feb-1997,1.75
18-Feb-1997,1.68
14-Feb-1997,1.78
13-Feb-1997,1.80
12-Feb-1997,1.72
11-Feb-1997,1.64
10-Feb-1997,1.59
07-Feb-1997,1.51
06-Feb-1997,1.51
05-Feb-1997,1.45
04-Feb-1997,1.47
03-Feb-1997,1.46
31-Jan-1997,1.39
30-Jan-1997,1.40
29-Jan-1997,1.45
28-Jan-1997,1.40
27-Jan-1997,1.37
24-Jan-1997,1.37
23-Jan-1997,1.40
22-Jan-1997,1.35
21-Jan-1997,1.30
20-Jan-1997,1.29
17-Jan-1997,1.24
16-Jan-1997,1.23
15-Jan-1997,1.23
14-Jan-1997,1.22
13-Jan-1997,1.18
10-Jan-1997,1.20
09-Jan-1997,1.19
08-Jan-1997,1.19
07-Jan-1997,1.19
06-Jan-1997,1.14
03-Jan-1997,1.16
02-Jan-1997,1.17
31-Dec-1996,1.17
30-Dec-1996,1.16
27-Dec-1996,1.16
24-Dec-1996,1.15
23-Dec-1996,1.13
20-Dec-1996,1.12
19-Dec-1996,1.10
18-Dec-1996,1.12
17-Dec-1996,1.25
16-Dec-1996,1.25
13-Dec-1996,1.29
12-Dec-1996,1.23
11-Dec-1996,1.19
10-Dec-1996,1.18
09-Dec-1996,1.13
06-Dec-1996,1.12
05-Dec-1996,1.12
04-Dec-1996,1.13
03-Dec-1996,1.14
02-Dec-1996,1.15
27-Nov-1996,1.16
26-Nov-1996,1.17
25-Nov-1996,1.18
22-Nov-1996,1.18
21-Nov-1996,1.17
20-Nov-1996,1.21
19-Nov-1996,1.22
18-Nov-1996,1.20
15-Nov-1996,1.23
14-Nov-1996,1.22
13-Nov-1996,1.19
12-Nov-1996,1.18
11-Nov-1996,1.20
08-Nov-1996,1.26
07-Nov-1996,1.27
06-Nov-1996,1.24
05-Nov-1996,1.19
04-Nov-1996,1.18
01-Nov-1996,1.17
31-Oct-1996,1.17
30-Oct-1996,1.19
29-Oct-1996,1.16
28-Oct-1996,1.19
25-Oct-1996,1.16
24-Oct-1996,1.17
23-Oct-1996,1.19
22-Oct-1996,1.18
21-Oct-1996,1.13
18-Oct-1996,1.09
17-Oct-1996,1.10
16-Oct-1996,1.12
15-Oct-1996,1.14
14-Oct-1996,1.15
11-Oct-1996,1.16
10-Oct-1996,1.15
09-Oct-1996,1.14
08-Oct-1996,1.13
07-Oct-1996,1.13
04-Oct-1996,1.10
03-Oct-1996,1.07
02-Oct-1996,1.05
01-Oct-1996,1.05
30-Sep-1996,1.03
27-Sep-1996,1.05
26-Sep-1996,1.06
25-Sep-1996,1.06
24-Sep-1996,1.06
23-Sep-1996,1.05
20-Sep-1996,1.04
19-Sep-1996,1.04
18-Sep-1996,1.09
17-Sep-1996,1.12
16-Sep-1996,1.16
13-Sep-1996,1.15
12-Sep-1996,1.15
11-Sep-1996,1.17
10-Sep-1996,1.22
09-Sep-1996,1.23
06-Sep-1996,1.25
05-Sep-1996,1.23
04-Sep-1996,1.24
03-Sep-1996,1.25
30-Aug-1996,1.28
29-Aug-1996,1.28
28-Aug-1996,1.27
27-Aug-1996,1.31
26-Aug-1996,1.36
23-Aug-1996,1.32
22-Aug-1996,1.31
21-Aug-1996,1.25
20-Aug-1996,1.23
19-Aug-1996,1.21
16-Aug-1996,1.21
15-Aug-1996,1.21
14-Aug-1996,1.21
13-Aug-1996,1.23
12-Aug-1996,1.16
09-Aug-1996,1.15
08-Aug-1996,1.16
07-Aug-1996,1.09
06-Aug-1996,1.09
05-Aug-1996,1.08
02-Aug-1996,1.08
01-Aug-1996,1.07
31-Jul-1996,1.06
30-Jul-1996,1.05
29-Jul-1996,1.05
26-Jul-1996,1.04
25-Jul-1996,1.03
24-Jul-1996,1.04
23-Jul-1996,1.04
22-Jul-1996,1.04
19-Jul-1996,1.18
18-Jul-1996,1.19
17-Jul-1996,1.17
16-Jul-1996,1.11
15-Jul-1996,1.15
12-Jul-1996,1.20
11-Jul-1996,1.23
10-Jul-1996,1.21
09-Jul-1996,1.22
08-Jul-1996,1.26
03-Jul-1996,1.24
02-Jul-1996,1.25
01-Jul-1996,1.27
28-Jun-1996,1.27
27-Jun-1996,1.25
26-Jun-1996,1.23
25-Jun-1996,1.23
24-Jun-1996,1.23
21-Jun-1996,1.20
20-Jun-1996,1.21
19-Jun-1996,1.22
18-Jun-1996,1.23
17-Jun-1996,1.21
14-Jun-1996,1.18
13-Jun-1996,1.17
12-Jun-1996,1.19
11-Jun-1996,1.17
10-Jun-1996,1.18
07-Jun-1996,1.15
06-Jun-1996,1.13
05-Jun-1996,1.14
04-Jun-1996,1.13
03-Jun-1996,1.13
31-May-1996,1.16
30-May-1996,1.16
29-May-1996,1.17
28-May-1996,1.17
24-May-1996,1.18
23-May-1996,1.18
22-May-1996,1.20
21-May-1996,1.24
20-May-1996,1.27
17-May-1996,1.30
16-May-1996,1.30
15-May-1996,1.27
14-May-1996,1.27
13-May-1996,1.27
10-May-1996,1.28
09-May-1996,1.28
08-May-1996,1.30
07-May-1996,1.28
06-May-1996,1.26
03-May-1996,1.28
02-May-1996,1.28
01-May-1996,1.28
30-Apr-1996,1.25
29-Apr-1996,1.23
26-Apr-1996,1.28
25-Apr-1996,1.25
24-Apr-1996,1.27
23-Apr-1996,1.27
22-Apr-1996,1.30
19-Apr-1996,1.18
18-Apr-1996,1.19
17-Apr-1996,1.17
16-Apr-1996,1.16
15-Apr-1996,1.15
12-Apr-1996,1.15
11-Apr-1996,1.17
10-Apr-1996,1.19
09-Apr-1996,1.15
08-Apr-1996,1.14
04-Apr-1996,1.15
03-Apr-1996,1.15
02-Apr-1996,1.16
01-Apr-1996,1.15
29-Mar-1996,1.15
28-Mar-1996,1.21
27-Mar-1996,1.22
26-Mar-1996,1.23
25-Mar-1996,1.19
22-Mar-1996,1.20
21-Mar-1996,1.20
20-Mar-1996,1.18
19-Mar-1996,1.25
18-Mar-1996,1.27
15-Mar-1996,1.25
14-Mar-1996,1.22
13-Mar-1996,1.19
12-Mar-1996,1.20
11-Mar-1996,1.17
08-Mar-1996,1.15
07-Mar-1996,1.16
06-Mar-1996,1.16
05-Mar-1996,1.17
04-Mar-1996,1.15
01-Mar-1996,1.14
29-Feb-1996,1.18
28-Feb-1996,1.15
27-Feb-1996,1.16
26-Feb-1996,1.16
23-Feb-1996,1.18
22-Feb-1996,1.24
21-Feb-1996,1.25
20-Feb-1996,1.23
16-Feb-1996,1.24
15-Feb-1996,1.24
14-Feb-1996,1.23
13-Feb-1996,1.23
12-Feb-1996,1.22
09-Feb-1996,1.26
08-Feb-1996,1.24
07-Feb-1996,1.19
06-Feb-1996,1.19
05-Feb-1996,1.21
02-Feb-1996,1.24
01-Feb-1996,1.26
31-Jan-1996,1.29
30-Jan-1996,1.20
29-Jan-1996,1.23
26-Jan-1996,1.17
25-Jan-1996,1.12
24-Jan-1996,1.09
23-Jan-1996,1.07
22-Jan-1996,1.08
19-Jan-1996,1.05
18-Jan-1996,1.05
17-Jan-1996,1.04
16-Jan-1996,1.04
15-Jan-1996,0.99
12-Jan-1996,1.03
11-Jan-1996,1.03
10-Jan-1996,0.98
05-Jan-1996,0.96
04-Jan-1996,0.98
03-Jan-1996,0.94
02-Jan-1996,0.91
29-Dec-1995,0.95
28-Dec-1995,0.94
27-Dec-1995,0.95
22-Dec-1995,0.96
21-Dec-1995,0.97
20-Dec-1995,0.96
19-Dec-1995,1.00
18-Dec-1995,1.01
15-Dec-1995,1.09
14-Dec-1995,1.07
13-Dec-1995,1.08
12-Dec-1995,1.06
11-Dec-1995,1.06
08-Dec-1995,1.05
07-Dec-1995,1.07
06-Dec-1995,1.05
05-Dec-1995,1.08
04-Dec-1995,1.06
01-Dec-1995,1.07
30-Nov-1995,1.08
29-Nov-1995,1.12
28-Nov-1995,1.13
27-Nov-1995,1.15
22-Nov-1995,1.14
21-Nov-1995,1.17
20-Nov-1995,1.18
17-Nov-1995,1.20
16-Nov-1995,1.21
15-Nov-1995,1.25
14-Nov-1995,1.24
13-Nov-1995,1.28
10-Nov-1995,1.27
09-Nov-1995,1.27
08-Nov-1995,1.28
07-Nov-1995,1.25
06-Nov-1995,1.25
03-Nov-1995,1.26
02-Nov-1995,1.24
01-Nov-1995,1.22
31-Oct-1995,1.22
30-Oct-1995,1.21
27-Oct-1995,1.23
26-Oct-1995,1.23
25-Oct-1995,1.22
24-Oct-1995,1.25
23-Oct-1995,1.26
20-Oct-1995,1.25
19-Oct-1995,1.25
18-Oct-1995,1.24
17-Oct-1995,1.22
16-Oct-1995,1.26
13-Oct-1995,1.22
12-Oct-1995,1.19
11-Oct-1995,1.20
10-Oct-1995,1.18
09-Oct-1995,1.14
06-Oct-1995,1.18
05-Oct-1995,1.24
04-Oct-1995,1.23
03-Oct-1995,1.22
02-Oct-1995,1.22
29-Sep-1995,1.17
28-Sep-1995,1.15
27-Sep-1995,1.15
26-Sep-1995,1.20
25-Sep-1995,1.16
22-Sep-1995,1.26
21-Sep-1995,1.28
20-Sep-1995,1.23
19-Sep-1995,1.20
18-Sep-1995,1.24
15-Sep-1995,1.33
14-Sep-1995,1.29
13-Sep-1995,1.27
12-Sep-1995,1.27
11-Sep-1995,1.33
08-Sep-1995,1.37
07-Sep-1995,1.38
06-Sep-1995,1.44
05-Sep-1995,1.46
01-Sep-1995,1.48
31-Aug-1995,1.46
30-Aug-1995,1.47
29-Aug-1995,1.53
28-Aug-1995,1.54
25-Aug-1995,1.54
24-Aug-1995,1.50
23-Aug-1995,1.51
22-Aug-1995,1.50
21-Aug-1995,1.47
18-Aug-1995,1.45
17-Aug-1995,1.45
16-Aug-1995,1.47
15-Aug-1995,1.47
14-Aug-1995,1.46
11-Aug-1995,1.47
10-Aug-1995,1.47
09-Aug-1995,1.45
08-Aug-1995,1.45
07-Aug-1995,1.44
04-Aug-1995,1.44
03-Aug-1995,1.45
02-Aug-1995,1.44
01-Aug-1995,1.42
31-Jul-1995,1.46
28-Jul-1995,1.43
27-Jul-1995,1.48
26-Jul-1995,1.52
25-Jul-1995,1.47
24-Jul-1995,1.47
21-Jul-1995,1.48
20-Jul-1995,1.42
19-Jul-1995,1.37
18-Jul-1995,1.40
17-Jul-1995,1.40
14-Jul-1995,1.45
13-Jul-1995,1.39
12-Jul-1995,1.38
11-Jul-1995,1.37
10-Jul-1995,1.38
07-Jul-1995,1.31
06-Jul-1995,1.21
05-Jul-1995,1.26
30-Jun-1995,1.31
29-Jun-1995,1.37
28-Jun-1995,1.39
27-Jun-1995,1.38
26-Jun-1995,1.39
23-Jun-1995,1.44
22-Jun-1995,1.51
21-Jun-1995,1.50
20-Jun-1995,1.50
19-Jun-1995,1.47
16-Jun-1995,1.50
15-Jun-1995,1.54
14-Jun-1995,1.47
13-Jun-1995,1.46
12-Jun-1995,1.54
09-Jun-1995,1.52
08-Jun-1995,1.52
07-Jun-1995,1.50
06-Jun-1995,1.57
05-Jun-1995,1.58
02-Jun-1995,1.60
01-Jun-1995,1.59
31-May-1995,1.54
30-May-1995,1.54
26-May-1995,1.52
25-May-1995,1.55
24-May-1995,1.51
23-May-1995,1.55
22-May-1995,1.62
19-May-1995,1.67
18-May-1995,1.66
17-May-1995,1.67
16-May-1995,1.65
15-May-1995,1.67
12-May-1995,1.65
11-May-1995,1.67
10-May-1995,1.71
09-May-1995,1.71
08-May-1995,1.71
05-May-1995,1.71
04-May-1995,1.72
03-May-1995,1.72
02-May-1995,1.68
01-May-1995,1.70
28-Apr-1995,1.70
27-Apr-1995,1.72
26-Apr-1995,1.74
25-Apr-1995,1.75
24-Apr-1995,1.75
21-Apr-1995,1.73
20-Apr-1995,1.69
19-Apr-1995,1.69
18-Apr-1995,1.66
17-Apr-1995,1.64
13-Apr-1995,1.63
12-Apr-1995,1.66
11-Apr-1995,1.65
10-Apr-1995,1.67
07-Apr-1995,1.67
06-Apr-1995,1.67
05-Apr-1995,1.67
04-Apr-1995,1.65
03-Apr-1995,1.65
31-Mar-1995,1.66
30-Mar-1995,1.64
29-Mar-1995,1.67
28-Mar-1995,1.68
27-Mar-1995,1.68
24-Mar-1995,1.68
23-Mar-1995,1.66
22-Mar-1995,1.70
21-Mar-1995,1.66
20-Mar-1995,1.68
17-Mar-1995,1.68
16-Mar-1995,1.72
15-Mar-1995,1.79
14-Mar-1995,1.83
13-Mar-1995,1.82
10-Mar-1995,1.86
09-Mar-1995,1.83
08-Mar-1995,1.81
07-Mar-1995,1.80
06-Mar-1995,1.80
03-Mar-1995,1.80
02-Mar-1995,1.82
01-Mar-1995,1.86
28-Feb-1995,1.81
27-Feb-1995,1.84
24-Feb-1995,1.75
23-Feb-1995,1.70
22-Feb-1995,1.69
21-Feb-1995,1.70
17-Feb-1995,1.69
16-Feb-1995,1.63
15-Feb-1995,1.65
14-Feb-1995,1.65
13-Feb-1995,1.62
10-Feb-1995,1.63
09-Feb-1995,1.59
08-Feb-1995,1.57
07-Feb-1995,1.54
06-Feb-1995,1.54
03-Feb-1995,1.54
02-Feb-1995,1.58
01-Feb-1995,1.56
31-Jan-1995,1.56
30-Jan-1995,1.57
27-Jan-1995,1.62
26-Jan-1995,1.67
25-Jan-1995,1.65
24-Jan-1995,1.67
23-Jan-1995,1.70
20-Jan-1995,1.70
19-Jan-1995,1.72
18-Jan-1995,1.74
17-Jan-1995,1.70
16-Jan-1995,1.68
13-Jan-1995,1.70
12-Jan-1995,1.68
11-Jan-1995,1.65
10-Jan-1995,1.69
09-Jan-1995,1.69
06-Jan-1995,1.75
05-Jan-1995,1.73
04-Jan-1995,1.68
03-Jan-1995,1.68
30-Dec-1994,1.69
29-Dec-1994,1.74
28-Dec-1994,1.74
27-Dec-1994,1.72
23-Dec-1994,1.72
22-Dec-1994,1.72
21-Dec-1994,1.74
20-Dec-1994,1.62
19-Dec-1994,1.52
16-Dec-1994,1.59
15-Dec-1994,1.48
14-Dec-1994,1.44
13-Dec-1994,1.51
12-Dec-1994,1.64
09-Dec-1994,1.60
08-Dec-1994,1.62
07-Dec-1994,1.61
06-Dec-1994,1.62
05-Dec-1994,1.60
02-Dec-1994,1.58
01-Dec-1994,1.58
30-Nov-1994,1.57
29-Nov-1994,1.59
28-Nov-1994,1.60
23-Nov-1994,1.58
22-Nov-1994,1.60
21-Nov-1994,1.59
18-Nov-1994,1.67
17-Nov-1994,1.71
16-Nov-1994,1.76
15-Nov-1994,1.71
14-Nov-1994,1.77
11-Nov-1994,1.84
10-Nov-1994,1.84
09-Nov-1994,1.87
08-Nov-1994,1.89
07-Nov-1994,1.84
04-Nov-1994,1.83
03-Nov-1994,1.81
02-Nov-1994,1.78
01-Nov-1994,1.86
31-Oct-1994,1.87
28-Oct-1994,1.90
27-Oct-1994,1.89
26-Oct-1994,1.91
25-Oct-1994,1.95
24-Oct-1994,1.97
21-Oct-1994,1.96
20-Oct-1994,2.03
19-Oct-1994,2.02
18-Oct-1994,1.95
17-Oct-1994,2.04
14-Oct-1994,1.88
13-Oct-1994,1.95
12-Oct-1994,1.91
11-Oct-1994,1.84
10-Oct-1994,1.80
07-Oct-1994,1.93
06-Oct-1994,2.06
05-Oct-1994,2.15
04-Oct-1994,2.14
03-Oct-1994,2.10
30-Sep-1994,2.09
29-Sep-1994,2.16
28-Sep-1994,2.15
27-Sep-1994,2.20
26-Sep-1994,2.27
23-Sep-1994,2.30
22-Sep-1994,2.28
21-Sep-1994,2.31
20-Sep-1994,2.24
19-Sep-1994,2.22
16-Sep-1994,2.16
15-Sep-1994,2.07
14-Sep-1994,2.07
13-Sep-1994,2.17
12-Sep-1994,2.18
09-Sep-1994,2.12
08-Sep-1994,2.10
07-Sep-1994,2.11
06-Sep-1994,2.12
02-Sep-1994,2.04
01-Sep-1994,2.07
31-Aug-1994,2.06
30-Aug-1994,2.08
29-Aug-1994,2.09
26-Aug-1994,2.06
25-Aug-1994,1.92
24-Aug-1994,1.89
23-Aug-1994,1.92
22-Aug-1994,1.83
19-Aug-1994,1.78
18-Aug-1994,1.83
17-Aug-1994,1.79
16-Aug-1994,1.92
15-Aug-1994,1.94
12-Aug-1994,1.81
11-Aug-1994,1.85
10-Aug-1994,1.77
09-Aug-1994,1.82
08-Aug-1994,1.79
05-Aug-1994,2.03
04-Aug-1994,2.08
03-Aug-1994,2.10
02-Aug-1994,2.13
01-Aug-1994,2.12
29-Jul-1994,2.03
28-Jul-1994,2.02
27-Jul-1994,2.11
26-Jul-1994,2.08
25-Jul-1994,2.09
22-Jul-1994,2.19
21-Jul-1994,2.29
20-Jul-1994,2.21
19-Jul-1994,2.30
18-Jul-1994,2.37
15-Jul-1994,2.35
14-Jul-1994,2.33
13-Jul-1994,2.45
12-Jul-1994,2.46
11-Jul-1994,2.34
08-Jul-1994,1.87
07-Jul-1994,1.91
06-Jul-1994,1.92
05-Jul-1994,1.85
01-Jul-1994,1.93
30-Jun-1994,1.90
29-Jun-1994,1.89
28-Jun-1994,1.70
27-Jun-1994,1.60
24-Jun-1994,1.26
23-Jun-1994,1.26
22-Jun-1994,1.27
21-Jun-1994,1.31
20-Jun-1994,1.30
17-Jun-1994,1.35
16-Jun-1994,1.34
15-Jun-1994,1.38
14-Jun-1994,1.38
13-Jun-1994,1.38
10-Jun-1994,1.25
09-Jun-1994,1.25
08-Jun-1994,1.28
07-Jun-1994,1.23
06-Jun-1994,1.19
03-Jun-1994,1.25
02-Jun-1994,1.26
01-Jun-1994,1.23
31-May-1994,1.26
27-May-1994,1.21
26-May-1994,1.18
25-May-1994,1.28
24-May-1994,1.33
23-May-1994,1.39
20-May-1994,1.31
19-May-1994,1.23
18-May-1994,1.23
17-May-1994,1.21
16-May-1994,1.28
13-May-1994,1.16
12-May-1994,1.09
11-May-1994,1.07
10-May-1994,1.09
09-May-1994,1.08
06-May-1994,1.04
05-May-1994,1.00
04-May-1994,0.95
03-May-1994,0.94
02-May-1994,0.90
29-Apr-1994,0.89
28-Apr-1994,0.88
26-Apr-1994,0.84
25-Apr-1994,0.84
22-Apr-1994,0.84
21-Apr-1994,0.83
20-Apr-1994,0.83
19-Apr-1994,0.81
18-Apr-1994,0.81
15-Apr-1994,0.80
14-Apr-1994,0.84
13-Apr-1994,0.83
12-Apr-1994,0.84
11-Apr-1994,0.84
08-Apr-1994,0.83
07-Apr-1994,0.84
06-Apr-1994,0.83
05-Apr-1994,0.80
04-Apr-1994,0.80
31-Mar-1994,0.82
30-Mar-1994,0.81
29-Mar-1994,0.81
28-Mar-1994,0.82
25-Mar-1994,0.83
24-Mar-1994,0.84
23-Mar-1994,0.83
22-Mar-1994,0.83
21-Mar-1994,0.80
18-Mar-1994,0.81
17-Mar-1994,0.81
16-Mar-1994,0.81
15-Mar-1994,0.80
14-Mar-1994,0.80
11-Mar-1994,0.77
10-Mar-1994,0.78
09-Mar-1994,0.77
08-Mar-1994,0.77
07-Mar-1994,0.77
04-Mar-1994,0.76
03-Mar-1994,0.76
02-Mar-1994,0.75
01-Mar-1994,0.75
28-Feb-1994,0.75
25-Feb-1994,0.76
24-Feb-1994,0.76
23-Feb-1994,0.76
22-Feb-1994,0.76
18-Feb-1994,0.77
17-Feb-1994,0.77
16-Feb-1994,0.75
15-Feb-1994,0.77
14-Feb-1994,0.75
11-Feb-1994,0.75
10-Feb-1994,0.76
09-Feb-1994,0.76
08-Feb-1994,0.76
07-Feb-1994,0.77
04-Feb-1994,0.77
03-Feb-1994,0.76
02-Feb-1994,0.73
01-Feb-1994,0.72
31-Jan-1994,0.72
28-Jan-1994,0.75
27-Jan-1994,0.74
26-Jan-1994,0.75
25-Jan-1994,0.75
24-Jan-1994,0.75
21-Jan-1994,0.74
20-Jan-1994,0.75
19-Jan-1994,0.73
18-Jan-1994,0.75
17-Jan-1994,0.74
14-Jan-1994,0.74
13-Jan-1994,0.73
12-Jan-1994,0.73
11-Jan-1994,0.72
10-Jan-1994,0.73
07-Jan-1994,0.73
06-Jan-1994,0.72
05-Jan-1994,0.72
04-Jan-1994,0.72
03-Jan-1994,0.73
30-Dec-1993,0.72
29-Dec-1993,0.75
28-Dec-1993,0.77
27-Dec-1993,0.77
23-Dec-1993,0.76
22-Dec-1993,0.76
21-Dec-1993,0.76
20-Dec-1993,0.76
17-Dec-1993,0.78
16-Dec-1993,0.77
15-Dec-1993,0.78
14-Dec-1993,0.79
13-Dec-1993,0.77
10-Dec-1993,0.77
09-Dec-1993,0.76
08-Dec-1993,0.75
07-Dec-1993,0.75
06-Dec-1993,0.74
03-Dec-1993,0.75
02-Dec-1993,0.74
01-Dec-1993,0.76
30-Nov-1993,0.75
29-Nov-1993,0.77
24-Nov-1993,0.76
23-Nov-1993,0.76
22-Nov-1993,0.74
19-Nov-1993,0.75
18-Nov-1993,0.78
17-Nov-1993,0.75
16-Nov-1993,0.76
15-Nov-1993,0.74
12-Nov-1993,0.73
11-Nov-1993,0.75
10-Nov-1993,0.76
09-Nov-1993,0.76
08-Nov-1993,0.75
05-Nov-1993,0.77
04-Nov-1993,0.75
03-Nov-1993,0.78
02-Nov-1993,0.79
01-Nov-1993,0.78
29-Oct-1993,0.79
28-Oct-1993,0.78
27-Oct-1993,0.76
26-Oct-1993,0.75
25-Oct-1993,0.74
22-Oct-1993,0.77
21-Oct-1993,0.78
20-Oct-1993,0.76
19-Oct-1993,0.76
18-Oct-1993,0.78
15-Oct-1993,0.75
14-Oct-1993,0.75
13-Oct-1993,0.73
12-Oct-1993,0.72
11-Oct-1993,0.75
08-Oct-1993,0.74
07-Oct-1993,0.72
06-Oct-1993,0.72
05-Oct-1993,0.72
04-Oct-1993,0.73
01-Oct-1993,0.74
30-Sep-1993,0.75
29-Sep-1993,0.76
28-Sep-1993,0.77
27-Sep-1993,0.78
24-Sep-1993,0.81
23-Sep-1993,0.82
22-Sep-1993,0.79
21-Sep-1993,0.77
20-Sep-1993,0.79
17-Sep-1993,0.81
16-Sep-1993,0.79
15-Sep-1993,0.80
14-Sep-1993,0.80
13-Sep-1993,0.79
10-Sep-1993,0.80
09-Sep-1993,0.80
08-Sep-1993,0.76
07-Sep-1993,0.75
03-Sep-1993,0.73
02-Sep-1993,0.75
01-Sep-1993,0.76
31-Aug-1993,0.75
30-Aug-1993,0.77
27-Aug-1993,0.77
26-Aug-1993,0.76
25-Aug-1993,0.77
24-Aug-1993,0.75
23-Aug-1993,0.76
20-Aug-1993,0.72
19-Aug-1993,0.72
18-Aug-1993,0.72
17-Aug-1993,0.71
16-Aug-1993,0.71
13-Aug-1993,0.69
12-Aug-1993,0.70
11-Aug-1993,0.70
10-Aug-1993,0.75
09-Aug-1993,0.77
06-Aug-1993,0.76
05-Aug-1993,0.79
04-Aug-1993,0.78
03-Aug-1993,0.79
02-Aug-1993,0.77
30-Jul-1993,0.77
29-Jul-1993,0.74
28-Jul-1993,0.73
27-Jul-1993,0.73
26-Jul-1993,0.71
23-Jul-1993,0.72
22-Jul-1993,0.73
21-Jul-1993,0.72
20-Jul-1993,0.73
19-Jul-1993,0.72
16-Jul-1993,0.71
15-Jul-1993,0.72
14-Jul-1993,0.71
13-Jul-1993,0.73
12-Jul-1993,0.69
09-Jul-1993,0.70
08-Jul-1993,0.70
07-Jul-1993,0.69
06-Jul-1993,0.71
02-Jul-1993,0.64
01-Jul-1993,0.61
30-Jun-1993,0.60
29-Jun-1993,0.59
28-Jun-1993,0.61
25-Jun-1993,0.60
24-Jun-1993,0.62
23-Jun-1993,0.62
22-Jun-1993,0.62
21-Jun-1993,0.60
18-Jun-1993,0.61
17-Jun-1993,0.62
16-Jun-1993,0.59
15-Jun-1993,0.61
14-Jun-1993,0.59
11-Jun-1993,0.57
10-Jun-1993,0.59
09-Jun-1993,0.58
08-Jun-1993,0.58
07-Jun-1993,0.58
04-Jun-1993,0.59
03-Jun-1993,0.61
02-Jun-1993,0.62
01-Jun-1993,0.61
28-May-1993,0.64
27-May-1993,0.63
26-May-1993,0.65
25-May-1993,0.64
24-May-1993,0.61
21-May-1993,0.65
20-May-1993,0.64
19-May-1993,0.63
18-May-1993,0.63
17-May-1993,0.60
14-May-1993,0.58
13-May-1993,0.58
12-May-1993,0.58
11-May-1993,0.59
10-May-1993,0.60
07-May-1993,0.59
06-May-1993,0.58
05-May-1993,0.57
04-May-1993,0.58
03-May-1993,0.63
30-Apr-1993,0.64
29-Apr-1993,0.61
28-Apr-1993,0.60
27-Apr-1993,0.61
26-Apr-1993,0.58
23-Apr-1993,0.54
22-Apr-1993,0.53
21-Apr-1993,0.52
20-Apr-1993,0.53
19-Apr-1993,0.53
16-Apr-1993,0.54
15-Apr-1993,0.55
14-Apr-1993,0.55
13-Apr-1993,0.55
12-Apr-1993,0.54
08-Apr-1993,0.54
07-Apr-1993,0.54
06-Apr-1993,0.56
05-Apr-1993,0.55
02-Apr-1993,0.57
01-Apr-1993,0.58
31-Mar-1993,0.59
30-Mar-1993,0.57
29-Mar-1993,0.57
26-Mar-1993,0.59
25-Mar-1993,0.62
24-Mar-1993,0.62
23-Mar-1993,0.62
22-Mar-1993,0.61
19-Mar-1993,0.60
18-Mar-1993,0.60
17-Mar-1993,0.60
16-Mar-1993,0.60
15-Mar-1993,0.62
12-Mar-1993,0.60
11-Mar-1993,0.59
10-Mar-1993,0.60
09-Mar-1993,0.61
08-Mar-1993,0.62
05-Mar-1993,0.62
04-Mar-1993,0.62
03-Mar-1993,0.61
02-Mar-1993,0.60
01-Mar-1993,0.58
26-Feb-1993,0.61
25-Feb-1993,0.64
24-Feb-1993,0.65
23-Feb-1993,0.64
22-Feb-1993,0.67
19-Feb-1993,0.66
18-Feb-1993,0.63
17-Feb-1993,0.62
16-Feb-1993,0.64
12-Feb-1993,0.64
11-Feb-1993,0.65
10-Feb-1993,0.62
09-Feb-1993,0.59
08-Feb-1993,0.57
05-Feb-1993,0.63
04-Feb-1993,0.62
03-Feb-1993,0.63
02-Feb-1993,0.63
01-Feb-1993,0.61
29-Jan-1993,0.58
28-Jan-1993,0.58
27-Jan-1993,0.58
26-Jan-1993,0.58
25-Jan-1993,0.56
22-Jan-1993,0.63
21-Jan-1993,0.64
20-Jan-1993,0.65
19-Jan-1993,0.66
18-Jan-1993,0.69
15-Jan-1993,0.70
14-Jan-1993,0.72
13-Jan-1993,0.73
12-Jan-1993,0.72
11-Jan-1993,0.69
08-Jan-1993,0.70
07-Jan-1993,0.73
06-Jan-1993,0.70
05-Jan-1993,0.72
04-Jan-1993,0.75
31-Dec-1992,0.78
30-Dec-1992,0.76
29-Dec-1992,0.78
28-Dec-1992,0.80
24-Dec-1992,0.78
23-Dec-1992,0.79
22-Dec-1992,0.82
21-Dec-1992,0.82
18-Dec-1992,0.80
17-Dec-1992,0.79
16-Dec-1992,0.79
15-Dec-1992,0.80
14-Dec-1992,0.79
11-Dec-1992,0.79
10-Dec-1992,0.77
09-Dec-1992,0.78
08-Dec-1992,0.76
07-Dec-1992,0.76
04-Dec-1992,0.76
03-Dec-1992,0.76
02-Dec-1992,0.74
01-Dec-1992,0.75
30-Nov-1992,0.72
27-Nov-1992,0.69
25-Nov-1992,0.69
24-Nov-1992,0.68
23-Nov-1992,0.70
20-Nov-1992,0.70
19-Nov-1992,0.69
18-Nov-1992,0.70
17-Nov-1992,0.70
16-Nov-1992,0.73
13-Nov-1992,0.69
12-Nov-1992,0.67
11-Nov-1992,0.65
10-Nov-1992,0.63
09-Nov-1992,0.62
06-Nov-1992,0.64
05-Nov-1992,0.65
04-Nov-1992,0.67
03-Nov-1992,0.68
02-Nov-1992,0.68
30-Oct-1992,0.68
29-Oct-1992,0.67
28-Oct-1992,0.67
27-Oct-1992,0.67
26-Oct-1992,0.66
23-Oct-1992,0.65
22-Oct-1992,0.66
21-Oct-1992,0.65
20-Oct-1992,0.65
19-Oct-1992,0.62
16-Oct-1992,0.63
15-Oct-1992,0.63
14-Oct-1992,0.63
13-Oct-1992,0.63
12-Oct-1992,0.62
09-Oct-1992,0.62
08-Oct-1992,0.60
07-Oct-1992,0.60
06-Oct-1992,0.59
05-Oct-1992,0.58
02-Oct-1992,0.57
01-Oct-1992,0.57
30-Sep-1992,0.56
29-Sep-1992,0.54
28-Sep-1992,0.55
25-Sep-1992,0.57
24-Sep-1992,0.56
23-Sep-1992,0.57
22-Sep-1992,0.57
21-Sep-1992,0.57
18-Sep-1992,0.54
17-Sep-1992,0.52
16-Sep-1992,0.52
15-Sep-1992,0.52
14-Sep-1992,0.50
11-Sep-1992,0.49
10-Sep-1992,0.50
09-Sep-1992,0.49
08-Sep-1992,0.52
04-Sep-1992,0.53
03-Sep-1992,0.54
02-Sep-1992,0.54
01-Sep-1992,0.53
31-Aug-1992,0.53
28-Aug-1992,0.53
27-Aug-1992,0.52
26-Aug-1992,0.52
25-Aug-1992,0.51
24-Aug-1992,0.52
21-Aug-1992,0.51
20-Aug-1992,0.50
19-Aug-1992,0.51
18-Aug-1992,0.50
17-Aug-1992,0.48
14-Aug-1992,0.51
13-Aug-1992,0.51
12-Aug-1992,0.51
11-Aug-1992,0.53
10-Aug-1992,0.53
07-Aug-1992,0.56
06-Aug-1992,0.56
05-Aug-1992,0.57
04-Aug-1992,0.57
03-Aug-1992,0.56
31-Jul-1992,0.56
30-Jul-1992,0.58
29-Jul-1992,0.56
28-Jul-1992,0.57
27-Jul-1992,0.56
24-Jul-1992,0.60
23-Jul-1992,0.61
22-Jul-1992,0.61
21-Jul-1992,0.59
20-Jul-1992,0.58
17-Jul-1992,0.60
16-Jul-1992,0.61
15-Jul-1992,0.59
14-Jul-1992,0.59
13-Jul-1992,0.59
10-Jul-1992,0.61
09-Jul-1992,0.59
08-Jul-1992,0.59
07-Jul-1992,0.59
06-Jul-1992,0.57
02-Jul-1992,0.59
01-Jul-1992,0.57
30-Jun-1992,0.56
29-Jun-1992,0.57
26-Jun-1992,0.57
25-Jun-1992,0.55
24-Jun-1992,0.57
23-Jun-1992,0.56
22-Jun-1992,0.57
19-Jun-1992,0.58
18-Jun-1992,0.60
17-Jun-1992,0.61
16-Jun-1992,0.63
15-Jun-1992,0.62
12-Jun-1992,0.61
11-Jun-1992,0.60
10-Jun-1992,0.60
09-Jun-1992,0.62
08-Jun-1992,0.62
05-Jun-1992,0.62
04-Jun-1992,0.62
03-Jun-1992,0.62
02-Jun-1992,0.61
01-Jun-1992,0.63
29-May-1992,0.63
28-May-1992,0.63
27-May-1992,0.64
26-May-1992,0.64
22-May-1992,0.64
21-May-1992,0.64
20-May-1992,0.64
19-May-1992,0.65
18-May-1992,0.65
15-May-1992,0.65
14-May-1992,0.62
13-May-1992,0.63
12-May-1992,0.62
11-May-1992,0.61
08-May-1992,0.60
07-May-1992,0.60
06-May-1992,0.58
05-May-1992,0.59
04-May-1992,0.60
01-May-1992,0.61
30-Apr-1992,0.62
29-Apr-1992,0.63
28-Apr-1992,0.64
27-Apr-1992,0.64
24-Apr-1992,0.65
23-Apr-1992,0.65
22-Apr-1992,0.63
21-Apr-1992,0.64
20-Apr-1992,0.64
16-Apr-1992,0.63
15-Apr-1992,0.65
14-Apr-1992,0.66
13-Apr-1992,0.66
10-Apr-1992,0.69
09-Apr-1992,0.70
08-Apr-1992,0.71
07-Apr-1992,0.70
06-Apr-1992,0.72
03-Apr-1992,0.71
02-Apr-1992,0.70
01-Apr-1992,0.69
31-Mar-1992,0.69
30-Mar-1992,0.68
27-Mar-1992,0.70
26-Mar-1992,0.71
25-Mar-1992,0.71
24-Mar-1992,0.74
23-Mar-1992,0.74
20-Mar-1992,0.74
19-Mar-1992,0.74
18-Mar-1992,0.74
17-Mar-1992,0.72
16-Mar-1992,0.73
13-Mar-1992,0.74
12-Mar-1992,0.73
11-Mar-1992,0.72
10-Mar-1992,0.70
09-Mar-1992,0.70
06-Mar-1992,0.70
05-Mar-1992,0.67
04-Mar-1992,0.69
03-Mar-1992,0.72
02-Mar-1992,0.70
28-Feb-1992,0.70
27-Feb-1992,0.68
26-Feb-1992,0.68
25-Feb-1992,0.66
24-Feb-1992,0.65
21-Feb-1992,0.67
20-Feb-1992,0.69
19-Feb-1992,0.67
18-Feb-1992,0.67
14-Feb-1992,0.69
13-Feb-1992,0.69
12-Feb-1992,0.71
11-Feb-1992,0.71
10-Feb-1992,0.70
07-Feb-1992,0.70
06-Feb-1992,0.70
05-Feb-1992,0.69
04-Feb-1992,0.71
03-Feb-1992,0.71
31-Jan-1992,0.72
30-Jan-1992,0.75
29-Jan-1992,0.74
28-Jan-1992,0.74
27-Jan-1992,0.75
24-Jan-1992,0.76
23-Jan-1992,0.76
22-Jan-1992,0.78
21-Jan-1992,0.78
20-Jan-1992,0.79
17-Jan-1992,0.78
16-Jan-1992,0.79
15-Jan-1992,0.78
14-Jan-1992,0.78
13-Jan-1992,0.79
10-Jan-1992,0.79
09-Jan-1992,0.79
08-Jan-1992,0.79
07-Jan-1992,0.80
06-Jan-1992,0.79
03-Jan-1992,0.79
02-Jan-1992,0.79
31-Dec-1991,0.78
30-Dec-1991,0.77
27-Dec-1991,0.79
26-Dec-1991,0.78
24-Dec-1991,0.78
23-Dec-1991,0.78
20-Dec-1991,0.78
19-Dec-1991,0.78
18-Dec-1991,0.75
17-Dec-1991,0.76
16-Dec-1991,0.75
13-Dec-1991,0.76
12-Dec-1991,0.74
11-Dec-1991,0.75
10-Dec-1991,0.76
09-Dec-1991,0.76
06-Dec-1991,0.77
05-Dec-1991,0.77
04-Dec-1991,0.79
03-Dec-1991,0.81
02-Dec-1991,0.76
29-Nov-1991,0.79
27-Nov-1991,0.79
26-Nov-1991,0.78
25-Nov-1991,0.77
22-Nov-1991,0.79
21-Nov-1991,0.80
20-Nov-1991,0.80
19-Nov-1991,0.80
18-Nov-1991,0.78
15-Nov-1991,0.79
14-Nov-1991,0.79
13-Nov-1991,0.79
12-Nov-1991,0.79
11-Nov-1991,0.78
08-Nov-1991,0.79
07-Nov-1991,0.77
06-Nov-1991,0.77
05-Nov-1991,0.79
04-Nov-1991,0.79
01-Nov-1991,0.79
31-Oct-1991,0.81
30-Oct-1991,0.82
29-Oct-1991,0.83
28-Oct-1991,0.82
25-Oct-1991,0.81
24-Oct-1991,0.82
23-Oct-1991,0.82
22-Oct-1991,0.84
21-Oct-1991,0.84
18-Oct-1991,0.83
17-Oct-1991,0.83
16-Oct-1991,0.83
15-Oct-1991,0.80
14-Oct-1991,0.82
11-Oct-1991,0.82
10-Oct-1991,0.81
09-Oct-1991,0.81
08-Oct-1991,0.80
07-Oct-1991,0.80
04-Oct-1991,0.80
03-Oct-1991,0.80
02-Oct-1991,0.81
01-Oct-1991,0.81
30-Sep-1991,0.83
27-Sep-1991,0.86
26-Sep-1991,0.89
25-Sep-1991,0.91
24-Sep-1991,0.92
23-Sep-1991,0.89
20-Sep-1991,0.91
19-Sep-1991,0.90
18-Sep-1991,0.84
17-Sep-1991,0.84
16-Sep-1991,0.87
13-Sep-1991,0.88
12-Sep-1991,0.90
11-Sep-1991,0.89
10-Sep-1991,0.89
09-Sep-1991,0.90
06-Sep-1991,0.88
05-Sep-1991,0.88
04-Sep-1991,0.85
03-Sep-1991,0.86
02-Sep-1991,
30-Aug-1991,0.86
29-Aug-1991,0.85
28-Aug-1991,0.84
27-Aug-1991,0.84
26-Aug-1991,0.84
23-Aug-1991,0.83
22-Aug-1991,0.79
21-Aug-1991,0.79
20-Aug-1991,0.78
19-Aug-1991,0.79
16-Aug-1991,0.79
15-Aug-1991,0.80
14-Aug-1991,0.81
13-Aug-1991,0.79
12-Aug-1991,0.80
09-Aug-1991,0.81
08-Aug-1991,0.81
07-Aug-1991,0.82
06-Aug-1991,0.82
05-Aug-1991,0.83
02-Aug-1991,0.83
01-Aug-1991,0.83
31-Jul-1991,0.81
30-Jul-1991,0.82
29-Jul-1991,0.82
26-Jul-1991,0.82
25-Jul-1991,0.81
24-Jul-1991,0.82
23-Jul-1991,0.82
22-Jul-1991,0.83
19-Jul-1991,0.83
18-Jul-1991,0.82
17-Jul-1991,0.83
16-Jul-1991,0.82
15-Jul-1991,0.82
12-Jul-1991,0.85
11-Jul-1991,0.83
10-Jul-1991,0.83
09-Jul-1991,0.84
08-Jul-1991,0.84
05-Jul-1991,
04-Jul-1991,
03-Jul-1991,0.85
02-Jul-1991,0.85
01-Jul-1991,0.85
28-Jun-1991,0.84
27-Jun-1991,0.84
26-Jun-1991,0.87
25-Jun-1991,0.87
24-Jun-1991,0.85
21-Jun-1991,0.85
20-Jun-1991,0.84
19-Jun-1991,0.83
18-Jun-1991,0.84
17-Jun-1991,0.84
14-Jun-1991,0.84
13-Jun-1991,0.85
12-Jun-1991,0.84
11-Jun-1991,0.86
10-Jun-1991,0.86
07-Jun-1991,0.86
06-Jun-1991,0.88
05-Jun-1991,0.88
04-Jun-1991,0.87
03-Jun-1991,0.87
31-May-1991,0.87
30-May-1991,0.87
29-May-1991,0.86
28-May-1991,0.87
27-May-1991,
24-May-1991,0.87
23-May-1991,0.87
22-May-1991,0.87
21-May-1991,0.88
20-May-1991,0.89
17-May-1991,0.89
16-May-1991,0.88
15-May-1991,0.89
14-May-1991,0.88
13-May-1991,0.87
10-May-1991,0.88
09-May-1991,0.86
08-May-1991,0.87
07-May-1991,0.86
06-May-1991,0.86
03-May-1991,0.87
02-May-1991,0.87
01-May-1991,0.88
30-Apr-1991,0.87
29-Apr-1991,0.87
26-Apr-1991,0.87
25-Apr-1991,0.88
24-Apr-1991,0.88
23-Apr-1991,0.89
22-Apr-1991,0.90
19-Apr-1991,0.89
18-Apr-1991,0.91
17-Apr-1991,0.91
16-Apr-1991,0.92
15-Apr-1991,0.92
12-Apr-1991,0.92
11-Apr-1991,0.92
10-Apr-1991,0.92
09-Apr-1991,0.91
08-Apr-1991,0.93
05-Apr-1991,0.93
04-Apr-1991,0.93
03-Apr-1991,0.94
02-Apr-1991,0.94
01-Apr-1991,0.95
29-Mar-1991,
28-Mar-1991,0.95
27-Mar-1991,0.95
26-Mar-1991,0.95
25-Mar-1991,0.93
22-Mar-1991,0.93
21-Mar-1991,0.95
20-Mar-1991,0.94
19-Mar-1991,0.92
18-Mar-1991,0.93
15-Mar-1991,0.92
14-Mar-1991,0.92
13-Mar-1991,0.91
12-Mar-1991,0.89
11-Mar-1991,0.91
08-Mar-1991,0.91
07-Mar-1991,0.93
06-Mar-1991,0.94
05-Mar-1991,0.92
04-Mar-1991,0.90
01-Mar-1991,0.91
28-Feb-1991,0.90
27-Feb-1991,0.89
26-Feb-1991,0.90
25-Feb-1991,0.90
22-Feb-1991,0.90
21-Feb-1991,0.92
20-Feb-1991,0.92
19-Feb-1991,0.90
18-Feb-1991,
15-Feb-1991,0.91
14-Feb-1991,0.92
13-Feb-1991,0.91
12-Feb-1991,0.87
11-Feb-1991,0.88
08-Feb-1991,0.87
07-Feb-1991,0.84
06-Feb-1991,0.84
05-Feb-1991,0.84
04-Feb-1991,0.83
01-Feb-1991,0.82
31-Jan-1991,0.83
30-Jan-1991,0.83
29-Jan-1991,0.83
28-Jan-1991,0.83
25-Jan-1991,0.86
24-Jan-1991,0.87
23-Jan-1991,0.86
22-Jan-1991,0.87
21-Jan-1991,0.87
18-Jan-1991,0.88
17-Jan-1991,0.88
16-Jan-1991,0.87
15-Jan-1991,0.86
14-Jan-1991,0.87
11-Jan-1991,0.88
10-Jan-1991,0.90
09-Jan-1991,0.90
08-Jan-1991,0.90
07-Jan-1991,0.90
04-Jan-1991,0.89
03-Jan-1991,0.89
02-Jan-1991,0.88
01-Jan-1991,
28-Dec-1990,0.89
27-Dec-1990,0.88
26-Dec-1990,0.87
21-Dec-1990,0.89
20-Dec-1990,0.91
19-Dec-1990,0.92
18-Dec-1990,0.92
17-Dec-1990,0.93
14-Dec-1990,0.91
13-Dec-1990,0.92
12-Dec-1990,0.91
11-Dec-1990,0.91
10-Dec-1990,0.88
07-Dec-1990,0.89
06-Dec-1990,0.90
05-Dec-1990,0.88
04-Dec-1990,0.88
03-Dec-1990,0.84
30-Nov-1990,0.84
29-Nov-1990,0.85
28-Nov-1990,0.85
27-Nov-1990,0.85
26-Nov-1990,0.85
21-Nov-1990,0.82
20-Nov-1990,0.83
19-Nov-1990,0.84
16-Nov-1990,0.81
15-Nov-1990,0.82
14-Nov-1990,0.84
13-Nov-1990,0.84
12-Nov-1990,0.84
09-Nov-1990,0.84
08-Nov-1990,0.87
07-Nov-1990,0.86
06-Nov-1990,0.86
05-Nov-1990,0.86
02-Nov-1990,0.89
01-Nov-1990,0.89
31-Oct-1990,0.91
30-Oct-1990,0.92
29-Oct-1990,0.93
26-Oct-1990,0.92
25-Oct-1990,0.91
24-Oct-1990,0.92
23-Oct-1990,0.92
22-Oct-1990,0.93
19-Oct-1990,0.92
18-Oct-1990,0.93
17-Oct-1990,0.93
16-Oct-1990,0.92
15-Oct-1990,0.93
12-Oct-1990,0.93
11-Oct-1990,0.92
10-Oct-1990,0.91
09-Oct-1990,0.93
08-Oct-1990,0.94
05-Oct-1990,0.93
04-Oct-1990,0.93
03-Oct-1990,0.94
02-Oct-1990,0.94
01-Oct-1990,0.92
28-Sep-1990,0.93
27-Sep-1990,0.95
26-Sep-1990,0.94
25-Sep-1990,0.95
24-Sep-1990,0.94
21-Sep-1990,0.98
20-Sep-1990,0.97
19-Sep-1990,0.97
18-Sep-1990,0.93
17-Sep-1990,0.94
14-Sep-1990,0.92
13-Sep-1990,0.92
12-Sep-1990,0.94
11-Sep-1990,0.96
10-Sep-1990,0.95
07-Sep-1990,0.96
06-Sep-1990,0.99
05-Sep-1990,1.00
04-Sep-1990,0.98
31-Aug-1990,1.00
30-Aug-1990,1.00
29-Aug-1990,0.98
28-Aug-1990,0.98
27-Aug-1990,0.98
24-Aug-1990,1.00
23-Aug-1990,0.99
22-Aug-1990,0.95
21-Aug-1990,0.93
20-Aug-1990,0.93
17-Aug-1990,0.95
16-Aug-1990,0.94
15-Aug-1990,0.96
14-Aug-1990,0.95
13-Aug-1990,0.96
10-Aug-1990,0.94
09-Aug-1990,0.93
08-Aug-1990,0.92
07-Aug-1990,0.93
06-Aug-1990,0.92
03-Aug-1990,0.91
02-Aug-1990,0.92
01-Aug-1990,0.93
31-Jul-1990,0.94
30-Jul-1990,0.90
27-Jul-1990,0.92
26-Jul-1990,0.91
25-Jul-1990,0.89
24-Jul-1990,0.88
23-Jul-1990,0.87
20-Jul-1990,0.87
19-Jul-1990,0.86
18-Jul-1990,0.86
17-Jul-1990,0.84
16-Jul-1990,0.84
13-Jul-1990,0.83
12-Jul-1990,0.84
11-Jul-1990,0.86
10-Jul-1990,0.86
09-Jul-1990,0.84
06-Jul-1990,0.85
05-Jul-1990,0.87
03-Jul-1990,0.86
02-Jul-1990,0.84
29-Jun-1990,0.83
28-Jun-1990,0.85
27-Jun-1990,0.86
26-Jun-1990,0.85
25-Jun-1990,0.86
22-Jun-1990,0.86
21-Jun-1990,0.87
20-Jun-1990,0.86
19-Jun-1990,0.88
18-Jun-1990,0.89
15-Jun-1990,0.88
14-Jun-1990,0.87
13-Jun-1990,0.92
12-Jun-1990,0.92
11-Jun-1990,0.92
08-Jun-1990,0.93
07-Jun-1990,0.95
06-Jun-1990,0.94
05-Jun-1990,0.95
04-Jun-1990,0.93
01-Jun-1990,0.93
31-May-1990,0.94
30-May-1990,0.96
29-May-1990,0.95
25-May-1990,0.97
24-May-1990,0.97
23-May-1990,0.96
22-May-1990,0.97
21-May-1990,0.97
18-May-1990,0.94
17-May-1990,0.93
16-May-1990,0.94
15-May-1990,0.91
14-May-1990,0.90
11-May-1990,0.89
10-May-1990,0.92
09-May-1990,0.92
08-May-1990,0.92
07-May-1990,0.91
04-May-1990,0.91
03-May-1990,0.91
02-May-1990,0.91
01-May-1990,0.92
30-Apr-1990,0.92
27-Apr-1990,0.92
26-Apr-1990,0.93
25-Apr-1990,0.93
24-Apr-1990,0.96
23-Apr-1990,0.96
20-Apr-1990,0.96
19-Apr-1990,0.93
18-Apr-1990,0.93
17-Apr-1990,0.96
16-Apr-1990,0.97
12-Apr-1990,0.96
11-Apr-1990,0.95
10-Apr-1990,0.98
09-Apr-1990,0.97
06-Apr-1990,0.96
05-Apr-1990,0.97
04-Apr-1990,0.95
03-Apr-1990,0.92
02-Apr-1990,0.91
30-Mar-1990,0.92
29-Mar-1990,0.91
28-Mar-1990,0.91
27-Mar-1990,0.90
26-Mar-1990,0.91
23-Mar-1990,0.89
22-Mar-1990,0.93
21-Mar-1990,0.90
20-Mar-1990,0.88
19-Mar-1990,0.87
16-Mar-1990,0.90
15-Mar-1990,0.96
14-Mar-1990,0.94
13-Mar-1990,0.96
12-Mar-1990,0.93
09-Mar-1990,0.95
08-Mar-1990,1.03
07-Mar-1990,1.02
06-Mar-1990,1.01
05-Mar-1990,1.05
02-Mar-1990,0.99
01-Mar-1990,0.97
28-Feb-1990,0.93
27-Feb-1990,0.90
26-Feb-1990,0.91
23-Feb-1990,0.92
22-Feb-1990,0.91
21-Feb-1990,0.90
20-Feb-1990,0.87
16-Feb-1990,0.86
15-Feb-1990,0.85
14-Feb-1990,0.86
13-Feb-1990,0.87
12-Feb-1990,0.86
09-Feb-1990,0.85
08-Feb-1990,0.82
07-Feb-1990,0.82
06-Feb-1990,0.80
05-Feb-1990,0.80
02-Feb-1990,0.80
01-Feb-1990,0.81
31-Jan-1990,0.80
30-Jan-1990,0.80
29-Jan-1990,0.81
26-Jan-1990,0.82
25-Jan-1990,0.81
24-Jan-1990,0.81
23-Jan-1990,0.80
22-Jan-1990,0.81
19-Jan-1990,0.81
18-Jan-1990,0.79
17-Jan-1990,0.79
16-Jan-1990,0.78
15-Jan-1990,0.78
12-Jan-1990,0.79
11-Jan-1990,0.82
10-Jan-1990,0.83
09-Jan-1990,0.83
08-Jan-1990,0.81
05-Jan-1990,0.81
04-Jan-1990,0.82
03-Jan-1990,0.82
02-Jan-1990,0.81